library,term,overlap,p_value,adj_p_value,significant,odds_ratio,combined_score,genes
KEGG_2021_Human,Viral protein interaction with cytokine and cytokine receptor,3,0.013821757832463795,0.47825472381505957,False,6.314061005420342,27.03372337884673,CCL8;ACKR4;CX3CL1
KEGG_2021_Human,Protein digestion and absorption,3,0.014955905497468459,0.47825472381505957,False,6.123711340206185,25.73580958877293,COL11A1;COL10A1;COL4A5
KEGG_2021_Human,AMPK signaling pathway,3,0.022355620001407114,0.47825472381505957,False,5.229447528416601,19.87544374344105,PFKFB3;LEPR;IGF1
KEGG_2021_Human,PI3K-Akt signaling pathway,5,0.03251337286014516,0.47825472381505957,False,2.9484240687679084,10.10160691090638,LAMB3;ERBB4;KIT;COL4A5;IGF1
KEGG_2021_Human,Ubiquitin mediated proteolysis,3,0.03319096597217635,0.47825472381505957,False,4.4615095191511775,15.19357050372498,UBE2S;UBE2QL1;KLHL13
KEGG_2021_Human,Glycerolipid metabolism,2,0.03742130042373311,0.47825472381505957,False,6.863023175371843,22.54856700617945,GPAM;LPL
KEGG_2021_Human,Pathways in cancer,6,0.0503035852229371,0.47825472381505957,False,2.3556231003039514,7.0425567443902235,AR;GSTM3;LAMB3;KIT;COL4A5;IGF1
KEGG_2021_Human,PPAR signaling pathway,2,0.05298809449300122,0.47825472381505957,False,5.620181405895692,16.510339602462818,FABP4;LPL
KEGG_2021_Human,Taurine and hypotaurine metabolism,1,0.05365825675086383,0.47825472381505957,False,20.09090909090909,58.768318421882675,CDO1
KEGG_2021_Human,Cytokine-cytokine receptor interaction,4,0.06068711968434391,0.47825472381505957,False,2.8077033218785794,7.867251530505986,CCL8;LEPR;ACKR4;CX3CL1
KEGG_2021_Human,ECM-receptor interaction,2,0.07183435427290809,0.47825472381505957,False,4.701945894636925,12.382068798517093,LAMB3;COL4A5
KEGG_2021_Human,Small cell lung cancer,2,0.07756530306155492,0.47825472381505957,False,4.492063492063492,11.484567093173027,LAMB3;COL4A5
KEGG_2021_Human,Salivary secretion,2,0.07902008216924429,0.47825472381505957,False,4.442475891455484,11.27524039277228,CST1;MUC5B
KEGG_2021_Human,Focal adhesion,3,0.07982587600900273,0.47825472381505957,False,3.077475788815995,7.779574331724068,LAMB3;COL4A5;IGF1
KEGG_2021_Human,IL-17 signaling pathway,2,0.08048343457235077,0.47825472381505957,False,4.39396628216504,11.071493966406615,LCN2;MUC5B
KEGG_2021_Human,Nitrogen metabolism,1,0.08171463267155567,0.47825472381505957,False,12.553030303030303,31.43934295429433,CA4
KEGG_2021_Human,Phenylalanine metabolism,1,0.08171463267155567,0.47825472381505957,False,12.553030303030303,31.43934295429433,AOC3
KEGG_2021_Human,Proteoglycans in cancer,3,0.08354137607608705,0.47825472381505957,False,3.015923241808717,7.486767810376172,ERBB4;IGF1;DCN
KEGG_2021_Human,Prostate cancer,2,0.08492373600454328,0.47825472381505957,False,4.254564983888292,10.49176426482804,AR;IGF1
KEGG_2021_Human,Amoebiasis,2,0.09248468910980343,0.4947930867374483,False,4.040816326530612,9.620020610565179,LAMB3;COL4A5
KEGG_2021_Human,HIF-1 signaling pathway,2,0.1033831480896997,0.5047598134867372,False,3.7751287430860194,8.566949896272241,PFKFB3;IGF1
KEGG_2021_Human,Mismatch repair,1,0.10894729783603285,0.5047598134867372,False,9.1267217630854,20.232947516534363,EXO1
KEGG_2021_Human,Proximal tubule bicarbonate reclamation,1,0.10894729783603285,0.5047598134867372,False,9.1267217630854,20.232947516534363,CA4
KEGG_2021_Human,Vitamin digestion and absorption,1,0.11340768358102403,0.5047598134867372,False,8.729468599033817,19.002011610155247,SLC19A2
KEGG_2021_Human,Chemical carcinogenesis,3,0.11793453586138719,0.5047598134867372,False,2.576970120566137,5.508597272583688,AR;MIR29B2;GSTM3
KEGG_2021_Human,Oocyte meiosis,2,0.13623023037232268,0.5317428112345935,False,3.177406395629118,6.333870360024791,AR;IGF1
KEGG_2021_Human,beta-Alanine metabolism,1,0.13970956391884184,0.5317428112345935,False,6.921281783350749,13.622394510819323,AOC3
KEGG_2021_Human,Fructose and mannose metabolism,1,0.15256931999718407,0.5317428112345935,False,6.271464646464646,11.79120788980768,PFKFB3
KEGG_2021_Human,Tyrosine metabolism,1,0.16523874056701404,0.5317428112345935,False,5.733044733044733,10.321566994169176,AOC3
KEGG_2021_Human,Mucin type O-glycan biosynthesis,1,0.16523874056701404,0.5317428112345935,False,5.733044733044733,10.321566994169176,GALNT7
KEGG_2021_Human,Breast cancer,2,0.1674678305136682,0.5317428112345935,False,2.780436312456017,4.968539602428729,KIT;IGF1
KEGG_2021_Human,Cell adhesion molecules,2,0.16923910885893756,0.5317428112345935,False,2.761252446183953,4.905206802489739,CLDN3;CDH3
KEGG_2021_Human,Aldosterone-regulated sodium reabsorption,1,0.16942006718012562,0.5317428112345935,False,5.57351290684624,9.895070145641316,IGF1
KEGG_2021_Human,"Glycine, serine and threonine metabolism",1,0.18184003844564067,0.5317428112345935,False,5.144004144004144,8.768612919919887,AOC3
KEGG_2021_Human,MAPK signaling pathway,3,0.18233463421580023,0.5317428112345935,False,2.08406844510575,3.5469003257231084,ERBB4;KIT;IGF1
KEGG_2021_Human,Fatty acid degradation,1,0.19407611900781976,0.5317428112345935,False,4.775853775853776,7.830035336967146,ACADSB
KEGG_2021_Human,ABC transporters,1,0.20213267727917436,0.5317428112345935,False,4.558310376492194,7.287967841732019,ABCA8
KEGG_2021_Human,Tight junction,2,0.20707400097368484,0.5317428112345935,False,2.4114627887082976,3.7972799500547754,CLDN3;CGNL1
KEGG_2021_Human,Other types of O-glycan biosynthesis,1,0.2101094941683413,0.5317428112345935,False,4.359683794466403,6.801658146757973,GALNT7
KEGG_2021_Human,"Valine, leucine and isoleucine degradation",1,0.2140682440880332,0.5317428112345935,False,4.266709649688373,6.576964036635908,ACADSB
KEGG_2021_Human,Sphingolipid metabolism,1,0.21800735103248006,0.5317428112345935,False,4.177609427609427,6.363445371866637,UGCG
KEGG_2021_Human,Cholesterol metabolism,1,0.22192691156038513,0.5317428112345935,False,4.092145949288806,6.1603458876211565,LPL
KEGG_2021_Human,Cysteine and methionine metabolism,1,0.22192691156038513,0.5317428112345935,False,4.092145949288806,6.1603458876211565,CDO1
KEGG_2021_Human,Ovarian steroidogenesis,1,0.22582702165646545,0.5317428112345935,False,4.01010101010101,5.966974015935645,IGF1
KEGG_2021_Human,Human papillomavirus infection,3,0.22994353717823365,0.5317428112345935,False,1.8454865476489817,2.712720337235142,HES6;LAMB3;COL4A5
KEGG_2021_Human,Axon guidance,2,0.23093197213814357,0.5317428112345935,False,2.235827664399093,3.276900805609977,DPYSL2;SEMA3G
KEGG_2021_Human,Endocrine and other factor-regulated calcium reabsorption,1,0.23356927222454107,0.5317428112345935,False,3.8554778554778553,5.606931137649977,CLTC
KEGG_2021_Human,Regulation of lipolysis in adipocytes,1,0.2412348616553018,0.5337341601849294,False,3.7123082678638233,5.278844037828421,FABP4
KEGG_2021_Human,Glutathione metabolism,1,0.24882454141300062,0.5337341601849294,False,3.5793650793650795,4.978922896997587,GSTM3
KEGG_2021_Human,Chemokine signaling pathway,2,0.24940848606772398,0.5337341601849294,False,2.117078410311493,2.939908923064224,CCL8;CX3CL1
KEGG_2021_Human,Long-term depression,1,0.26006835626766184,0.5456336102086239,False,3.396849854476973,4.574913980988086,IGF1
KEGG_2021_Human,Rap1 signaling pathway,2,0.2827567896449933,0.5593616468387206,False,1.9321036106750393,2.4405717461767877,KIT;IGF1
KEGG_2021_Human,Acute myeloid leukemia,1,0.28566008980872587,0.5593616468387206,False,3.0355065809611266,3.8033460819667058,KIT
KEGG_2021_Human,Adipocytokine signaling pathway,1,0.2928096888806698,0.5593616468387206,False,2.9459298871063577,3.6182865561027495,LEPR
KEGG_2021_Human,Central carbon metabolism in cancer,1,0.29635787620352466,0.5593616468387206,False,2.9030888596105986,3.530700422312052,KIT
KEGG_2021_Human,Melanoma,1,0.30340146185965494,0.5593616468387206,False,2.821027173139849,3.3646345783285243,IGF1
KEGG_2021_Human,p53 signaling pathway,1,0.30689703311188365,0.5593616468387206,False,2.781705948372615,3.2858706369655613,IGF1
KEGG_2021_Human,Glioma,1,0.31383616164844547,0.5593616468387206,False,2.7062517062517064,3.1362323637249645,IGF1
KEGG_2021_Human,Metabolism of xenobiotics by cytochrome P450,1,0.31727988935066437,0.5593616468387206,False,2.67003367003367,3.0651211233087037,GSTM3
KEGG_2021_Human,Bacterial invasion of epithelial cells,1,0.3207065055587057,0.5593616468387206,False,2.6347687400318978,2.996335121708695,CLTC
KEGG_2021_Human,Ras signaling pathway,2,0.3233415604981886,0.5593616468387206,False,1.7453416149068324,1.9705710590679104,KIT;IGF1
KEGG_2021_Human,Synaptic vesicle cycle,1,0.32411609442991285,0.5593616468387206,False,2.600419782237964,2.929772078325152,CLTC
KEGG_2021_Human,Calcium signaling pathway,2,0.3379769099553644,0.574024275638476,False,1.6859886811867604,1.8289229230858013,OXTR;ERBB4
KEGG_2021_Human,ErbB signaling pathway,1,0.34751343686607217,0.5798963937338061,False,2.382876382876383,2.5185858334956643,ERBB4
KEGG_2021_Human,Hypertrophic cardiomyopathy,1,0.3637331156781473,0.5798963937338061,False,2.2484394506866416,2.2739252396942655,IGF1
KEGG_2021_Human,TGF-beta signaling pathway,1,0.3764209201158763,0.5798963937338061,False,2.1512979254914737,2.101919815261755,DCN
KEGG_2021_Human,Dilated cardiomyopathy,1,0.38267056588073545,0.5798963937338061,False,2.105794790005316,2.022786046627892,IGF1
KEGG_2021_Human,Glycerophospholipid metabolism,1,0.38885819639751296,0.5798963937338061,False,2.062168072477351,1.947801335478516,GPAM
KEGG_2021_Human,Inflammatory mediator regulation of TRP channels,1,0.38885819639751296,0.5798963937338061,False,2.062168072477351,1.947801335478516,IGF1
KEGG_2021_Human,Hematopoietic cell lineage,1,0.39192894652386845,0.5798963937338061,False,2.0410224695938983,1.9117741389719494,KIT
KEGG_2021_Human,AGE-RAGE signaling pathway in diabetic complications,1,0.394984420817951,0.5798963937338061,False,2.020304050607081,1.8766785261005494,COL4A5
KEGG_2021_Human,Progesterone-mediated oocyte maturation,1,0.394984420817951,0.5798963937338061,False,2.020304050607081,1.8766785261005494,IGF1
KEGG_2021_Human,Melanogenesis,1,0.3980246944821334,0.5798963937338061,False,2.0,1.8424824583699577,KIT
KEGG_2021_Human,Longevity regulating pathway,1,0.40104984239534247,0.5798963937338061,False,1.9800980098009802,1.8091552855878605,IGF1
KEGG_2021_Human,C-type lectin receptor signaling pathway,1,0.4070550586365517,0.5807318836548139,False,1.9414533686378346,1.7449915352070269,EGR3
KEGG_2021_Human,Drug metabolism,1,0.41888723576300985,0.5897491345610797,False,1.8684980647597471,1.6258801725332535,GSTM3
KEGG_2021_Human,TNF signaling pathway,1,0.43048561638067023,0.5905379609324579,False,1.8008008008008007,1.5177894088208939,CX3CL1
KEGG_2021_Human,Toxoplasmosis,1,0.43048561638067023,0.5905379609324579,False,1.8008008008008007,1.5177894088208939,LAMB3
KEGG_2021_Human,Leukocyte transendothelial migration,1,0.43619856583371813,0.5908005891671878,False,1.768749441315813,1.4674566165007243,CLDN3
KEGG_2021_Human,"Growth hormone synthesis, secretion and action",1,0.45023391713708705,0.6021878641708539,False,1.6933744221879816,1.3512924945163796,IGF1
KEGG_2021_Human,Lysosome,1,0.47463133363816096,0.6220479247813105,False,1.572655690765927,1.171969623816576,CLTC
KEGG_2021_Human,Relaxin signaling pathway,1,0.47727509120180356,0.6220479247813105,False,1.560290404040404,1.1540879003160078,COL4A5
KEGG_2021_Human,FoxO signaling pathway,1,0.4825231566060633,0.6220479247813105,False,1.5361305361305362,1.1194188238932659,IGF1
KEGG_2021_Human,Fluid shear stress and atherosclerosis,1,0.502998845735877,0.6346059464160344,False,1.4464939247547943,0.993983474661611,GSTM3
KEGG_2021_Human,Neuroactive ligand-receptor interaction,2,0.5107231568804805,0.6346059464160344,False,1.1775931611582686,0.7912573500209998,OXTR;LEPR
KEGG_2021_Human,Signaling pathways regulating pluripotency of stem cells,1,0.5129338125908852,0.6346059464160344,False,1.4054630815194196,0.9382990468495095,IGF1
KEGG_2021_Human,Phospholipase D signaling pathway,1,0.5250764322021929,0.6346059464160344,False,1.3573146430289287,0.874397623216168,KIT
KEGG_2021_Human,mTOR signaling pathway,1,0.5392525329667543,0.6346059464160344,False,1.3036904997689311,0.8051218322041944,IGF1
KEGG_2021_Human,Oxytocin signaling pathway,1,0.5392525329667543,0.6346059464160344,False,1.3036904997689311,0.8051218322041944,OXTR
KEGG_2021_Human,Non-alcoholic fatty liver disease,1,0.5415741406288901,0.6346059464160344,False,1.295159386068477,0.7942892672270463,LEPR
KEGG_2021_Human,Cellular senescence,1,0.5438841666005395,0.6346059464160344,False,1.2867383512544803,0.7836480831514409,MYBL2
KEGG_2021_Human,Hepatitis C,1,0.5461826679773242,0.6346059464160344,False,1.2784252784252785,0.7731939126941498,CLDN3
KEGG_2021_Human,Hepatitis B,1,0.557504289374834,0.6346059464160344,False,1.238408934061108,0.7235838652550021,EGR3
KEGG_2021_Human,JAK-STAT signaling pathway,1,0.557504289374834,0.6346059464160344,False,1.238408934061108,0.7235838652550021,LEPR
KEGG_2021_Human,Hepatocellular carcinoma,1,0.5707216454532212,0.642812800668365,False,1.1935522893606727,0.6694081869063938,GSTM3
KEGG_2021_Human,NOD-like receptor signaling pathway,1,0.5980332540921672,0.666557897790228,False,1.10662177328844,0.5689241221993853,CARD6
KEGG_2021_Human,Transcriptional misregulation in cancer,1,0.6197942035221659,0.6836905131636263,False,1.042307895711037,0.4986065202419767,IGF1
KEGG_2021_Human,Pathogenic Escherichia coli infection,1,0.6292959845517696,0.685215415626703,False,1.015460729746444,0.47031426145259675,CLDN3
KEGG_2021_Human,Viral carcinogenesis,1,0.6403882389034606,0.685215415626703,False,0.984998499849985,0.43899478472648823,EGR3
KEGG_2021_Human,Diabetic cardiomyopathy,1,0.6403882389034606,0.685215415626703,False,0.984998499849985,0.43899478472648823,PDK4
KEGG_2021_Human,cAMP signaling pathway,1,0.6633067349218524,0.7027110954122595,False,0.9248296922715528,0.3796590033348701,OXTR
KEGG_2021_Human,Human cytomegalovirus infection,1,0.6783202133943429,0.7115712042470068,False,0.8872655122655123,0.34437951952508805,CX3CL1
KEGG_2021_Human,Endocytosis,1,0.7194969722870609,0.7474386022787914,False,0.7907360457161254,0.2603126474157279,CLTC
KEGG_2021_Human,Huntington disease,1,0.7868328435807778,0.8061989980421391,False,0.6489485014075178,0.15557855687003125,CLTC
KEGG_2021_Human,MicroRNAs in cancer,1,0.7911298578918188,0.8061989980421391,False,0.6404171161452715,0.15004534692648108,MIR29B2
KEGG_2021_Human,Amyotrophic lateral sclerosis,1,0.8413986443361361,0.8453966150669691,False,0.5436458246375602,0.0938820447069887,ERBB4
KEGG_2021_Human,Alzheimer disease,1,0.8453966150669691,0.8453966150669691,False,0.5361220904699165,0.09004138063333994,LPL
GO_Biological_Process_2023,Regulation Of Insulin-Like Growth Factor Receptor Signaling Pathway,3,0.0001108806349755567,0.08648689528093423,False,38.43556701030928,350.03487252570744,CDH3;IGF1;IGFBP6
GO_Biological_Process_2023,Extracellular Matrix Organization,6,0.00025651690320235,0.08834217166919998,False,7.4080100125156445,61.2517676857547,CCDC80;COL11A1;DPT;COL10A1;COL4A5;GPM6B
GO_Biological_Process_2023,Cellular Response To Leptin Stimulus,2,0.0005113327792346296,0.08834217166919998,False,81.20408163265306,615.4043164173056,UGCG;LEPR
GO_Biological_Process_2023,Detection Of Mechanical Stimulus Involved In Sensory Perception Of Sound,2,0.0006795551666861537,0.08834217166919998,False,67.66666666666667,493.5655481733249,COL11A1;KIT
GO_Biological_Process_2023,Lactation,2,0.0006795551666861537,0.08834217166919998,False,67.66666666666667,493.5655481733249,OXTR;ERBB4
GO_Biological_Process_2023,Leptin-Mediated Signaling Pathway,2,0.0006795551666861537,0.08834217166919998,False,67.66666666666667,493.5655481733249,UGCG;LEPR
GO_Biological_Process_2023,Regulation Of Cold-Induced Thermogenesis,5,0.0008353149776740236,0.09307795465510549,False,7.375513251213139,52.27543770183888,OXTR;FABP4;LCN2;LEPR;ZNF423
GO_Biological_Process_2023,Regulation Of Cell-Substrate Adhesion,3,0.0013842585226956834,0.11041712971965359,False,14.980387226552677,98.60975682160374,CCDC80;FBLN2;CX3CL1
GO_Biological_Process_2023,Positive Regulation Of Cold-Induced Thermogenesis,4,0.001483293475228356,0.11041712971965359,False,8.779255319148936,57.18359473531712,OXTR;FABP4;LEPR;LCN2
GO_Biological_Process_2023,Negative Regulation Of Neuroinflammatory Response,2,0.0018624280503563755,0.11041712971965359,False,36.89981447124304,231.94759321375395,IGF1;CX3CL1
GO_Biological_Process_2023,Body Fluid Secretion,2,0.0018624280503563755,0.11041712971965359,False,36.89981447124304,231.94759321375395,OXTR;ERBB4
GO_Biological_Process_2023,Cell Chemotaxis,3,0.0020046761378758565,0.11041712971965359,False,13.064049133581927,81.15743654844592,EGR3;KIT;CX3CL1
GO_Biological_Process_2023,Positive Regulation Of Metabolic Process,4,0.0021185340006459876,0.11041712971965359,False,7.931089743589744,48.83196492833459,OXTR;FABP4;LCN2;LEPR
GO_Biological_Process_2023,Detection Of Mechanical Stimulus Involved In Sensory Perception,2,0.0021657651600423137,0.11041712971965359,False,33.82312925170068,207.5042741698455,COL11A1;KIT
GO_Biological_Process_2023,Extracellular Structure Organization,4,0.0021909058335320935,0.11041712971965359,False,7.85515873015873,48.10059473035339,CCDC80;COL11A1;COL10A1;COL4A5
GO_Biological_Process_2023,External Encapsulating Structure Organization,4,0.0022649667634800736,0.11041712971965359,False,7.78066037735849,47.385740437229956,CCDC80;COL11A1;COL10A1;COL4A5
GO_Biological_Process_2023,Regulation Of Smooth Muscle Cell Proliferation,3,0.0025005948185040003,0.11419812634483507,False,12.036992116434202,72.11634792982616,OGN;IGF1;CX3CL1
GO_Biological_Process_2023,Positive Regulation Of Tyrosine Phosphorylation Of STAT Protein,3,0.0026353413771885016,0.11419812634483507,False,11.804916732751785,70.10636130554923,ERBB4;KIT;IGF1
GO_Biological_Process_2023,Positive Regulation Of Cardiac Muscle Tissue Growth,2,0.0028374149918175937,0.11648335229566964,False,28.988338192419825,170.01259891772904,ERBB4;IGF1
GO_Biological_Process_2023,Regulation Of Tyrosine Phosphorylation Of STAT Protein,3,0.00423252222637027,0.1650683668284405,False,9.895909544396408,54.0807220421003,ERBB4;KIT;IGF1
GO_Biological_Process_2023,Positive Regulation Of MAPK Cascade,6,0.004659390151582278,0.16910576055527266,False,4.114501679731243,22.090227547016333,CCL8;ERBB4;KIT;IGFBP6;IGF1;CX3CL1
GO_Biological_Process_2023,Positive Regulation Of Phosphatidylinositol 3-Kinase Signaling,3,0.005004400960297444,0.16910576055527266,False,9.294283036551077,49.23588406625014,KIT;IGF1;DCN
GO_Biological_Process_2023,Mammary Gland Development,2,0.005356496957732583,0.16910576055527266,False,20.285714285714285,106.08302856731788,OXTR;ERBB4
GO_Biological_Process_2023,Negative Regulation Of Axonogenesis,2,0.005356496957732583,0.16910576055527266,False,20.285714285714285,106.08302856731788,MAP2;SEMA3G
GO_Biological_Process_2023,Positive Regulation Of Cell-Substrate Adhesion,3,0.005420056428053611,0.16910576055527266,False,9.020012128562765,47.06325773617709,CCDC80;FBLN2;CX3CL1
GO_Biological_Process_2023,Regulation Of Cell Migration,7,0.006127628150867746,0.17354346259290823,False,3.4325753569539925,17.48879133207988,CLDN3;ERBB4;KIT;SEMA3G;KRT5;IGF1;CX3CL1
GO_Biological_Process_2023,Eosinophil Chemotaxis,2,0.006358547360763446,0.17354346259290823,False,18.43970315398887,93.26719485343038,CCL8;CX3CL1
GO_Biological_Process_2023,Eosinophil Migration,2,0.006358547360763446,0.17354346259290823,False,18.43970315398887,93.26719485343038,CCL8;CX3CL1
GO_Biological_Process_2023,Inflammatory Response,5,0.00666015084558481,0.17354346259290823,False,4.481430849851902,22.459197756418686,AOC3;CCL8;KIT;CDO1;CX3CL1
GO_Biological_Process_2023,Skeletal System Development,4,0.006674748561265701,0.17354346259290823,False,5.676724137931035,28.43711668542506,OGN;COL10A1;IGF1;PITX1
GO_Biological_Process_2023,Negative Regulation Of Interleukin-1 Beta Production,2,0.0074389947886241,0.18717470758473542,False,16.901360544217688,82.83389842043363,IGF1;CX3CL1
GO_Biological_Process_2023,Epidermis Development,3,0.008907727513708056,0.20944902570124477,False,7.474729695750566,35.28697392743489,UGCG;LAMB3;KRT5
GO_Biological_Process_2023,Regulation Of Neuron Migration,2,0.009203097475114358,0.20944902570124477,False,15.02116402116402,70.4224490277819,SRGAP2C;CX3CL1
GO_Biological_Process_2023,Cytokine-Mediated Signaling Pathway,5,0.009433553102824909,0.20944902570124477,False,4.10359231411863,19.137030805133183,UGCG;CCL8;KIT;LEPR;CX3CL1
GO_Biological_Process_2023,Negative Regulation Of Interleukin-1 Production,2,0.009828577820710147,0.20944902570124477,False,14.48396501457726,66.95156387938638,IGF1;CX3CL1
GO_Biological_Process_2023,Negative Regulation Of Axon Extension,2,0.009828577820710147,0.20944902570124477,False,14.48396501457726,66.95156387938638,MAP2;SEMA3G
GO_Biological_Process_2023,Regulation Of Phosphatidylinositol 3-Kinase Signaling,3,0.010407203415041762,0.20944902570124477,False,7.043370067543548,32.15479504350625,KIT;IGF1;DCN
GO_Biological_Process_2023,Negative Regulation Of Developmental Growth,2,0.010472451285062238,0.20944902570124477,False,13.983814215341308,63.75230908786907,MAP2;SEMA3G
GO_Biological_Process_2023,Endodermal Cell Differentiation,2,0.010472451285062238,0.20944902570124477,False,13.983814215341308,63.75230908786907,LAMB3;COL11A1
GO_Biological_Process_2023,Mesenchymal Cell Migration,2,0.011134522122224879,0.21712318138338513,False,13.517006802721088,60.79550767481704,ERBB4;SEMA3G
GO_Biological_Process_2023,Positive Regulation Of Cell Migration,5,0.011844924708788306,0.22534247006963118,False,3.8700965897890796,17.167190395716204,SRGAP2C;CLDN3;KIT;SEMA3G;IGF1
GO_Biological_Process_2023,Positive Regulation Of ERK1 And ERK2 Cascade,4,0.01250263079178256,0.22928504338563796,False,4.696428571428571,20.578886765787093,CCL8;ERBB4;IGF1;CX3CL1
GO_Biological_Process_2023,Monocarboxylic Acid Metabolic Process,3,0.012738546663725812,0.22928504338563796,False,6.516560649265189,28.432553772777887,GPAM;IGF1;ACADSB
GO_Biological_Process_2023,Endoderm Formation,2,0.013227983272248344,0.22928504338563796,False,12.286332714904143,53.14355844722063,LAMB3;SOX7
GO_Biological_Process_2023,Regulation Of Axon Extension,2,0.013227983272248344,0.22928504338563796,False,12.286332714904143,53.14355844722063,MAP2;SEMA3G
GO_Biological_Process_2023,Neural Crest Cell Migration,2,0.013960915236479575,0.23375638795465722,False,11.92436974789916,50.93486932982207,ERBB4;SEMA3G
GO_Biological_Process_2023,Positive Regulation Of Receptor Signaling Pathway Via JAK-STAT,2,0.014711087587821891,0.23375638795465722,False,11.583090379008746,48.87083992538764,ERBB4;KIT
GO_Biological_Process_2023,Positive Regulation Of Receptor Signaling Pathway Via STAT,2,0.014711087587821891,0.23375638795465722,False,11.583090379008746,48.87083992538764,ERBB4;KIT
GO_Biological_Process_2023,Retina Homeostasis,2,0.016262406432153827,0.23375638795465722,False,10.955874241588527,45.126141525786544,CDH3;ZG16B
GO_Biological_Process_2023,Lipid Transport,3,0.016960075344073944,0.23375638795465722,False,5.830633284241531,23.77086922419914,UGCG;FABP4;ABCA8
GO_Biological_Process_2023,Endothelial Cell Migration,2,0.017063182912830144,0.23375638795465722,False,10.66702470461869,43.42366746060685,EGR3;S100P
GO_Biological_Process_2023,Lymphocyte Migration,2,0.017880459748112743,0.23375638795465722,False,10.392987964416536,41.82186992516352,CCL8;CX3CL1
GO_Biological_Process_2023,Collagen Fibril Organization,2,0.01871405540009226,0.23375638795465722,False,10.13265306122449,40.31256172341721,COL11A1;DPT
GO_Biological_Process_2023,Monocyte Chemotaxis,2,0.01871405540009226,0.23375638795465722,False,10.13265306122449,40.31256172341721,CCL8;CX3CL1
GO_Biological_Process_2023,Regulation Of MAPK Cascade,4,0.019283770321589667,0.23375638795465722,False,4.104166666666667,16.205267004279168,KIT;IGFBP6;IGF1;CX3CL1
GO_Biological_Process_2023,Regulation Of Canonical Wnt Signaling Pathway,4,0.020223844851703664,0.23375638795465722,False,4.042898193760263,15.770912991022989,CDH3;IGFBP6;SOX7;ANKRD6
GO_Biological_Process_2023,Neural Crest Cell Development,2,0.020429483861515323,0.23375638795465722,False,9.649173955296405,37.54277574025534,ERBB4;SEMA3G
GO_Biological_Process_2023,Regulation Of Transport,2,0.020429483861515323,0.23375638795465722,False,9.649173955296405,37.54277574025534,CLDN3;LEPR
GO_Biological_Process_2023,Lymphocyte Chemotaxis,2,0.020429483861515323,0.23375638795465722,False,9.649173955296405,37.54277574025534,CCL8;CX3CL1
GO_Biological_Process_2023,Mitotic Nuclear Division,2,0.02131096041448218,0.23375638795465722,False,9.424299952539155,36.26973658038426,KIFC1;UBE2S
GO_Biological_Process_2023,T Cell Differentiation,2,0.0222080432575084,0.23375638795465722,False,9.20964749536178,35.063897787087264,KIT;LEPR
GO_Biological_Process_2023,Regulation Of Nervous System Development,2,0.0222080432575084,0.23375638795465722,False,9.20964749536178,35.063897787087264,HES6;CX3CL1
GO_Biological_Process_2023,Positive Regulation Of Cell-Cell Adhesion,2,0.0222080432575084,0.23375638795465722,False,9.20964749536178,35.063897787087264,FOXA1;CX3CL1
GO_Biological_Process_2023,Epithelial Cell Migration,2,0.0222080432575084,0.23375638795465722,False,9.20964749536178,35.063897787087264,KIT;S100P
GO_Biological_Process_2023,Negative Regulation Of Tumor Necrosis Factor Production,2,0.02312055761715071,0.23375638795465722,False,9.004535147392291,33.92038210413699,IGF1;CX3CL1
GO_Biological_Process_2023,Positive Regulation Of Smooth Muscle Cell Proliferation,2,0.02312055761715071,0.23375638795465722,False,9.004535147392291,33.92038210413699,IGF1;CX3CL1
GO_Biological_Process_2023,Positive Regulation Of Epithelial Cell Proliferation,3,0.023834200469483275,0.23375638795465722,False,5.097938144329897,19.049127650459432,CDH3;EGR3;IGF1
GO_Biological_Process_2023,Negative Regulation Of Neuron Migration,1,0.024753528718293626,0.23375638795465722,False,50.24242424242424,185.83603697375267,CX3CL1
GO_Biological_Process_2023,Regulation Of Hyaluronan Biosynthetic Process,1,0.024753528718293626,0.23375638795465722,False,50.24242424242424,185.83603697375267,CLTC
GO_Biological_Process_2023,Cell Junction Disassembly,1,0.024753528718293626,0.23375638795465722,False,50.24242424242424,185.83603697375267,CX3CL1
GO_Biological_Process_2023,Positive Regulation Of I-kappaB Phosphorylation,1,0.024753528718293626,0.23375638795465722,False,50.24242424242424,185.83603697375267,CX3CL1
GO_Biological_Process_2023,Thiamine-Containing Compound Metabolic Process,1,0.024753528718293626,0.23375638795465722,False,50.24242424242424,185.83603697375267,SLC19A2
GO_Biological_Process_2023,Positive Regulation Of Microglial Cell Migration,1,0.024753528718293626,0.23375638795465722,False,50.24242424242424,185.83603697375267,CX3CL1
GO_Biological_Process_2023,Iron Coordination Entity Transport,1,0.024753528718293626,0.23375638795465722,False,50.24242424242424,185.83603697375267,LCN2
GO_Biological_Process_2023,Positive Regulation Of Vascular Associated Smooth Muscle Cell Differentiation,1,0.024753528718293626,0.23375638795465722,False,50.24242424242424,185.83603697375267,KIT
GO_Biological_Process_2023,Negative Regulation Of Cell Growth,3,0.02484876306512575,0.23375638795465722,False,5.0138583741761025,18.525942480944295,MAP2;SEMA3G;SCGB3A1
GO_Biological_Process_2023,Positive Regulation Of Cell Motility,4,0.024982333969039535,0.23375638795465722,False,3.779377880184332,13.944341019855882,CLDN3;KIT;SEMA3G;IGF1
GO_Biological_Process_2023,Negative Regulation Of Tumor Necrosis Factor Superfamily Cytokine Production,2,0.024991188433223118,0.23375638795465722,False,8.620495006513243,31.803005852102093,IGF1;CX3CL1
GO_Biological_Process_2023,Positive Regulation Of Peptidyl-Tyrosine Phosphorylation,3,0.027486009704557734,0.23375638795465722,False,4.81524474389155,17.306365881326172,ERBB4;KIT;IGF1
GO_Biological_Process_2023,Regulation Of Cell Development,2,0.02790857758050539,0.23375638795465722,False,8.10204081632653,28.995755414400413,HES6;CX3CL1
GO_Biological_Process_2023,Regulation Of Receptor Signaling Pathway Via JAK-STAT,2,0.028910084539220875,0.23375638795465722,False,7.942777110844338,28.145745374205482,ERBB4;KIT
GO_Biological_Process_2023,Negative Regulation Of Dendritic Spine Development,1,0.029630963394411815,0.23375638795465722,False,40.19191919191919,141.432767389918,SRGAP2C
GO_Biological_Process_2023,Negative Regulation Of Smooth Muscle Cell Apoptotic Process,1,0.029630963394411815,0.23375638795465722,False,40.19191919191919,141.432767389918,IGF1
GO_Biological_Process_2023,Regulation Of Microglial Cell Migration,1,0.029630963394411815,0.23375638795465722,False,40.19191919191919,141.432767389918,CX3CL1
GO_Biological_Process_2023,Regulation Of Microtubule Binding,1,0.029630963394411815,0.23375638795465722,False,40.19191919191919,141.432767389918,MAP2
GO_Biological_Process_2023,Nucleobase Catabolic Process,1,0.029630963394411815,0.23375638795465722,False,40.19191919191919,141.432767389918,DPYSL2
GO_Biological_Process_2023,Regulation Of Transforming Growth Factor Beta2 Production,1,0.029630963394411815,0.23375638795465722,False,40.19191919191919,141.432767389918,CDH3
GO_Biological_Process_2023,Regulation Of Vascular Associated Smooth Muscle Cell Apoptotic Process,1,0.029630963394411815,0.23375638795465722,False,40.19191919191919,141.432767389918,IGF1
GO_Biological_Process_2023,Regulation Of Vascular Associated Smooth Muscle Cell Differentiation,1,0.029630963394411815,0.23375638795465722,False,40.19191919191919,141.432767389918,KIT
GO_Biological_Process_2023,Synaptic Signaling,1,0.029630963394411815,0.23375638795465722,False,40.19191919191919,141.432767389918,DPYSL2
GO_Biological_Process_2023,Free Ubiquitin Chain Polymerization,1,0.029630963394411815,0.23375638795465722,False,40.19191919191919,141.432767389918,UBE2S
GO_Biological_Process_2023,Positive Regulation Of Membrane Depolarization,1,0.029630963394411815,0.23375638795465722,False,40.19191919191919,141.432767389918,DCN
GO_Biological_Process_2023,Glycerol-3-Phosphate Metabolic Process,1,0.029630963394411815,0.23375638795465722,False,40.19191919191919,141.432767389918,GPAM
GO_Biological_Process_2023,Glycosylceramide Biosynthetic Process,1,0.029630963394411815,0.23375638795465722,False,40.19191919191919,141.432767389918,UGCG
GO_Biological_Process_2023,Regulation Of I-kappaB Phosphorylation,1,0.029630963394411815,0.23375638795465722,False,40.19191919191919,141.432767389918,CX3CL1
GO_Biological_Process_2023,ERBB Signaling Pathway,2,0.02992583628203801,0.23375638795465722,False,7.789638932496075,27.334100710931292,EFEMP1;ERBB4
GO_Biological_Process_2023,Peptidyl-Tyrosine Modification,2,0.02992583628203801,0.23375638795465722,False,7.789638932496075,27.334100710931292,EFEMP1;ERBB4
GO_Biological_Process_2023,Chemokine-Mediated Signaling Pathway,2,0.03305692249429009,0.23375638795465722,False,7.363636363636363,25.106496966632545,CCL8;CX3CL1
GO_Biological_Process_2023,Muscle Organ Development,2,0.0341280219187038,0.23375638795465722,False,7.2317784256559765,24.426318589638807,EGR3;IGF1
GO_Biological_Process_2023,Regulation Of ERK1 And ERK2 Cascade,4,0.03416053499122491,0.23375638795465722,False,3.4131944444444446,11.525279918813723,CCL8;ERBB4;IGF1;CX3CL1
GO_Biological_Process_2023,Negative Regulation Of Microglial Cell Activation,1,0.03448424920041465,0.23375638795465722,False,33.49158249158249,112.77461836050252,CX3CL1
GO_Biological_Process_2023,Axon Ensheathment In Central Nervous System,1,0.03448424920041465,0.23375638795465722,False,33.49158249158249,112.77461836050252,GPM6B
GO_Biological_Process_2023,Diacylglycerol Biosynthetic Process,1,0.03448424920041465,0.23375638795465722,False,33.49158249158249,112.77461836050252,GPAM
GO_Biological_Process_2023,Positive Regulation Of Glial Cell Migration,1,0.03448424920041465,0.23375638795465722,False,33.49158249158249,112.77461836050252,CX3CL1
GO_Biological_Process_2023,Positive Regulation Of Insulin-Like Growth Factor Receptor Signaling Pathway,1,0.03448424920041465,0.23375638795465722,False,33.49158249158249,112.77461836050252,IGF1
GO_Biological_Process_2023,Sulfur Amino Acid Biosynthetic Process,1,0.03448424920041465,0.23375638795465722,False,33.49158249158249,112.77461836050252,CDO1
GO_Biological_Process_2023,Taurine Metabolic Process,1,0.03448424920041465,0.23375638795465722,False,33.49158249158249,112.77461836050252,CDO1
GO_Biological_Process_2023,Positive Regulation Of Melanin Biosynthetic Process,1,0.03448424920041465,0.23375638795465722,False,33.49158249158249,112.77461836050252,CDH3
GO_Biological_Process_2023,Positive Regulation Of Plasminogen Activation,1,0.03448424920041465,0.23375638795465722,False,33.49158249158249,112.77461836050252,CLEC3B
GO_Biological_Process_2023,Positive Regulation Of Secondary Metabolite Biosynthetic Process,1,0.03448424920041465,0.23375638795465722,False,33.49158249158249,112.77461836050252,CDH3
GO_Biological_Process_2023,Protein K27-linked Ubiquitination,1,0.03448424920041465,0.23375638795465722,False,33.49158249158249,112.77461836050252,UBE2S
GO_Biological_Process_2023,Mammary Gland Epithelial Cell Differentiation,1,0.03448424920041465,0.23375638795465722,False,33.49158249158249,112.77461836050252,ERBB4
GO_Biological_Process_2023,Pyrimidine Nucleobase Catabolic Process,1,0.03448424920041465,0.23375638795465722,False,33.49158249158249,112.77461836050252,DPYSL2
GO_Biological_Process_2023,Cellular Response To Chemokine,2,0.03521255663904897,0.23375638795465722,False,7.104547081990691,23.774319154103356,CCL8;CX3CL1
GO_Biological_Process_2023,Regulation Of Cell Population Proliferation,8,0.03806067885853392,0.23375638795465722,False,2.1959389698290694,7.17758810169608,CLDN3;ERBB4;KIT;SCGB3A1;IGFBP6;IGF1;SOX7;CX3CL1
GO_Biological_Process_2023,Cdc42 Protein Signal Transduction,1,0.03931350415205654,0.23375638795465722,False,28.705627705627705,92.89678500716381,RHOU
GO_Biological_Process_2023,Response To Leptin,1,0.03931350415205654,0.23375638795465722,False,28.705627705627705,92.89678500716381,LEPR
GO_Biological_Process_2023,Positive Regulation Of Cell-Cell Adhesion Mediated By Cadherin,1,0.03931350415205654,0.23375638795465722,False,28.705627705627705,92.89678500716381,FOXA1
GO_Biological_Process_2023,Positive Regulation Of Dendritic Cell Cytokine Production,1,0.03931350415205654,0.23375638795465722,False,28.705627705627705,92.89678500716381,KIT
GO_Biological_Process_2023,Endothelial Cell Chemotaxis,1,0.03931350415205654,0.23375638795465722,False,28.705627705627705,92.89678500716381,EGR3
GO_Biological_Process_2023,Synapse Pruning,1,0.03931350415205654,0.23375638795465722,False,28.705627705627705,92.89678500716381,CX3CL1
GO_Biological_Process_2023,Integrin Activation,1,0.03931350415205654,0.23375638795465722,False,28.705627705627705,92.89678500716381,CX3CL1
GO_Biological_Process_2023,Positive Regulation Of Ubiquitin Protein Ligase Activity,1,0.03931350415205654,0.23375638795465722,False,28.705627705627705,92.89678500716381,UBE2S
GO_Biological_Process_2023,Protein K29-linked Ubiquitination,1,0.03931350415205654,0.23375638795465722,False,28.705627705627705,92.89678500716381,UBE2S
GO_Biological_Process_2023,Mitochondrial Fragmentation Involved In Apoptotic Process,1,0.03931350415205654,0.23375638795465722,False,28.705627705627705,92.89678500716381,ERBB4
GO_Biological_Process_2023,Pyrimidine-Containing Compound Catabolic Process,1,0.03931350415205654,0.23375638795465722,False,28.705627705627705,92.89678500716381,DPYSL2
GO_Biological_Process_2023,Pyrimidine-Containing Compound Metabolic Process,1,0.03931350415205654,0.23375638795465722,False,28.705627705627705,92.89678500716381,SLC19A2
GO_Biological_Process_2023,Protein Polymerization,2,0.03968190291379739,0.23375638795465722,False,6.637336901973904,21.417757229084128,UBE2S;KRT5
GO_Biological_Process_2023,Positive Regulation Of Protein Phosphorylation,5,0.04085167435700405,0.23375638795465722,False,2.7628749292586305,8.835142089074013,CLDN3;ERBB4;LEPR;IGF1;CX3CL1
GO_Biological_Process_2023,Negative Regulation Of Cell Population Proliferation,5,0.04163277277964974,0.23375638795465722,False,2.7478187447227693,8.734952018579662,CLDN3;ERBB4;OGN;IGFBP6;SOX7
GO_Biological_Process_2023,Regulation Of Cell-Matrix Adhesion,2,0.04199313241076799,0.23375638795465722,False,6.425979915775834,20.371957610722255,CX3CL1;GPM6B
GO_Biological_Process_2023,Cellular Response To Type II Interferon,2,0.04316735256679497,0.23375638795465722,False,6.325255102040816,19.87819449312978,CCL8;CX3CL1
GO_Biological_Process_2023,Regulation Of Protein Phosphorylation,4,0.04404969352468584,0.23375638795465722,False,3.1352171136653895,9.78951755526381,CLDN3;ERBB4;LEPR;IGF1
GO_Biological_Process_2023,Negative Regulation Of Muscle Cell Apoptotic Process,1,0.0441188457824273,0.23375638795465722,False,25.116161616161616,78.3842312444799,IGF1
GO_Biological_Process_2023,Regulation Of Hair Cycle,1,0.0441188457824273,0.23375638795465722,False,25.116161616161616,78.3842312444799,CDH3
GO_Biological_Process_2023,Negative Regulation Of Protein Localization To Cell Surface,1,0.0441188457824273,0.23375638795465722,False,25.116161616161616,78.3842312444799,GPM6B
GO_Biological_Process_2023,Amine Metabolic Process,1,0.0441188457824273,0.23375638795465722,False,25.116161616161616,78.3842312444799,AOC3
GO_Biological_Process_2023,Negative Regulation Of Transforming Growth Factor Beta Production,1,0.0441188457824273,0.23375638795465722,False,25.116161616161616,78.3842312444799,CDH3
GO_Biological_Process_2023,Negative Regulation Of Vascular Endothelial Growth Factor Signaling Pathway,1,0.0441188457824273,0.23375638795465722,False,25.116161616161616,78.3842312444799,DCN
GO_Biological_Process_2023,Neuron Remodeling,1,0.0441188457824273,0.23375638795465722,False,25.116161616161616,78.3842312444799,CX3CL1
GO_Biological_Process_2023,Phosphatidylglycerol Biosynthetic Process,1,0.0441188457824273,0.23375638795465722,False,25.116161616161616,78.3842312444799,GPAM
GO_Biological_Process_2023,Embryonic Eye Morphogenesis,1,0.0441188457824273,0.23375638795465722,False,25.116161616161616,78.3842312444799,EFEMP1
GO_Biological_Process_2023,Excitatory Synapse Assembly,1,0.0441188457824273,0.23375638795465722,False,25.116161616161616,78.3842312444799,SRGAP2C
GO_Biological_Process_2023,Transferrin Transport,1,0.0441188457824273,0.23375638795465722,False,25.116161616161616,78.3842312444799,CLTC
GO_Biological_Process_2023,Positive Regulation Of Myoblast Fusion,1,0.0441188457824273,0.23375638795465722,False,25.116161616161616,78.3842312444799,SCGB3A1
GO_Biological_Process_2023,Protein K6-linked Ubiquitination,1,0.0441188457824273,0.23375638795465722,False,25.116161616161616,78.3842312444799,UBE2S
GO_Biological_Process_2023,Regulation Of Neurogenesis,2,0.04435377617601188,0.23375638795465722,False,6.227629513343799,19.402537395096388,HES6;CX3CL1
GO_Biological_Process_2023,Peptidyl-Tyrosine Phosphorylation,2,0.04435377617601188,0.23375638795465722,False,6.227629513343799,19.402537395096388,EFEMP1;ERBB4
GO_Biological_Process_2023,Neutrophil Chemotaxis,2,0.04798478677458479,0.2338181020428703,False,5.951980792316927,18.075399411278084,CCL8;CX3CL1
GO_Biological_Process_2023,Regulation Of Glycoprotein Biosynthetic Process,1,0.04890039114183046,0.2338181020428703,False,22.32435465768799,67.37423003045056,IGF1
GO_Biological_Process_2023,Regulation Of Melanin Biosynthetic Process,1,0.04890039114183046,0.2338181020428703,False,22.32435465768799,67.37423003045056,CDH3
GO_Biological_Process_2023,Regulation Of Mitochondrial Depolarization,1,0.04890039114183046,0.2338181020428703,False,22.32435465768799,67.37423003045056,DCN
GO_Biological_Process_2023,Regulation Of Smooth Muscle Cell Apoptotic Process,1,0.04890039114183046,0.2338181020428703,False,22.32435465768799,67.37423003045056,IGF1
GO_Biological_Process_2023,Cellular Response To Cholesterol,1,0.04890039114183046,0.2338181020428703,False,22.32435465768799,67.37423003045056,GRAMD1C
GO_Biological_Process_2023,T-Circle Formation,1,0.04890039114183046,0.2338181020428703,False,22.32435465768799,67.37423003045056,EXO1
GO_Biological_Process_2023,Formation Of Extrachromosomal Circular DNA,1,0.04890039114183046,0.2338181020428703,False,22.32435465768799,67.37423003045056,EXO1
GO_Biological_Process_2023,Telomere Maintenance Via Telomere Trimming,1,0.04890039114183046,0.2338181020428703,False,22.32435465768799,67.37423003045056,EXO1
GO_Biological_Process_2023,Insulin-Like Growth Factor Receptor Signaling Pathway,1,0.04890039114183046,0.2338181020428703,False,22.32435465768799,67.37423003045056,IGF1
GO_Biological_Process_2023,Mast Cell Activation Involved In Immune Response,1,0.04890039114183046,0.2338181020428703,False,22.32435465768799,67.37423003045056,KIT
GO_Biological_Process_2023,Mast Cell Degranulation,1,0.04890039114183046,0.2338181020428703,False,22.32435465768799,67.37423003045056,KIT
GO_Biological_Process_2023,Megakaryocyte Development,1,0.04890039114183046,0.2338181020428703,False,22.32435465768799,67.37423003045056,KIT
GO_Biological_Process_2023,Regulation Of Cellular Localization,2,0.05046378284153568,0.2338181020428703,False,5.78134110787172,17.265971584773993,MAP2;KRT5
GO_Biological_Process_2023,Granulocyte Chemotaxis,2,0.05172034528607497,0.2338181020428703,False,5.699626329405001,16.881746303056282,CCL8;CX3CL1
GO_Biological_Process_2023,Regulation Of Fatty Acid Metabolic Process,1,0.05365825675086383,0.2338181020428703,False,20.09090909090909,58.768318421882675,PDK4
GO_Biological_Process_2023,Negative Regulation Of Microtubule Polymerization,1,0.05365825675086383,0.2338181020428703,False,20.09090909090909,58.768318421882675,MAP2
GO_Biological_Process_2023,Negative Regulation Of Nitrogen Compound Metabolic Process,1,0.05365825675086383,0.2338181020428703,False,20.09090909090909,58.768318421882675,CLTC
GO_Biological_Process_2023,Regulation Of Microtubule-Based Movement,1,0.05365825675086383,0.2338181020428703,False,20.09090909090909,58.768318421882675,MAP2
GO_Biological_Process_2023,Regulation Of Phospholipase C Activity,1,0.05365825675086383,0.2338181020428703,False,20.09090909090909,58.768318421882675,KIT
GO_Biological_Process_2023,Central Nervous System Myelination,1,0.05365825675086383,0.2338181020428703,False,20.09090909090909,58.768318421882675,GPM6B
GO_Biological_Process_2023,Digestive System Development,1,0.05365825675086383,0.2338181020428703,False,20.09090909090909,58.768318421882675,KIT
GO_Biological_Process_2023,Epithelial Cell-Cell Adhesion,1,0.05365825675086383,0.2338181020428703,False,20.09090909090909,58.768318421882675,KIT
GO_Biological_Process_2023,Exit From Mitosis,1,0.05365825675086383,0.2338181020428703,False,20.09090909090909,58.768318421882675,UBE2S
GO_Biological_Process_2023,Positive Regulation Of Keratinocyte Proliferation,1,0.05365825675086383,0.2338181020428703,False,20.09090909090909,58.768318421882675,CDH3
GO_Biological_Process_2023,Intestinal Absorption,1,0.05365825675086383,0.2338181020428703,False,20.09090909090909,58.768318421882675,UGCG
GO_Biological_Process_2023,Intestinal Lipid Absorption,1,0.05365825675086383,0.2338181020428703,False,20.09090909090909,58.768318421882675,UGCG
GO_Biological_Process_2023,Mast Cell Mediated Immunity,1,0.05365825675086383,0.2338181020428703,False,20.09090909090909,58.768318421882675,KIT
GO_Biological_Process_2023,Melanocyte Differentiation,1,0.05365825675086383,0.2338181020428703,False,20.09090909090909,58.768318421882675,KIT
GO_Biological_Process_2023,Pyrimidine Nucleobase Metabolic Process,1,0.05365825675086383,0.2338181020428703,False,20.09090909090909,58.768318421882675,DPYSL2
GO_Biological_Process_2023,Negative Regulation Of Cellular Response To Vascular Endothelial Growth Factor Stimulus,1,0.05365825675086383,0.2338181020428703,False,20.09090909090909,58.768318421882675,DCN
GO_Biological_Process_2023,Transmembrane Receptor Protein Tyrosine Kinase Signaling Pathway,4,0.054245772813907425,0.23506501552693215,False,2.919642857142857,8.508511416925609,ERBB4;KIT;PDK4;IGF1
GO_Biological_Process_2023,Neuron Differentiation,3,0.05599044637853729,0.24034966859716836,False,3.5894481503941784,10.346850641993324,FOXA1;UGCG;ERBB4
GO_Biological_Process_2023,Neutrophil Migration,2,0.05685706083640968,0.24034966859716836,False,5.394557823129252,15.467356382357153,CCL8;CX3CL1
GO_Biological_Process_2023,Positive Regulation Of Hydrolase Activity,3,0.0583548847938619,0.24034966859716836,False,3.526667063941362,10.020009516851996,CCL8;RAPGEFL1;CX3CL1
GO_Biological_Process_2023,Cellular Component Maintenance,1,0.05839255858007915,0.24034966859716836,False,18.26354453627181,51.878818604154176,CLDN3
GO_Biological_Process_2023,Epithelial Cell Morphogenesis,1,0.05839255858007915,0.24034966859716836,False,18.26354453627181,51.878818604154176,CLDN3
GO_Biological_Process_2023,Sphingomyelin Metabolic Process,1,0.05839255858007915,0.24034966859716836,False,18.26354453627181,51.878818604154176,ABCA8
GO_Biological_Process_2023,Positive Regulation Of Neuron Migration,1,0.05839255858007915,0.24034966859716836,False,18.26354453627181,51.878818604154176,SRGAP2C
GO_Biological_Process_2023,Positive Regulation Of Vasoconstriction,1,0.05839255858007915,0.24034966859716836,False,18.26354453627181,51.878818604154176,OXTR
GO_Biological_Process_2023,Negative Regulation By Host Of Viral Process,1,0.05839255858007915,0.24034966859716836,False,18.26354453627181,51.878818604154176,CCL8
GO_Biological_Process_2023,Response To Type II Interferon,2,0.0608217071927091,0.24034966859716836,False,5.1862899005756145,14.520618689888993,CCL8;CX3CL1
GO_Biological_Process_2023,Wound Healing,2,0.0608217071927091,0.24034966859716836,False,5.1862899005756145,14.520618689888993,IGF1;PPL
GO_Biological_Process_2023,Cellular Response To Interleukin-1,2,0.06216388427865964,0.24034966859716836,False,5.120382330147248,14.224325268693594,CCL8;CX3CL1
GO_Biological_Process_2023,GTP Metabolic Process,1,0.06310341209244187,0.24034966859716836,False,16.74074074074074,46.254339159717055,GIMAP7
GO_Biological_Process_2023,Regulation Of Myoblast Fusion,1,0.06310341209244187,0.24034966859716836,False,16.74074074074074,46.254339159717055,SCGB3A1
GO_Biological_Process_2023,Cellular Modified Amino Acid Catabolic Process,1,0.06310341209244187,0.24034966859716836,False,16.74074074074074,46.254339159717055,CDO1
GO_Biological_Process_2023,Clathrin Coat Assembly,1,0.06310341209244187,0.24034966859716836,False,16.74074074074074,46.254339159717055,CLTC
GO_Biological_Process_2023,Positive Regulation Of Cardiac Muscle Cell Proliferation,1,0.06310341209244187,0.24034966859716836,False,16.74074074074074,46.254339159717055,ERBB4
GO_Biological_Process_2023,Embryonic Hemopoiesis,1,0.06310341209244187,0.24034966859716836,False,16.74074074074074,46.254339159717055,KIT
GO_Biological_Process_2023,Positive Regulation Of Glycogen Biosynthetic Process,1,0.06310341209244187,0.24034966859716836,False,16.74074074074074,46.254339159717055,IGF1
GO_Biological_Process_2023,Positive Regulation Of Glycoprotein Biosynthetic Process,1,0.06310341209244187,0.24034966859716836,False,16.74074074074074,46.254339159717055,IGF1
GO_Biological_Process_2023,Immune Response-Regulating Cell Surface Receptor Signaling Pathway,1,0.06310341209244187,0.24034966859716836,False,16.74074074074074,46.254339159717055,KIT
GO_Biological_Process_2023,Inhibitory Synapse Assembly,1,0.06310341209244187,0.24034966859716836,False,16.74074074074074,46.254339159717055,SRGAP2C
GO_Biological_Process_2023,Negative Regulation Of Cartilage Development,1,0.06310341209244187,0.24034966859716836,False,16.74074074074074,46.254339159717055,EFEMP1
GO_Biological_Process_2023,Regulation Of Cellular Ketone Metabolic Process,1,0.06310341209244187,0.24034966859716836,False,16.74074074074074,46.254339159717055,PDK4
GO_Biological_Process_2023,Cellular Response To Organic Substance,2,0.06351615266214716,0.24034966859716836,False,5.0561224489795915,13.93700450766989,OXTR;CLEC3B
GO_Biological_Process_2023,Negative Regulation Of Apoptotic Signaling Pathway,2,0.06351615266214716,0.24034966859716836,False,5.0561224489795915,13.93700450766989,IGF1;CX3CL1
GO_Biological_Process_2023,Regulation Of Interleukin-1 Beta Production,2,0.06625043590600445,0.24034966859716836,False,4.9323046291687405,13.387819731164345,IGF1;CX3CL1
GO_Biological_Process_2023,Response To Interleukin-1,2,0.067632189652766,0.24034966859716836,False,4.87263339070568,13.12527238363094,CCL8;CX3CL1
GO_Biological_Process_2023,Regulation Of Feeding Behavior,1,0.0677909321684321,0.24034966859716836,False,15.452214452214452,41.58695944336839,LEPR
GO_Biological_Process_2023,Regulation Of Microglial Cell Activation,1,0.0677909321684321,0.24034966859716836,False,15.452214452214452,41.58695944336839,CX3CL1
GO_Biological_Process_2023,Positive Regulation Of Acute Inflammatory Response,1,0.0677909321684321,0.24034966859716836,False,15.452214452214452,41.58695944336839,C2CD4A
GO_Biological_Process_2023,Serine Family Amino Acid Metabolic Process,1,0.0677909321684321,0.24034966859716836,False,15.452214452214452,41.58695944336839,CDO1
GO_Biological_Process_2023,Endoderm Development,1,0.0677909321684321,0.24034966859716836,False,15.452214452214452,41.58695944336839,SOX7
GO_Biological_Process_2023,Positive Regulation Of Glycogen Metabolic Process,1,0.0677909321684321,0.24034966859716836,False,15.452214452214452,41.58695944336839,IGF1
GO_Biological_Process_2023,Lipoprotein Biosynthetic Process,1,0.0677909321684321,0.24034966859716836,False,15.452214452214452,41.58695944336839,UGCG
GO_Biological_Process_2023,Primary Alcohol Metabolic Process,1,0.0677909321684321,0.24034966859716836,False,15.452214452214452,41.58695944336839,IGF1
GO_Biological_Process_2023,Mammary Gland Epithelium Development,1,0.0677909321684321,0.24034966859716836,False,15.452214452214452,41.58695944336839,ERBB4
GO_Biological_Process_2023,Myotube Cell Development,1,0.0677909321684321,0.24034966859716836,False,15.452214452214452,41.58695944336839,IGF1
GO_Biological_Process_2023,Regulation Of Bone Remodeling,1,0.0677909321684321,0.24034966859716836,False,15.452214452214452,41.58695944336839,LEPR
GO_Biological_Process_2023,Negative Regulation Of Chondrocyte Differentiation,1,0.0677909321684321,0.24034966859716836,False,15.452214452214452,41.58695944336839,EFEMP1
GO_Biological_Process_2023,Cellular Response To Cytokine Stimulus,4,0.06880142997614844,0.24200906645020728,False,2.6858552631578947,7.188774201144224,CCL8;KIT;LEPR;CX3CL1
GO_Biological_Process_2023,Endocytosis,3,0.06913422744171982,0.24200906645020728,False,3.278017958097772,8.757898079454668,DPYSL2;CLTC;RHOU
GO_Biological_Process_2023,Glucose Homeostasis,2,0.07042427630090098,0.24200906645020728,False,4.75750300120048,12.622688988987855,LEPR;PDK4
GO_Biological_Process_2023,Positive Regulation Of Cell Adhesion,2,0.07183435427290809,0.24200906645020728,False,4.701945894636925,12.382068798517093,CCDC80;FBLN2
GO_Biological_Process_2023,Negative Regulation Of Macrophage Activation,1,0.07245523317560384,0.24200906645020728,False,14.347763347763347,37.659813836990104,CX3CL1
GO_Biological_Process_2023,Regulation Of Systemic Arterial Blood Pressure By Hormone,1,0.07245523317560384,0.24200906645020728,False,14.347763347763347,37.659813836990104,OXTR
GO_Biological_Process_2023,Cellular Response To Sterol,1,0.07245523317560384,0.24200906645020728,False,14.347763347763347,37.659813836990104,GRAMD1C
GO_Biological_Process_2023,Positive Regulation Of Syncytium Formation By Plasma Membrane Fusion,1,0.07245523317560384,0.24200906645020728,False,14.347763347763347,37.659813836990104,SCGB3A1
GO_Biological_Process_2023,Intracellular Sterol Transport,1,0.07245523317560384,0.24200906645020728,False,14.347763347763347,37.659813836990104,GRAMD1C
GO_Biological_Process_2023,Protein Localization To Cell-Cell Junction,1,0.07245523317560384,0.24200906645020728,False,14.347763347763347,37.659813836990104,CGNL1
GO_Biological_Process_2023,Regulation Of Carbohydrate Metabolic Process,1,0.07245523317560384,0.24200906645020728,False,14.347763347763347,37.659813836990104,PDK4
GO_Biological_Process_2023,Regulation Of Signal Transduction,3,0.07262090250728756,0.24200906645020728,False,3.2083559413998914,8.413921429942212,UGCG;IGFBP6;CX3CL1
GO_Biological_Process_2023,Supramolecular Fiber Organization,4,0.07406098172720235,0.24200906645020728,False,2.6159188034188032,6.808887283453697,COL11A1;DPT;KRT5;CGNL1
GO_Biological_Process_2023,Lymphocyte Differentiation,2,0.07611921823712782,0.24200906645020728,False,4.542765420775051,11.699685676018186,KIT;LEPR
GO_Biological_Process_2023,Regulation Of Fatty Acid Oxidation,1,0.0770964289305897,0.24200906645020728,False,13.390572390572391,34.31599732708391,PDK4
GO_Biological_Process_2023,Negative Regulation Of Release Of Cytochrome C From Mitochondria,1,0.0770964289305897,0.24200906645020728,False,13.390572390572391,34.31599732708391,IGF1
GO_Biological_Process_2023,Regulation Of Plasminogen Activation,1,0.0770964289305897,0.24200906645020728,False,13.390572390572391,34.31599732708391,CLEC3B
GO_Biological_Process_2023,Oligodendrocyte Development,1,0.0770964289305897,0.24200906645020728,False,13.390572390572391,34.31599732708391,GPM6B
GO_Biological_Process_2023,Cellular Response To Fatty Acid,1,0.0770964289305897,0.24200906645020728,False,13.390572390572391,34.31599732708391,PDK4
GO_Biological_Process_2023,Positive Regulation Of Muscle Hypertrophy,1,0.0770964289305897,0.24200906645020728,False,13.390572390572391,34.31599732708391,IGF1
GO_Biological_Process_2023,Positive Regulation Of Myeloid Leukocyte Cytokine Production Involved In Immune Response,1,0.0770964289305897,0.24200906645020728,False,13.390572390572391,34.31599732708391,KIT
GO_Biological_Process_2023,Positive Regulation Of Smooth Muscle Cell Migration,1,0.0770964289305897,0.24200906645020728,False,13.390572390572391,34.31599732708391,IGF1
GO_Biological_Process_2023,Negative Regulation Of Amyloid-Beta Formation,1,0.0770964289305897,0.24200906645020728,False,13.390572390572391,34.31599732708391,IGF1
GO_Biological_Process_2023,Negative Regulation Of Anoikis,1,0.0770964289305897,0.24200906645020728,False,13.390572390572391,34.31599732708391,PDK4
GO_Biological_Process_2023,Sensory Perception Of Sound,2,0.07756530306155492,0.24200906645020728,False,4.492063492063492,11.484567093173027,COL11A1;KIT
GO_Biological_Process_2023,Positive Regulation Of Cellular Component Biogenesis,2,0.07902008216924429,0.24200906645020728,False,4.442475891455484,11.27524039277228,CLDN3;CX3CL1
GO_Biological_Process_2023,Positive Regulation Of Protein Kinase B Signaling,2,0.07902008216924429,0.24200906645020728,False,4.442475891455484,11.27524039277228,IGF1;CX3CL1
GO_Biological_Process_2023,Neuron Maturation,1,0.08171463267155567,0.24200906645020728,False,12.553030303030303,31.43934295429433,CX3CL1
GO_Biological_Process_2023,Carboxylic Acid Biosynthetic Process,1,0.08171463267155567,0.24200906645020728,False,12.553030303030303,31.43934295429433,CDO1
GO_Biological_Process_2023,Cell Migration Involved In Sprouting Angiogenesis,1,0.08171463267155567,0.24200906645020728,False,12.553030303030303,31.43934295429433,EGR3
GO_Biological_Process_2023,Positive Chemotaxis,1,0.08171463267155567,0.24200906645020728,False,12.553030303030303,31.43934295429433,CX3CL1
GO_Biological_Process_2023,Regulation Of Ubiquitin Protein Ligase Activity,1,0.08171463267155567,0.24200906645020728,False,12.553030303030303,31.43934295429433,UBE2S
GO_Biological_Process_2023,Central Nervous System Neuron Development,1,0.08171463267155567,0.24200906645020728,False,12.553030303030303,31.43934295429433,MAP2
GO_Biological_Process_2023,Positive Regulation Of Cardiac Muscle Hypertrophy,1,0.08171463267155567,0.24200906645020728,False,12.553030303030303,31.43934295429433,IGF1
GO_Biological_Process_2023,Sulfur Amino Acid Metabolic Process,1,0.08171463267155567,0.24200906645020728,False,12.553030303030303,31.43934295429433,CDO1
GO_Biological_Process_2023,Extracellular Matrix Assembly,1,0.08171463267155567,0.24200906645020728,False,12.553030303030303,31.43934295429433,GPM6B
GO_Biological_Process_2023,Triglyceride Biosynthetic Process,1,0.08171463267155567,0.24200906645020728,False,12.553030303030303,31.43934295429433,GPAM
GO_Biological_Process_2023,Positive Regulation Of Small GTPase Mediated Signal Transduction,1,0.08171463267155567,0.24200906645020728,False,12.553030303030303,31.43934295429433,IGF1
GO_Biological_Process_2023,Megakaryocyte Differentiation,1,0.08171463267155567,0.24200906645020728,False,12.553030303030303,31.43934295429433,KIT
GO_Biological_Process_2023,Regulation Of Protein Localization,2,0.08492373600454328,0.24200906645020728,False,4.254564983888292,10.49176426482804,MAP2;KRT5
GO_Biological_Process_2023,Cell Junction Maintenance,1,0.08630995715059277,0.24200906645020728,False,11.81402257872846,28.942114306609312,CLDN3
GO_Biological_Process_2023,Response To Cholesterol,1,0.08630995715059277,0.24200906645020728,False,11.81402257872846,28.942114306609312,GRAMD1C
GO_Biological_Process_2023,Energy Reserve Metabolic Process,1,0.08630995715059277,0.24200906645020728,False,11.81402257872846,28.942114306609312,LEPR
GO_Biological_Process_2023,Epithelial Cell Development,1,0.08630995715059277,0.24200906645020728,False,11.81402257872846,28.942114306609312,CLDN3
GO_Biological_Process_2023,Positive Regulation Of Glycolytic Process,1,0.08630995715059277,0.24200906645020728,False,11.81402257872846,28.942114306609312,IGF1
GO_Biological_Process_2023,Positive Regulation Of Macrophage Migration,1,0.08630995715059277,0.24200906645020728,False,11.81402257872846,28.942114306609312,CX3CL1
GO_Biological_Process_2023,Positive Regulation Of Neuroblast Proliferation,1,0.08630995715059277,0.24200906645020728,False,11.81402257872846,28.942114306609312,CX3CL1
GO_Biological_Process_2023,Positive Regulation Of Stress-Activated Protein Kinase Signaling Cascade,1,0.08630995715059277,0.24200906645020728,False,11.81402257872846,28.942114306609312,IGFBP6
GO_Biological_Process_2023,Intracellular Lipid Transport,1,0.08630995715059277,0.24200906645020728,False,11.81402257872846,28.942114306609312,GRAMD1C
GO_Biological_Process_2023,Negative Regulation Of Amyloid Precursor Protein Catabolic Process,1,0.08630995715059277,0.24200906645020728,False,11.81402257872846,28.942114306609312,IGF1
GO_Biological_Process_2023,Regulation Of Cell-Cell Adhesion Mediated By Cadherin,1,0.08630995715059277,0.24200906645020728,False,11.81402257872846,28.942114306609312,FOXA1
GO_Biological_Process_2023,Regulation Of Neuroinflammatory Response,1,0.09088251453617983,0.24200906645020728,False,11.15712682379349,26.75688382123247,IGF1
GO_Biological_Process_2023,Regulation Of Smooth Muscle Cell Migration,1,0.09088251453617983,0.24200906645020728,False,11.15712682379349,26.75688382123247,IGF1
GO_Biological_Process_2023,Regulation Of Tissue Remodeling,1,0.09088251453617983,0.24200906645020728,False,11.15712682379349,26.75688382123247,LEPR
GO_Biological_Process_2023,Regulation Of Vascular Endothelial Growth Factor Signaling Pathway,1,0.09088251453617983,0.24200906645020728,False,11.15712682379349,26.75688382123247,DCN
GO_Biological_Process_2023,Positive Regulation Of Activated T Cell Proliferation,1,0.09088251453617983,0.24200906645020728,False,11.15712682379349,26.75688382123247,IGF1
GO_Biological_Process_2023,Response To Fatty Acid,1,0.09088251453617983,0.24200906645020728,False,11.15712682379349,26.75688382123247,PDK4
GO_Biological_Process_2023,Positive Regulation Of calcineurin-NFAT Signaling Cascade,1,0.09088251453617983,0.24200906645020728,False,11.15712682379349,26.75688382123247,IGF1
GO_Biological_Process_2023,Positive Regulation Of Calcineurin-Mediated Signaling,1,0.09088251453617983,0.24200906645020728,False,11.15712682379349,26.75688382123247,IGF1
GO_Biological_Process_2023,Dopaminergic Neuron Differentiation,1,0.09088251453617983,0.24200906645020728,False,11.15712682379349,26.75688382123247,FOXA1
GO_Biological_Process_2023,Establishment Of Skin Barrier,1,0.09088251453617983,0.24200906645020728,False,11.15712682379349,26.75688382123247,UGCG
GO_Biological_Process_2023,Eye Morphogenesis,1,0.09088251453617983,0.24200906645020728,False,11.15712682379349,26.75688382123247,EFEMP1
GO_Biological_Process_2023,Positive Regulation Of Mitochondrial Fission,1,0.09088251453617983,0.24200906645020728,False,11.15712682379349,26.75688382123247,DCN
GO_Biological_Process_2023,Xenobiotic Catabolic Process,1,0.09088251453617983,0.24200906645020728,False,11.15712682379349,26.75688382123247,GSTM3
GO_Biological_Process_2023,Regulation Of Acute Inflammatory Response,1,0.09088251453617983,0.24200906645020728,False,11.15712682379349,26.75688382123247,C2CD4A
GO_Biological_Process_2023,Negative Regulation Of Axon Extension Involved In Axon Guidance,1,0.09088251453617983,0.24200906645020728,False,11.15712682379349,26.75688382123247,SEMA3G
GO_Biological_Process_2023,Regulation Of Behavior,1,0.09088251453617983,0.24200906645020728,False,11.15712682379349,26.75688382123247,LEPR
GO_Biological_Process_2023,Visual Perception,2,0.09095699139659444,0.24200906645020728,False,4.081838796124511,9.785671777221246,EFEMP1;COL11A1
GO_Biological_Process_2023,Regulation Of GTPase Activity,3,0.0921674450838924,0.24200906645020728,False,2.8859627693360044,6.880563233166467,CCL8;RAPGEFL1;CX3CL1
GO_Biological_Process_2023,Sensory Perception Of Light Stimulus,2,0.09248468910980343,0.24200906645020728,False,4.040816326530612,9.620020610565179,EFEMP1;COL11A1
GO_Biological_Process_2023,Negative Regulation Of Apoptotic Process,5,0.09415859822258989,0.24200906645020728,False,2.1431093456912724,5.063684548462331,EGR3;ERBB4;PDK4;IGF1;CX3CL1
GO_Biological_Process_2023,Negative Regulation Of Protein Localization To Cell Periphery,1,0.09543241646248146,0.24200906645020728,False,10.569377990430622,24.83103038927071,CLTC
GO_Biological_Process_2023,Negative Regulation Of Protein Localization To Plasma Membrane,1,0.09543241646248146,0.24200906645020728,False,10.569377990430622,24.83103038927071,CLTC
GO_Biological_Process_2023,Negative Regulation Of Reproductive Process,1,0.09543241646248146,0.24200906645020728,False,10.569377990430622,24.83103038927071,IGF1
GO_Biological_Process_2023,Negative Regulation Of Small GTPase Mediated Signal Transduction,1,0.09543241646248146,0.24200906645020728,False,10.569377990430622,24.83103038927071,CGNL1
GO_Biological_Process_2023,Peripheral Nervous System Development,1,0.09543241646248146,0.24200906645020728,False,10.569377990430622,24.83103038927071,GSTM3
GO_Biological_Process_2023,Phosphatidylglycerol Metabolic Process,1,0.09543241646248146,0.24200906645020728,False,10.569377990430622,24.83103038927071,GPAM
GO_Biological_Process_2023,Regulation Of Spindle Organization,1,0.09543241646248146,0.24200906645020728,False,10.569377990430622,24.83103038927071,CLTC
GO_Biological_Process_2023,Response To Fibroblast Growth Factor,1,0.09543241646248146,0.24200906645020728,False,10.569377990430622,24.83103038927071,EGR3
GO_Biological_Process_2023,Endothelial Cell Development,1,0.09543241646248146,0.24200906645020728,False,10.569377990430622,24.83103038927071,GSTM3
GO_Biological_Process_2023,Positive Regulation Of Phospholipase Activity,1,0.09543241646248146,0.24200906645020728,False,10.569377990430622,24.83103038927071,KIT
GO_Biological_Process_2023,Xenobiotic Transport,1,0.09543241646248146,0.24200906645020728,False,10.569377990430622,24.83103038927071,ABCA8
GO_Biological_Process_2023,Positive Regulation Of Protein Processing,1,0.09543241646248146,0.24200906645020728,False,10.569377990430622,24.83103038927071,CLEC3B
GO_Biological_Process_2023,Positive Regulation Of Vascular Associated Smooth Muscle Cell Proliferation,1,0.09543241646248146,0.24200906645020728,False,10.569377990430622,24.83103038927071,IGF1
GO_Biological_Process_2023,Microglial Cell Activation,1,0.09543241646248146,0.24200906645020728,False,10.569377990430622,24.83103038927071,CX3CL1
GO_Biological_Process_2023,Myoblast Differentiation,1,0.09543241646248146,0.24200906645020728,False,10.569377990430622,24.83103038927071,IGF1
GO_Biological_Process_2023,Regulation Of Cardiac Muscle Cell Proliferation,1,0.09543241646248146,0.24200906645020728,False,10.569377990430622,24.83103038927071,ERBB4
GO_Biological_Process_2023,Positive Regulation Of Inflammatory Response,2,0.09556255444444083,0.24200906645020728,False,3.961184473789516,9.300759047174036,C2CD4A;CX3CL1
GO_Biological_Process_2023,Positive Regulation Of Stress-Activated MAPK Cascade,2,0.09711249980836766,0.24513834903083098,False,3.9225282345948087,9.146885461046205,IGFBP6;ANKRD6
GO_Biological_Process_2023,Regulation Of Dendritic Spine Development,1,0.0999597740324998,0.24595780361309097,False,10.04040404040404,23.122924333288797,SRGAP2C
GO_Biological_Process_2023,Regulation Of Lipopolysaccharide-Mediated Signaling Pathway,1,0.0999597740324998,0.24595780361309097,False,10.04040404040404,23.122924333288797,CX3CL1
GO_Biological_Process_2023,Anaphase-Promoting Complex-Dependent Catabolic Process,1,0.0999597740324998,0.24595780361309097,False,10.04040404040404,23.122924333288797,UBE2S
GO_Biological_Process_2023,Skin Epidermis Development,1,0.0999597740324998,0.24595780361309097,False,10.04040404040404,23.122924333288797,UGCG
GO_Biological_Process_2023,Sulfur Compound Transport,1,0.0999597740324998,0.24595780361309097,False,10.04040404040404,23.122924333288797,SLC19A2
GO_Biological_Process_2023,Positive Regulation Of Transcription Regulatory Region DNA Binding,1,0.0999597740324998,0.24595780361309097,False,10.04040404040404,23.122924333288797,IGF1
GO_Biological_Process_2023,Regulation Of Anoikis,1,0.0999597740324998,0.24595780361309097,False,10.04040404040404,23.122924333288797,PDK4
GO_Biological_Process_2023,Regulation Of Cell-Substrate Junction Assembly,1,0.0999597740324998,0.24595780361309097,False,10.04040404040404,23.122924333288797,GPM6B
GO_Biological_Process_2023,Response To Tumor Necrosis Factor,2,0.10180507197730584,0.24971055390659924,False,3.81093569503273,8.70682707358352,CCL8;CX3CL1
GO_Biological_Process_2023,Positive Regulation Of Protein Modification Process,3,0.1031902700601577,0.25226769132786986,False,2.741432153803288,6.226287833009744,CLDN3;ERBB4;LEPR
GO_Biological_Process_2023,Acylglycerol Biosynthetic Process,1,0.10446469781910508,0.25226769132786986,False,9.561808561808562,21.59922753970687,GPAM
GO_Biological_Process_2023,Blood Vessel Endothelial Cell Migration,1,0.10446469781910508,0.25226769132786986,False,9.561808561808562,21.59922753970687,EGR3
GO_Biological_Process_2023,Positive Regulation Of Cholesterol Efflux,1,0.10446469781910508,0.25226769132786986,False,9.561808561808562,21.59922753970687,ABCA8
GO_Biological_Process_2023,Negative Regulation Of Cell Development,1,0.10446469781910508,0.25226769132786986,False,9.561808561808562,21.59922753970687,IGF1
GO_Biological_Process_2023,T Cell Activation,2,0.10655948968070973,0.25399081992009553,False,3.7054858640703987,8.296775020722748,KIT;LEPR
GO_Biological_Process_2023,Cytoskeleton Organization,2,0.10655948968070973,0.25399081992009553,False,3.7054858640703987,8.296775020722748,DPYSL2;RHOU
GO_Biological_Process_2023,Small GTPase Mediated Signal Transduction,2,0.10815754530207146,0.25399081992009553,False,3.6716141001855287,8.166280575904093,IGF1;RAPGEFL1
GO_Biological_Process_2023,Regulation Of Cholesterol Transport,1,0.10894729783603285,0.25399081992009553,False,9.1267217630854,20.232947516534363,ABCA8
GO_Biological_Process_2023,Cholesterol Efflux,1,0.10894729783603285,0.25399081992009553,False,9.1267217630854,20.232947516534363,ABCA8
GO_Biological_Process_2023,Diacylglycerol Metabolic Process,1,0.10894729783603285,0.25399081992009553,False,9.1267217630854,20.232947516534363,GPAM
GO_Biological_Process_2023,Long-Chain Fatty Acid Transport,1,0.10894729783603285,0.25399081992009553,False,9.1267217630854,20.232947516534363,FABP4
GO_Biological_Process_2023,Protein Localization To Cell Junction,1,0.10894729783603285,0.25399081992009553,False,9.1267217630854,20.232947516534363,CGNL1
GO_Biological_Process_2023,Regulation Of Axon Extension Involved In Axon Guidance,1,0.10894729783603285,0.25399081992009553,False,9.1267217630854,20.232947516534363,SEMA3G
GO_Biological_Process_2023,Regulation Of Cardiac Muscle Hypertrophy,1,0.10894729783603285,0.25399081992009553,False,9.1267217630854,20.232947516534363,IGF1
GO_Biological_Process_2023,Regulation Of Cell Junction Assembly,1,0.10894729783603285,0.25399081992009553,False,9.1267217630854,20.232947516534363,CLDN3
GO_Biological_Process_2023,Positive Regulation Of Phosphorylation,3,0.10941451951562638,0.25399081992009553,False,2.6684753119913185,5.904299638512385,CLDN3;ERBB4;LEPR
GO_Biological_Process_2023,Negative Regulation Of Canonical Wnt Signaling Pathway,2,0.11137290800006257,0.25399081992009553,False,3.6056851311953353,7.914014366919983,IGFBP6;ANKRD6
GO_Biological_Process_2023,Positive Regulation Of GTPase Activity,3,0.11258048819408292,0.25399081992009553,False,2.633418128263489,5.751613937505418,CCL8;RAPGEFL1;CX3CL1
GO_Biological_Process_2023,Regulation Of Cysteine-Type Endopeptidase Activity,1,0.11340768358102403,0.25399081992009553,False,8.729468599033817,19.002011610155247,CST1
GO_Biological_Process_2023,ERK1 And ERK2 Cascade,1,0.11340768358102403,0.25399081992009553,False,8.729468599033817,19.002011610155247,IGF1
GO_Biological_Process_2023,Regulation Of Neuroblast Proliferation,1,0.11340768358102403,0.25399081992009553,False,8.729468599033817,19.002011610155247,CX3CL1
GO_Biological_Process_2023,Cell Morphogenesis Involved In Differentiation,1,0.11340768358102403,0.25399081992009553,False,8.729468599033817,19.002011610155247,CLDN3
GO_Biological_Process_2023,Regulation Of Supramolecular Fiber Organization,1,0.11340768358102403,0.25399081992009553,False,8.729468599033817,19.002011610155247,MAP2
GO_Biological_Process_2023,Positive Regulation Of BMP Signaling Pathway,1,0.11340768358102403,0.25399081992009553,False,8.729468599033817,19.002011610155247,ZNF423
GO_Biological_Process_2023,Iron Ion Transport,1,0.11340768358102403,0.25399081992009553,False,8.729468599033817,19.002011610155247,CLTC
GO_Biological_Process_2023,Protein Kinase B Signaling,1,0.11340768358102403,0.25399081992009553,False,8.729468599033817,19.002011610155247,IGF1
GO_Biological_Process_2023,Regulation Of Chondrocyte Differentiation,1,0.11784596404042172,0.25399081992009553,False,8.365319865319865,17.88820673407011,EFEMP1
GO_Biological_Process_2023,Regulation Of Glycogen Biosynthetic Process,1,0.11784596404042172,0.25399081992009553,False,8.365319865319865,17.88820673407011,IGF1
GO_Biological_Process_2023,Negative Regulation Of Protein Localization To Membrane,1,0.11784596404042172,0.25399081992009553,False,8.365319865319865,17.88820673407011,CLTC
GO_Biological_Process_2023,Regulation Of Intracellular Estrogen Receptor Signaling Pathway,1,0.11784596404042172,0.25399081992009553,False,8.365319865319865,17.88820673407011,FOXA1
GO_Biological_Process_2023,Regulation Of Keratinocyte Proliferation,1,0.11784596404042172,0.25399081992009553,False,8.365319865319865,17.88820673407011,CDH3
GO_Biological_Process_2023,Activation Of Protein Kinase B Activity,1,0.11784596404042172,0.25399081992009553,False,8.365319865319865,17.88820673407011,IGF1
GO_Biological_Process_2023,Negative Regulation Of Response To Wounding,1,0.11784596404042172,0.25399081992009553,False,8.365319865319865,17.88820673407011,CLDN3
GO_Biological_Process_2023,Negative Regulation Of Stress Fiber Assembly,1,0.11784596404042172,0.25399081992009553,False,8.365319865319865,17.88820673407011,CGNL1
GO_Biological_Process_2023,Positive Regulation Of Glucose Import,1,0.11784596404042172,0.25399081992009553,False,8.365319865319865,17.88820673407011,IGF1
GO_Biological_Process_2023,Sterol Transport,1,0.11784596404042172,0.25399081992009553,False,8.365319865319865,17.88820673407011,GRAMD1C
GO_Biological_Process_2023,Positive Regulation Of Peptidase Activity,1,0.11784596404042172,0.25399081992009553,False,8.365319865319865,17.88820673407011,CLDN3
GO_Biological_Process_2023,Positive Regulation Of Striated Muscle Cell Differentiation,1,0.11784596404042172,0.25399081992009553,False,8.365319865319865,17.88820673407011,IGF1
GO_Biological_Process_2023,Lamellipodium Assembly,1,0.11784596404042172,0.25399081992009553,False,8.365319865319865,17.88820673407011,KIT
GO_Biological_Process_2023,Mismatch Repair,1,0.11784596404042172,0.25399081992009553,False,8.365319865319865,17.88820673407011,EXO1
GO_Biological_Process_2023,Proteoglycan Metabolic Process,1,0.11784596404042172,0.25399081992009553,False,8.365319865319865,17.88820673407011,IGF1
GO_Biological_Process_2023,Myotube Differentiation,1,0.11784596404042172,0.25399081992009553,False,8.365319865319865,17.88820673407011,IGF1
GO_Biological_Process_2023,Regulation Of Small GTPase Mediated Signal Transduction,2,0.11787779078342894,0.25399081992009553,False,3.480647431386348,7.441996159064892,RHOU;CGNL1
GO_Biological_Process_2023,Cellular Response To Tumor Necrosis Factor,2,0.11951887729229536,0.2549854362309143,False,3.4507238792953077,7.330307004338375,CCL8;CX3CL1
GO_Biological_Process_2023,Fc Receptor Signaling Pathway,1,0.12226224762866918,0.2549854362309143,False,8.030303030303031,16.876380218002918,KIT
GO_Biological_Process_2023,Regulation Of Fatty Acid Biosynthetic Process,1,0.12226224762866918,0.2549854362309143,False,8.030303030303031,16.876380218002918,PDK4
GO_Biological_Process_2023,Negative Regulation Of Protein Polymerization,1,0.12226224762866918,0.2549854362309143,False,8.030303030303031,16.876380218002918,MAP2
GO_Biological_Process_2023,Acute Inflammatory Response,1,0.12226224762866918,0.2549854362309143,False,8.030303030303031,16.876380218002918,C2CD4A
GO_Biological_Process_2023,Camera-Type Eye Development,1,0.12226224762866918,0.2549854362309143,False,8.030303030303031,16.876380218002918,EFEMP1
GO_Biological_Process_2023,Cell-Cell Adhesion Mediated By Cadherin,1,0.12226224762866918,0.2549854362309143,False,8.030303030303031,16.876380218002918,CDH3
GO_Biological_Process_2023,Regulation Of Vasoconstriction,1,0.12226224762866918,0.2549854362309143,False,8.030303030303031,16.876380218002918,OXTR
GO_Biological_Process_2023,Positive Regulation Of Monooxygenase Activity,1,0.12226224762866918,0.2549854362309143,False,8.030303030303031,16.876380218002918,CDH3
GO_Biological_Process_2023,Positive Regulation Of Nuclear Division,1,0.12226224762866918,0.2549854362309143,False,8.030303030303031,16.876380218002918,IGF1
GO_Biological_Process_2023,Positive Regulation Of Phosphatidylinositol 3-Kinase Activity,1,0.12226224762866918,0.2549854362309143,False,8.030303030303031,16.876380218002918,KIT
GO_Biological_Process_2023,Regulation Of Actin Filament Bundle Assembly,1,0.12226224762866918,0.2549854362309143,False,8.030303030303031,16.876380218002918,CX3CL1
GO_Biological_Process_2023,Positive Regulation Of Intracellular Signal Transduction,5,0.12299137155387178,0.2552769534785653,False,1.9615384615384615,4.110680572230083,KIT;IGFBP6;IGF1;CX3CL1;DCN
GO_Biological_Process_2023,Negative Regulation Of Programmed Cell Death,4,0.12385584053835233,0.2552769534785653,False,2.157714412024757,4.506682083018896,EGR3;ERBB4;IGF1;CX3CL1
GO_Biological_Process_2023,Fatty Acid Metabolic Process,2,0.1244762469056777,0.2552769534785653,False,3.3639455782312924,7.0092528065471456,GPAM;ACADSB
GO_Biological_Process_2023,Positive Regulation Of DNA-binding Transcription Factor Activity,3,0.12558750975959584,0.2552769534785653,False,2.5018454880997836,5.190710117207115,FOXA1;KIT;CX3CL1
GO_Biological_Process_2023,Regulation Of Cell Motility,2,0.1261397529272332,0.2552769534785653,False,3.3359757125990894,6.906686810673667,ERBB4;KRT5
GO_Biological_Process_2023,Regulation Of Microtubule Polymerization Or Depolymerization,1,0.12665664230282664,0.2552769534785653,False,7.721056721056721,15.953830010816358,MAP2
GO_Biological_Process_2023,Regulation Of Mitochondrial Fission,1,0.12665664230282664,0.2552769534785653,False,7.721056721056721,15.953830010816358,DCN
GO_Biological_Process_2023,Regulation Of Transcription Regulatory Region DNA Binding,1,0.12665664230282664,0.2552769534785653,False,7.721056721056721,15.953830010816358,IGF1
GO_Biological_Process_2023,Clathrin-Dependent Endocytosis,1,0.12665664230282664,0.2552769534785653,False,7.721056721056721,15.953830010816358,CLTC
GO_Biological_Process_2023,Positive Regulation Of Mitotic Cell Cycle,1,0.12665664230282664,0.2552769534785653,False,7.721056721056721,15.953830010816358,FOXA1
GO_Biological_Process_2023,Positive Regulation Of Response To Wounding,1,0.12665664230282664,0.2552769534785653,False,7.721056721056721,15.953830010816358,CLDN3
GO_Biological_Process_2023,Positive Regulation Of Ubiquitin-Protein Transferase Activity,1,0.12665664230282664,0.2552769534785653,False,7.721056721056721,15.953830010816358,UBE2S
GO_Biological_Process_2023,Myeloid Cell Development,1,0.12665664230282664,0.2552769534785653,False,7.721056721056721,15.953830010816358,KIT
GO_Biological_Process_2023,Positive Regulation Of Multicellular Organismal Process,4,0.12903905293168771,0.2587413144506209,False,2.123259355961706,4.347671179448974,OXTR;FABP4;LCN2;LEPR
GO_Biological_Process_2023,Regulation Of Glucose Metabolic Process,1,0.1310292553948657,0.2587413144506209,False,7.434717545828657,15.109834134055738,PDK4
GO_Biological_Process_2023,Regulation Of Lipid Biosynthetic Process,1,0.1310292553948657,0.2587413144506209,False,7.434717545828657,15.109834134055738,PDK4
GO_Biological_Process_2023,Negative Regulation Of Wound Healing,1,0.1310292553948657,0.2587413144506209,False,7.434717545828657,15.109834134055738,CLDN3
GO_Biological_Process_2023,Positive Regulation Of Fibroblast Proliferation,1,0.1310292553948657,0.2587413144506209,False,7.434717545828657,15.109834134055738,IGF1
GO_Biological_Process_2023,Establishment Of Endothelial Barrier,1,0.1310292553948657,0.2587413144506209,False,7.434717545828657,15.109834134055738,CLDN3
GO_Biological_Process_2023,Hematopoietic Progenitor Cell Differentiation,1,0.1310292553948657,0.2587413144506209,False,7.434717545828657,15.109834134055738,KIT
GO_Biological_Process_2023,Negative Regulation Of Actin Filament Bundle Assembly,1,0.1310292553948657,0.2587413144506209,False,7.434717545828657,15.109834134055738,CGNL1
GO_Biological_Process_2023,Negative Regulation Of Cellular Process,5,0.13170424957641083,0.2594174612868698,False,1.9161060546102098,3.8843233029340527,CLDN3;ERBB4;SCGB3A1;IGFBP6;SOX7
GO_Biological_Process_2023,Regulation Of Tumor Necrosis Factor Production,2,0.13284650794214892,0.2610082523800407,False,3.2285714285714286,6.5170680254594,IGF1;CX3CL1
GO_Biological_Process_2023,Negative Regulation Of Plasma Membrane Bounded Cell Projection Assembly,1,0.13538019382269004,0.2626779880141747,False,7.1688311688311686,14.335283778329618,SRGAP2C
GO_Biological_Process_2023,Phosphatidic Acid Biosynthetic Process,1,0.13538019382269004,0.2626779880141747,False,7.1688311688311686,14.335283778329618,GPAM
GO_Biological_Process_2023,Positive Regulation Of Neural Precursor Cell Proliferation,1,0.13538019382269004,0.2626779880141747,False,7.1688311688311686,14.335283778329618,CX3CL1
GO_Biological_Process_2023,Protein K11-linked Ubiquitination,1,0.13538019382269004,0.2626779880141747,False,7.1688311688311686,14.335283778329618,UBE2S
GO_Biological_Process_2023,Maintenance Of Blood-Brain Barrier,1,0.13538019382269004,0.2626779880141747,False,7.1688311688311686,14.335283778329618,CLDN3
GO_Biological_Process_2023,Negative Regulation Of Epithelial To Mesenchymal Transition,1,0.13970956391884184,0.2677480586159623,False,6.921281783350749,13.622394510819323,FOXA1
GO_Biological_Process_2023,Positive Regulation Of Lipid Kinase Activity,1,0.13970956391884184,0.2677480586159623,False,6.921281783350749,13.622394510819323,KIT
GO_Biological_Process_2023,Positive Regulation Of Protein Targeting To Mitochondrion,1,0.13970956391884184,0.2677480586159623,False,6.921281783350749,13.622394510819323,RHOU
GO_Biological_Process_2023,Lamellipodium Organization,1,0.13970956391884184,0.2677480586159623,False,6.921281783350749,13.622394510819323,KIT
GO_Biological_Process_2023,Negative Regulation Of Carbohydrate Metabolic Process,1,0.13970956391884184,0.2677480586159623,False,6.921281783350749,13.622394510819323,CLTC
GO_Biological_Process_2023,Negative Regulation Of Cell Motility,2,0.14305475383730862,0.26809935028883713,False,3.07976320299112,5.988685251990531,CLDN3;CX3CL1
GO_Biological_Process_2023,Negative Regulation Of Microtubule Polymerization Or Depolymerization,1,0.14401747150131122,0.26809935028883713,False,6.69023569023569,12.964476920040203,MAP2
GO_Biological_Process_2023,Organic Cation Transport,1,0.14401747150131122,0.26809935028883713,False,6.69023569023569,12.964476920040203,SLC19A2
GO_Biological_Process_2023,Regulation Of Protein Localization To Cell Surface,1,0.14401747150131122,0.26809935028883713,False,6.69023569023569,12.964476920040203,GPM6B
GO_Biological_Process_2023,Regulation Of Response To Biotic Stimulus,1,0.14401747150131122,0.26809935028883713,False,6.69023569023569,12.964476920040203,CX3CL1
GO_Biological_Process_2023,Central Nervous System Neuron Differentiation,1,0.14401747150131122,0.26809935028883713,False,6.69023569023569,12.964476920040203,MAP2
GO_Biological_Process_2023,Response To Estradiol,1,0.14401747150131122,0.26809935028883713,False,6.69023569023569,12.964476920040203,FOXA1
GO_Biological_Process_2023,Positive Regulation Of Cholesterol Transport,1,0.14401747150131122,0.26809935028883713,False,6.69023569023569,12.964476920040203,ABCA8
GO_Biological_Process_2023,Positive Regulation Of Glucose Transmembrane Transport,1,0.14401747150131122,0.26809935028883713,False,6.69023569023569,12.964476920040203,IGF1
GO_Biological_Process_2023,Negative Chemotaxis,1,0.14401747150131122,0.26809935028883713,False,6.69023569023569,12.964476920040203,SEMA3G
GO_Biological_Process_2023,Negative Regulation Of Chemotaxis,1,0.14401747150131122,0.26809935028883713,False,6.69023569023569,12.964476920040203,SEMA3G
GO_Biological_Process_2023,Regulation Of Cell Morphogenesis,1,0.14401747150131122,0.26809935028883713,False,6.69023569023569,12.964476920040203,CLDN3
GO_Biological_Process_2023,Regulation Of Protein Kinase B Signaling,2,0.14822032377707736,0.27154257537207227,False,3.0103563813585135,5.746937220227204,IGF1;CX3CL1
GO_Biological_Process_2023,Regulation Of Cholesterol Efflux,1,0.14830402193397793,0.27154257537207227,False,6.474095796676441,12.355752978101908,ABCA8
GO_Biological_Process_2023,Phosphatidylinositol 3-Kinase Signaling,1,0.14830402193397793,0.27154257537207227,False,6.474095796676441,12.355752978101908,IGF1
GO_Biological_Process_2023,Glycosphingolipid Metabolic Process,1,0.14830402193397793,0.27154257537207227,False,6.474095796676441,12.355752978101908,UGCG
GO_Biological_Process_2023,Proteoglycan Biosynthetic Process,1,0.14830402193397793,0.27154257537207227,False,6.474095796676441,12.355752978101908,IGF1
GO_Biological_Process_2023,Purine Ribonucleoside Triphosphate Metabolic Process,1,0.14830402193397793,0.27154257537207227,False,6.474095796676441,12.355752978101908,GIMAP7
GO_Biological_Process_2023,Muscle Cell Development,1,0.14830402193397793,0.27154257537207227,False,6.474095796676441,12.355752978101908,IGF1
GO_Biological_Process_2023,Negative Regulation Of Epithelial Cell Migration,1,0.15256931999718407,0.2716987890360812,False,6.271464646464646,11.79120788980768,DCN
GO_Biological_Process_2023,Regulation Of Protein Polymerization,1,0.15256931999718407,0.2716987890360812,False,6.271464646464646,11.79120788980768,MAP2
GO_Biological_Process_2023,Phosphatidic Acid Metabolic Process,1,0.15256931999718407,0.2716987890360812,False,6.271464646464646,11.79120788980768,GPAM
GO_Biological_Process_2023,Positive Regulation Of DNA Binding,1,0.15256931999718407,0.2716987890360812,False,6.271464646464646,11.79120788980768,IGF1
GO_Biological_Process_2023,Positive Regulation Of Cytokine Production Involved In Immune Response,1,0.15256931999718407,0.2716987890360812,False,6.271464646464646,11.79120788980768,KIT
GO_Biological_Process_2023,Positive Regulation Of Establishment Of Protein Localization To Mitochondrion,1,0.15256931999718407,0.2716987890360812,False,6.271464646464646,11.79120788980768,RHOU
GO_Biological_Process_2023,Glycolipid Metabolic Process,1,0.15256931999718407,0.2716987890360812,False,6.271464646464646,11.79120788980768,UGCG
GO_Biological_Process_2023,Positive Regulation Of Release Of Sequestered Calcium Ion Into Cytosol,1,0.15256931999718407,0.2716987890360812,False,6.271464646464646,11.79120788980768,CX3CL1
GO_Biological_Process_2023,Inositol Lipid-Mediated Signaling,1,0.15256931999718407,0.2716987890360812,False,6.271464646464646,11.79120788980768,IGF1
GO_Biological_Process_2023,Positive Regulation Of Small Molecule Metabolic Process,1,0.15256931999718407,0.2716987890360812,False,6.271464646464646,11.79120788980768,IGF1
GO_Biological_Process_2023,Regulation Of Activated T Cell Proliferation,1,0.15256931999718407,0.2716987890360812,False,6.271464646464646,11.79120788980768,IGF1
GO_Biological_Process_2023,Regulation Of Amyloid-Beta Formation,1,0.15256931999718407,0.2716987890360812,False,6.271464646464646,11.79120788980768,IGF1
GO_Biological_Process_2023,Negative Regulation Of Wnt Signaling Pathway,2,0.15516626851096557,0.2724153822277197,False,2.922508133688258,5.445386768069675,IGFBP6;ANKRD6
GO_Biological_Process_2023,Negative Regulation Of Interleukin-6 Production,1,0.1568134700259566,0.2724153822277197,False,6.081114172023263,11.266469699963471,CX3CL1
GO_Biological_Process_2023,Apoptotic Mitochondrial Changes,1,0.1568134700259566,0.2724153822277197,False,6.081114172023263,11.266469699963471,ERBB4
GO_Biological_Process_2023,Regulation Of Phosphatidylinositol 3-Kinase Activity,1,0.1568134700259566,0.2724153822277197,False,6.081114172023263,11.266469699963471,KIT
GO_Biological_Process_2023,Cellular Response To Amyloid-Beta,1,0.1568134700259566,0.2724153822277197,False,6.081114172023263,11.266469699963471,IGF1
GO_Biological_Process_2023,Cellular Response To Vascular Endothelial Growth Factor Stimulus,1,0.1568134700259566,0.2724153822277197,False,6.081114172023263,11.266469699963471,EGR3
GO_Biological_Process_2023,Response To Estrogen,1,0.1568134700259566,0.2724153822277197,False,6.081114172023263,11.266469699963471,GSTM3
GO_Biological_Process_2023,Positive Regulation Of Carbohydrate Metabolic Process,1,0.1568134700259566,0.2724153822277197,False,6.081114172023263,11.266469699963471,IGF1
GO_Biological_Process_2023,Semaphorin-Plexin Signaling Pathway,1,0.1568134700259566,0.2724153822277197,False,6.081114172023263,11.266469699963471,SEMA3G
GO_Biological_Process_2023,Sister Chromatid Segregation,1,0.1568134700259566,0.2724153822277197,False,6.081114172023263,11.266469699963471,KIFC1
GO_Biological_Process_2023,Regulation Of calcineurin-NFAT Signaling Cascade,1,0.1568134700259566,0.2724153822277197,False,6.081114172023263,11.266469699963471,IGF1
GO_Biological_Process_2023,Adherens Junction Organization,1,0.16103657577419495,0.27667076895126,False,5.901960784313726,10.777710825180796,CDH3
GO_Biological_Process_2023,One-Carbon Compound Transport,1,0.16103657577419495,0.27667076895126,False,5.901960784313726,10.777710825180796,CA4
GO_Biological_Process_2023,Dendrite Morphogenesis,1,0.16103657577419495,0.27667076895126,False,5.901960784313726,10.777710825180796,MAP2
GO_Biological_Process_2023,Positive Regulation Of Mitotic Nuclear Division,1,0.16103657577419495,0.27667076895126,False,5.901960784313726,10.777710825180796,IGF1
GO_Biological_Process_2023,Macrophage Activation,1,0.16103657577419495,0.27667076895126,False,5.901960784313726,10.777710825180796,CX3CL1
GO_Biological_Process_2023,Ras Protein Signal Transduction,2,0.16217423854157628,0.2780129803569879,False,2.8396090830698477,5.165487378795345,IGF1;RAPGEFL1
GO_Biological_Process_2023,Regulation Of Glucose Import,1,0.16523874056701404,0.2820267344469824,False,5.733044733044733,10.321566994169176,IGF1
GO_Biological_Process_2023,Positive Regulation Of Phospholipase C Activity,1,0.16523874056701404,0.2820267344469824,False,5.733044733044733,10.321566994169176,KIT
GO_Biological_Process_2023,Positive Regulation Of Cellular Catabolic Process,2,0.16569987458193694,0.28219629295613713,False,2.799886621315193,5.033012105126492,IGF1;DCN
GO_Biological_Process_2023,Positive Regulation Of Cell Differentiation,3,0.16874817701986963,0.2860338796547575,False,2.1671575846833577,3.8561269768244575,PCP4;ADIRF;IGF1
GO_Biological_Process_2023,Negative Regulation Of Endothelial Cell Migration,1,0.16942006718012562,0.2860338796547575,False,5.57351290684624,9.895070145641316,DCN
GO_Biological_Process_2023,Negative Regulation Of Smooth Muscle Cell Proliferation,1,0.16942006718012562,0.2860338796547575,False,5.57351290684624,9.895070145641316,OGN
GO_Biological_Process_2023,Regulation Of Vascular Associated Smooth Muscle Cell Proliferation,1,0.16942006718012562,0.2860338796547575,False,5.57351290684624,9.895070145641316,IGF1
GO_Biological_Process_2023,Neuron Development,2,0.17279132809385747,0.2886842498649637,False,2.7236624379481524,4.7818540898178,UGCG;MAP2
GO_Biological_Process_2023,Regulation Of Intracellular Transport,1,0.17358065793162564,0.2886842498649637,False,5.422604422604422,9.495592558231127,MAP2
GO_Biological_Process_2023,Calcium-Dependent Cell-Cell Adhesion Via Plasma Membrane Cell Adhesion Molecules,1,0.17358065793162564,0.2886842498649637,False,5.422604422604422,9.495592558231127,CDH3
GO_Biological_Process_2023,Positive Regulation Of Bone Mineralization,1,0.17358065793162564,0.2886842498649637,False,5.422604422604422,9.495592558231127,GPM6B
GO_Biological_Process_2023,Response To Transforming Growth Factor Beta,1,0.17358065793162564,0.2886842498649637,False,5.422604422604422,9.495592558231127,CLEC3B
GO_Biological_Process_2023,Fatty Acid Transport,1,0.17358065793162564,0.2886842498649637,False,5.422604422604422,9.495592558231127,FABP4
GO_Biological_Process_2023,Membrane Assembly,1,0.17358065793162564,0.2886842498649637,False,5.422604422604422,9.495592558231127,UGCG
GO_Biological_Process_2023,Negative Regulation Of Mitochondrion Organization,1,0.17772061456847035,0.2918359565545408,False,5.279638490164806,9.12080010262218,IGF1
GO_Biological_Process_2023,Regulation Of Mitotic Spindle Organization,1,0.17772061456847035,0.2918359565545408,False,5.279638490164806,9.12080010262218,CLTC
GO_Biological_Process_2023,Regulation Of Protein Targeting To Mitochondrion,1,0.17772061456847035,0.2918359565545408,False,5.279638490164806,9.12080010262218,RHOU
GO_Biological_Process_2023,Digestive Tract Development,1,0.17772061456847035,0.2918359565545408,False,5.279638490164806,9.12080010262218,KIT
GO_Biological_Process_2023,Vitamin Transport,1,0.17772061456847035,0.2918359565545408,False,5.279638490164806,9.12080010262218,SLC19A2
GO_Biological_Process_2023,Negative Regulation Of Cell-Substrate Adhesion,1,0.17772061456847035,0.2918359565545408,False,5.279638490164806,9.12080010262218,CX3CL1
GO_Biological_Process_2023,Cellular Response To Growth Factor Stimulus,2,0.18172475649197342,0.2930479958421482,False,2.633986928104575,4.49163798449718,CLEC3B;EGR3
GO_Biological_Process_2023,Notch Signaling Pathway,1,0.18184003844564067,0.2930479958421482,False,5.144004144004144,8.768612919919887,ZNF423
GO_Biological_Process_2023,Regulation Of Glycolytic Process,1,0.18184003844564067,0.2930479958421482,False,5.144004144004144,8.768612919919887,IGF1
GO_Biological_Process_2023,Negative Regulation Of Protein Localization,1,0.18184003844564067,0.2930479958421482,False,5.144004144004144,8.768612919919887,GPM6B
GO_Biological_Process_2023,Regulation Of Microtubule Polymerization,1,0.18184003844564067,0.2930479958421482,False,5.144004144004144,8.768612919919887,MAP2
GO_Biological_Process_2023,Regulation Of Small Molecule Metabolic Process,1,0.18184003844564067,0.2930479958421482,False,5.144004144004144,8.768612919919887,PDK4
GO_Biological_Process_2023,Water-Soluble Vitamin Metabolic Process,1,0.18184003844564067,0.2930479958421482,False,5.144004144004144,8.768612919919887,SLC19A2
GO_Biological_Process_2023,Positive Regulation Of Wound Healing,1,0.18184003844564067,0.2930479958421482,False,5.144004144004144,8.768612919919887,CLDN3
GO_Biological_Process_2023,Protein Localization To Cilium,1,0.18184003844564067,0.2930479958421482,False,5.144004144004144,8.768612919919887,ZNF423
GO_Biological_Process_2023,O-glycan Processing,1,0.1859390303366049,0.29658986434059675,False,5.015151515151516,8.43717221072756,GALNT7
GO_Biological_Process_2023,Regulation Of Release Of Cytochrome C From Mitochondria,1,0.1859390303366049,0.29658986434059675,False,5.015151515151516,8.43717221072756,IGF1
GO_Biological_Process_2023,Detection Of Chemical Stimulus Involved In Sensory Perception Of Bitter Taste,1,0.1859390303366049,0.29658986434059675,False,5.015151515151516,8.43717221072756,CST1
GO_Biological_Process_2023,Stem Cell Differentiation,1,0.1859390303366049,0.29658986434059675,False,5.015151515151516,8.43717221072756,KIT
GO_Biological_Process_2023,Positive Regulation Of Ossification,1,0.1859390303366049,0.29658986434059675,False,5.015151515151516,8.43717221072756,GPM6B
GO_Biological_Process_2023,DNA Recombination,1,0.1900176905858975,0.29942181546868696,False,4.892584380389258,8.124812043283224,EXO1
GO_Biological_Process_2023,Positive Regulation Of Calcium Ion Transmembrane Transport,1,0.1900176905858975,0.29942181546868696,False,4.892584380389258,8.124812043283224,CX3CL1
GO_Biological_Process_2023,Sensory Perception Of Bitter Taste,1,0.1900176905858975,0.29942181546868696,False,4.892584380389258,8.124812043283224,CST1
GO_Biological_Process_2023,Positive Regulation Of Neuron Differentiation,1,0.1900176905858975,0.29942181546868696,False,4.892584380389258,8.124812043283224,PCP4
GO_Biological_Process_2023,Keratinocyte Differentiation,1,0.1900176905858975,0.29942181546868696,False,4.892584380389258,8.124812043283224,UGCG
GO_Biological_Process_2023,Lysosome Localization,1,0.1900176905858975,0.29942181546868696,False,4.892584380389258,8.124812043283224,KIT
GO_Biological_Process_2023,Regulation Of Nucleic Acid-Templated Transcription,4,0.1904659041545277,0.2995229944365556,False,1.8091517857142858,3.0000839885123205,HES6;EFEMP1;ZNF423;SOX7
GO_Biological_Process_2023,Regulation Of Filopodium Assembly,1,0.19407611900781976,0.3013689067705354,False,4.775853775853776,7.830035336967146,SRGAP2C
GO_Biological_Process_2023,Response To Amyloid-Beta,1,0.19407611900781976,0.3013689067705354,False,4.775853775853776,7.830035336967146,IGF1
GO_Biological_Process_2023,Positive Regulation Of Biomineral Tissue Development,1,0.19407611900781976,0.3013689067705354,False,4.775853775853776,7.830035336967146,GPM6B
GO_Biological_Process_2023,Positive Regulation Of Cell-Matrix Adhesion,1,0.19407611900781976,0.3013689067705354,False,4.775853775853776,7.830035336967146,CX3CL1
GO_Biological_Process_2023,Energy Derivation By Oxidation Of Organic Compounds,1,0.19407611900781976,0.3013689067705354,False,4.775853775853776,7.830035336967146,LEPR
GO_Biological_Process_2023,Positive Regulation Of miRNA Transcription,1,0.19407611900781976,0.3013689067705354,False,4.775853775853776,7.830035336967146,FOXA1
GO_Biological_Process_2023,Protein Autophosphorylation,2,0.19434430782766576,0.3013689067705354,False,2.517857142857143,4.124561988604351,ERBB4;KIT
GO_Biological_Process_2023,Negative Regulation Of Cell Migration,2,0.1961566278092089,0.3035757335142519,False,2.502091519837749,4.0755112984827235,CLDN3;CX3CL1
GO_Biological_Process_2023,Bone Development,1,0.19811441496549978,0.30419142455332643,False,4.664552501761804,7.551493311263548,OGN
GO_Biological_Process_2023,Embryonic Organ Morphogenesis,1,0.19811441496549978,0.30419142455332643,False,4.664552501761804,7.551493311263548,EFEMP1
GO_Biological_Process_2023,Positive Regulation Of Osteoblast Differentiation,1,0.19811441496549978,0.30419142455332643,False,4.664552501761804,7.551493311263548,IGF1
GO_Biological_Process_2023,Mitotic Spindle Assembly,1,0.19811441496549978,0.30419142455332643,False,4.664552501761804,7.551493311263548,KIFC1
GO_Biological_Process_2023,Regulation Of Cellular Metabolic Process,1,0.20213267727917436,0.3067383040423268,False,4.558310376492194,7.287967841732019,PDK4
GO_Biological_Process_2023,Regulation Of Protein Modification Process,1,0.20213267727917436,0.3067383040423268,False,4.558310376492194,7.287967841732019,IGF1
GO_Biological_Process_2023,Detection Of Chemical Stimulus Involved In Sensory Perception Of Taste,1,0.20213267727917436,0.3067383040423268,False,4.558310376492194,7.287967841732019,CST1
GO_Biological_Process_2023,Epidermal Growth Factor Receptor Signaling Pathway,1,0.20213267727917436,0.3067383040423268,False,4.558310376492194,7.287967841732019,EFEMP1
GO_Biological_Process_2023,Triglyceride Metabolic Process,1,0.20213267727917436,0.3067383040423268,False,4.558310376492194,7.287967841732019,GPAM
GO_Biological_Process_2023,Regulation Of Apoptotic Signaling Pathway,1,0.20213267727917436,0.3067383040423268,False,4.558310376492194,7.287967841732019,CX3CL1
GO_Biological_Process_2023,Regulation Of Fibroblast Proliferation,1,0.20613100438312365,0.31039031548037926,False,4.45679012345679,7.038356248208516,IGF1
GO_Biological_Process_2023,Development Of Primary Male Sexual Characteristics,1,0.20613100438312365,0.31039031548037926,False,4.45679012345679,7.038356248208516,KIT
GO_Biological_Process_2023,Male Gonad Development,1,0.20613100438312365,0.31039031548037926,False,4.45679012345679,7.038356248208516,KIT
GO_Biological_Process_2023,Negative Regulation Of Cold-Induced Thermogenesis,1,0.20613100438312365,0.31039031548037926,False,4.45679012345679,7.038356248208516,ZNF423
GO_Biological_Process_2023,Bicellular Tight Junction Assembly,1,0.2101094941683413,0.31395671542395825,False,4.359683794466403,6.801658146757973,CLDN3
GO_Biological_Process_2023,Regulation Of Wound Healing,1,0.2101094941683413,0.31395671542395825,False,4.359683794466403,6.801658146757973,CLDN3
GO_Biological_Process_2023,Epithelial To Mesenchymal Transition,1,0.2101094941683413,0.31395671542395825,False,4.359683794466403,6.801658146757973,IGF1
GO_Biological_Process_2023,Insulin Receptor Signaling Pathway,1,0.2101094941683413,0.31395671542395825,False,4.359683794466403,6.801658146757973,PDK4
GO_Biological_Process_2023,Regulation Of DNA Binding,1,0.2140682440880332,0.31865120303180516,False,4.266709649688373,6.576964036635908,IGF1
GO_Biological_Process_2023,Myelination,1,0.2140682440880332,0.31865120303180516,False,4.266709649688373,6.576964036635908,GPM6B
GO_Biological_Process_2023,Positive Regulation Of Cellular Biosynthetic Process,2,0.21622165762859566,0.32124360561962784,False,2.340768865685809,3.5847732993930266,CDH3;IGF1
GO_Biological_Process_2023,Neurogenesis,1,0.21800735103248006,0.3214475119193468,False,4.177609427609427,6.363445371866637,ERBB4
GO_Biological_Process_2023,Erythrocyte Differentiation,1,0.21800735103248006,0.3214475119193468,False,4.177609427609427,6.363445371866637,KIT
GO_Biological_Process_2023,Positive Regulation Of miRNA Metabolic Process,1,0.21800735103248006,0.3214475119193468,False,4.177609427609427,6.363445371866637,FOXA1
GO_Biological_Process_2023,Regulation Of Cell Communication,1,0.21800735103248006,0.3214475119193468,False,4.177609427609427,6.363445371866637,UGCG
GO_Biological_Process_2023,Positive Regulation Of Fat Cell Differentiation,1,0.22192691156038513,0.3253815620622188,False,4.092145949288806,6.1603458876211565,ADIRF
GO_Biological_Process_2023,Positive Regulation Of Transport,1,0.22192691156038513,0.3253815620622188,False,4.092145949288806,6.1603458876211565,CDH3
GO_Biological_Process_2023,Mitotic Metaphase Plate Congression,1,0.22192691156038513,0.3253815620622188,False,4.092145949288806,6.1603458876211565,KIFC1
GO_Biological_Process_2023,Amide Biosynthetic Process,1,0.22582702165646545,0.3261945868371168,False,4.01010101010101,5.966974015935645,ABCA8
GO_Biological_Process_2023,Regulation Of Release Of Sequestered Calcium Ion Into Cytosol,1,0.22582702165646545,0.3261945868371168,False,4.01010101010101,5.966974015935645,CX3CL1
GO_Biological_Process_2023,Regulation Of Stress-Activated MAPK Cascade,1,0.22582702165646545,0.3261945868371168,False,4.01010101010101,5.966974015935645,IGFBP6
GO_Biological_Process_2023,Positive Regulation Of Ras Protein Signal Transduction,1,0.22582702165646545,0.3261945868371168,False,4.01010101010101,5.966974015935645,IGF1
GO_Biological_Process_2023,Cholesterol Transport,1,0.22582702165646545,0.3261945868371168,False,4.01010101010101,5.966974015935645,ABCA8
GO_Biological_Process_2023,Positive Regulation Of Actin Filament Bundle Assembly,1,0.22582702165646545,0.3261945868371168,False,4.01010101010101,5.966974015935645,CX3CL1
GO_Biological_Process_2023,Metaphase Plate Congression,1,0.22582702165646545,0.3261945868371168,False,4.01010101010101,5.966974015935645,KIFC1
GO_Biological_Process_2023,Receptor Internalization,1,0.22582702165646545,0.3261945868371168,False,4.01010101010101,5.966974015935645,CLTC
GO_Biological_Process_2023,Rho Protein Signal Transduction,1,0.22970777681698884,0.3299669722232989,False,3.9312735195088138,5.782696221966044,RHOU
GO_Biological_Process_2023,Cartilage Development,1,0.22970777681698884,0.3299669722232989,False,3.9312735195088138,5.782696221966044,OGN
GO_Biological_Process_2023,Sprouting Angiogenesis,1,0.22970777681698884,0.3299669722232989,False,3.9312735195088138,5.782696221966044,EGR3
GO_Biological_Process_2023,Negative Regulation Of Metabolic Process,1,0.23356927222454107,0.3318470534337742,False,3.8554778554778553,5.606931137649977,ZNF423
GO_Biological_Process_2023,Actin Cytoskeleton Reorganization,1,0.23356927222454107,0.3318470534337742,False,3.8554778554778553,5.606931137649977,KIT
GO_Biological_Process_2023,Cellular Response To Alcohol,1,0.23356927222454107,0.3318470534337742,False,3.8554778554778553,5.606931137649977,GRAMD1C
GO_Biological_Process_2023,Tight Junction Assembly,1,0.23356927222454107,0.3318470534337742,False,3.8554778554778553,5.606931137649977,CLDN3
GO_Biological_Process_2023,Gonad Development,1,0.23356927222454107,0.3318470534337742,False,3.8554778554778553,5.606931137649977,KIT
GO_Biological_Process_2023,Negative Regulation Of Cysteine-Type Endopeptidase Activity,1,0.23356927222454107,0.3318470534337742,False,3.8554778554778553,5.606931137649977,CST1
GO_Biological_Process_2023,Regulation Of Focal Adhesion Assembly,1,0.23741160244685378,0.33426182293961365,False,3.7825424051839147,5.43914439332398,GPM6B
GO_Biological_Process_2023,Apical Junction Assembly,1,0.23741160244685378,0.33426182293961365,False,3.7825424051839147,5.43914439332398,CLDN3
GO_Biological_Process_2023,Epidermal Cell Differentiation,1,0.23741160244685378,0.33426182293961365,False,3.7825424051839147,5.43914439332398,UGCG
GO_Biological_Process_2023,Protein K63-linked Ubiquitination,1,0.23741160244685378,0.33426182293961365,False,3.7825424051839147,5.43914439332398,UBE2S
GO_Biological_Process_2023,Mesenchymal Cell Differentiation,1,0.23741160244685378,0.33426182293961365,False,3.7825424051839147,5.43914439332398,IGF1
GO_Biological_Process_2023,Negative Regulation Of Macromolecule Metabolic Process,2,0.23831340617416621,0.3349269492177471,False,2.186779059449867,3.136209947287738,CLDN3;IGF1
GO_Biological_Process_2023,Protein Phosphorylation,4,0.24076340791661854,0.33776161542259436,False,1.6300403225806452,2.3210804932024436,EFEMP1;ERBB4;KIT;PDK4
GO_Biological_Process_2023,Cellular Response To Fibroblast Growth Factor Stimulus,1,0.2412348616553018,0.3378154256573347,False,3.7123082678638233,5.278844037828421,EGR3
GO_Biological_Process_2023,Regulation Of Mitotic Nuclear Division,1,0.24503914356804327,0.34191508404843246,False,3.644628099173554,5.125576482532065,IGF1
GO_Biological_Process_2023,Cellular Response To Peptide,1,0.24503914356804327,0.34191508404843246,False,3.644628099173554,5.125576482532065,IGF1
GO_Biological_Process_2023,Myeloid Cell Differentiation,1,0.24882454141300062,0.34657703982525084,False,3.5793650793650795,4.978922896997587,KIT
GO_Biological_Process_2023,Neuron Projection Development,2,0.24940848606772398,0.3467711570995093,False,2.117078410311493,2.939908923064224,MAP2;GPM6B
GO_Biological_Process_2023,Response To Organic Cyclic Compound,1,0.2525911479606718,0.3487099033793345,False,3.5163919900762006,4.8384959983786695,FOXA1
GO_Biological_Process_2023,Eye Development,1,0.2525911479606718,0.3487099033793345,False,3.5163919900762006,4.8384959983786695,EFEMP1
GO_Biological_Process_2023,Positive Regulation Of Mitochondrion Organization,1,0.2525911479606718,0.3487099033793345,False,3.5163919900762006,4.8384959983786695,DCN
GO_Biological_Process_2023,Regulation Of Bone Mineralization,1,0.2525911479606718,0.3487099033793345,False,3.5163919900762006,4.8384959983786695,GPM6B
GO_Biological_Process_2023,Regulation Of miRNA Transcription,1,0.25633905564263204,0.3526357379210811,False,3.4555903866248694,4.703937185372145,FOXA1
GO_Biological_Process_2023,Anterior/Posterior Pattern Specification,1,0.25633905564263204,0.3526357379210811,False,3.4555903866248694,4.703937185372145,HES6
GO_Biological_Process_2023,Regulation Of Extrinsic Apoptotic Signaling Pathway,1,0.26006835626766184,0.35713612304362014,False,3.396849854476973,4.574913980988086,IGF1
GO_Biological_Process_2023,Positive Regulation Of Cell Junction Assembly,1,0.26377914130867525,0.3609609302118714,False,3.34006734006734,4.4511177340934625,CLDN3
GO_Biological_Process_2023,Negative Regulation Of Autophagy,1,0.26377914130867525,0.3609609302118714,False,3.34006734006734,4.4511177340934625,LEPR
GO_Biological_Process_2023,Organic Substance Transport,2,0.2660805999708533,0.36346301638424106,False,2.020408163265306,2.6749315277587793,CCL8;ABCA8
GO_Biological_Process_2023,Cell Junction Organization,1,0.2674715018007107,0.36346301638424106,False,3.2851465474416295,4.3322615615299345,CLDN3
GO_Biological_Process_2023,Phosphatidylinositol-Mediated Signaling,1,0.2674715018007107,0.36346301638424106,False,3.2851465474416295,4.3322615615299345,IGF1
GO_Biological_Process_2023,Protein Lipidation,1,0.2674715018007107,0.36346301638424106,False,3.2851465474416295,4.3322615615299345,UGCG
GO_Biological_Process_2023,Positive Regulation Of Macromolecule Metabolic Process,3,0.2741504141328689,0.3714818413472615,False,1.6739583630807893,2.166233304128739,CLDN3;CDH3;IGF1
GO_Biological_Process_2023,Positive Regulation Of Cysteine-Type Endopeptidase Activity,1,0.2748013108427819,0.3714818413472615,False,3.1805355138688474,4.108319823136149,SOX7
GO_Biological_Process_2023,Positive Regulation Of Macroautophagy,1,0.2748013108427819,0.3714818413472615,False,3.1805355138688474,4.108319823136149,DCN
GO_Biological_Process_2023,Negative Regulation Of Cell Differentiation,2,0.2771996724711015,0.3731655886370359,False,1.9606769537083126,2.515582241975174,FOXA1;EFEMP1
GO_Biological_Process_2023,Regulation Of Apoptotic Process,5,0.2773839308241111,0.3731655886370359,False,1.443609022556391,1.8512159286775072,FOXA1;EGR3;ERBB4;IGF1;CX3CL1
GO_Biological_Process_2023,Canonical Wnt Signaling Pathway,1,0.2784389392137884,0.3731655886370359,False,3.1306818181818183,4.00275356439037,CDH3
GO_Biological_Process_2023,Positive Regulation Of T Cell Proliferation,1,0.2784389392137884,0.3731655886370359,False,3.1306818181818183,4.00275356439037,IGF1
GO_Biological_Process_2023,Positive Regulation Of Cell Cycle,1,0.2784389392137884,0.3731655886370359,False,3.1306818181818183,4.00275356439037,FOXA1
GO_Biological_Process_2023,Negative Regulation Of Endopeptidase Activity,1,0.28205850257636833,0.3767963252580072,False,3.0823620823620823,3.9011631304837175,CST1
GO_Biological_Process_2023,Positive Regulation Of DNA-templated Transcription,8,0.28211417173163617,0.3767963252580072,False,1.31420524555536,1.66305238798598,FOXA1;ERBB4;ADIRF;MYBL2;IGF1;ZNF423;CX3CL1;DCN
GO_Biological_Process_2023,Negative Regulation Of Cellular Catabolic Process,1,0.28566008980872587,0.3808801197449678,False,3.0355065809611266,3.8033460819667058,LEPR
GO_Biological_Process_2023,B Cell Differentiation,1,0.2892437892552286,0.3830393134449547,False,2.990049751243781,3.7091130169332227,KIT
GO_Biological_Process_2023,Cell-Cell Junction Organization,1,0.2892437892552286,0.3830393134449547,False,2.990049751243781,3.7091130169332227,CDH3
GO_Biological_Process_2023,Skin Development,1,0.2892437892552286,0.3830393134449547,False,2.990049751243781,3.7091130169332227,UGCG
GO_Biological_Process_2023,Intermediate Filament Organization,1,0.2892437892552286,0.3830393134449547,False,2.990049751243781,3.7091130169332227,KRT5
GO_Biological_Process_2023,Negative Regulation Of Extrinsic Apoptotic Signaling Pathway,1,0.29635787620352466,0.3891568071359415,False,2.9030888596105986,3.530700422312052,IGF1
GO_Biological_Process_2023,Sulfur Compound Biosynthetic Process,1,0.29635787620352466,0.3891568071359415,False,2.9030888596105986,3.530700422312052,CDO1
GO_Biological_Process_2023,Positive Regulation Of Protein Transport,1,0.29635787620352466,0.3891568071359415,False,2.9030888596105986,3.530700422312052,IGF1
GO_Biological_Process_2023,Regulation Of Actin Filament-Based Process,1,0.29635787620352466,0.3891568071359415,False,2.9030888596105986,3.530700422312052,GPM6B
GO_Biological_Process_2023,Regulation Of Cellular Biosynthetic Process,1,0.29635787620352466,0.3891568071359415,False,2.9030888596105986,3.530700422312052,PDK4
GO_Biological_Process_2023,Negative Regulation Of Protein Binding,1,0.2998884383134025,0.3905058128288046,False,2.8614718614718613,3.446198601550195,MAP2
GO_Biological_Process_2023,Negative Regulation Of Supramolecular Fiber Organization,1,0.2998884383134025,0.3905058128288046,False,2.8614718614718613,3.446198601550195,MAP2
GO_Biological_Process_2023,Cell-Cell Junction Assembly,1,0.2998884383134025,0.3905058128288046,False,2.8614718614718613,3.446198601550195,CDH3
GO_Biological_Process_2023,Synapse Assembly,1,0.2998884383134025,0.3905058128288046,False,2.8614718614718613,3.446198601550195,SRGAP2C
GO_Biological_Process_2023,Myeloid Leukocyte Differentiation,1,0.2998884383134025,0.3905058128288046,False,2.8614718614718613,3.446198601550195,KIT
GO_Biological_Process_2023,Plasma Membrane Organization,1,0.30340146185965494,0.3937656243769232,False,2.821027173139849,3.3646345783285243,UGCG
GO_Biological_Process_2023,Negative Regulation Of Cell Adhesion,1,0.30340146185965494,0.3937656243769232,False,2.821027173139849,3.3646345783285243,CX3CL1
GO_Biological_Process_2023,Positive Regulation Of Secretion By Cell,1,0.30689703311188365,0.39698123686114306,False,2.781705948372615,3.2858706369655613,IGF1
GO_Biological_Process_2023,Monocarboxylic Acid Transport,1,0.30689703311188365,0.39698123686114306,False,2.781705948372615,3.2858706369655613,FABP4
GO_Biological_Process_2023,Negative Regulation Of Neuron Apoptotic Process,1,0.31037523789289684,0.4008157045636747,False,2.74346201743462,3.209777224050686,CX3CL1
GO_Biological_Process_2023,Protein Polyubiquitination,2,0.3123140668141255,0.40195764546106316,False,1.7926384839650147,2.0861758168935705,UBE2S;UBE2QL1
GO_Biological_Process_2023,Regulation Of Fat Cell Differentiation,1,0.31383616164844547,0.40195764546106316,False,2.7062517062517064,3.1362323637249645,ADIRF
GO_Biological_Process_2023,Regulation Of Stress Fiber Assembly,1,0.31383616164844547,0.40195764546106316,False,2.7062517062517064,3.1362323637249645,CGNL1
GO_Biological_Process_2023,Positive Regulation Of Neurogenesis,1,0.31383616164844547,0.40195764546106316,False,2.7062517062517064,3.1362323637249645,CX3CL1
GO_Biological_Process_2023,Regulation Of BMP Signaling Pathway,1,0.31383616164844547,0.40195764546106316,False,2.7062517062517064,3.1362323637249645,ZNF423
GO_Biological_Process_2023,Positive Regulation Of Protein Secretion,1,0.31727988935066437,0.4050381566178694,False,2.67003367003367,3.0651211233087037,IGF1
GO_Biological_Process_2023,Regulation Of Ras Protein Signal Transduction,1,0.31727988935066437,0.4050381566178694,False,2.67003367003367,3.0651211233087037,IGF1
GO_Biological_Process_2023,Cell Morphogenesis Involved In Neuron Differentiation,1,0.3207065055587057,0.40543123879382575,False,2.6347687400318978,2.996335121708695,MAP2
GO_Biological_Process_2023,Positive Regulation Of JNK Cascade,1,0.3207065055587057,0.40543123879382575,False,2.6347687400318978,2.996335121708695,ANKRD6
GO_Biological_Process_2023,Embryonic Organ Development,1,0.3207065055587057,0.40543123879382575,False,2.6347687400318978,2.996335121708695,KIT
GO_Biological_Process_2023,Positive Regulation Of Endothelial Cell Proliferation,1,0.3207065055587057,0.40543123879382575,False,2.6347687400318978,2.996335121708695,EGR3
GO_Biological_Process_2023,Sphingolipid Biosynthetic Process,1,0.3207065055587057,0.40543123879382575,False,2.6347687400318978,2.996335121708695,ABCA8
GO_Biological_Process_2023,Negative Regulation Of Blood Vessel Morphogenesis,1,0.3207065055587057,0.40543123879382575,False,2.6347687400318978,2.996335121708695,DCN
GO_Biological_Process_2023,Negative Regulation Of Multicellular Organismal Process,2,0.3215064257532412,0.40578480920312,False,1.7530523126281081,1.9892546346084379,FOXA1;ZNF423
GO_Biological_Process_2023,Cellular Response To Nutrient Levels,1,0.32411609442991285,0.4084176957275154,False,2.600419782237964,2.929772078325152,PDK4
GO_Biological_Process_2023,Regulation Of Neuron Differentiation,1,0.32750873980152984,0.41136363453332253,False,2.566951566951567,2.865335397718705,PCP4
GO_Biological_Process_2023,Positive Regulation Of Cytoskeleton Organization,1,0.32750873980152984,0.41136363453332253,False,2.566951566951567,2.865335397718705,CX3CL1
GO_Biological_Process_2023,Positive Regulation Of Transcription By RNA Polymerase II,6,0.32831853567651287,0.41171777785800645,False,1.299059446625879,1.446854734380387,FOXA1;ADIRF;MYBL2;IGF1;CX3CL1;DCN
GO_Biological_Process_2023,Regulation Of Cytokinesis,1,0.3308845249727721,0.4129438871660196,False,2.534330648254699,2.8029337896230073,KLHL13
GO_Biological_Process_2023,Regulation Of Protein Localization To Plasma Membrane,1,0.3308845249727721,0.4129438871660196,False,2.534330648254699,2.8029337896230073,CLTC
GO_Biological_Process_2023,Glycoprotein Biosynthetic Process,1,0.3308845249727721,0.4129438871660196,False,2.534330648254699,2.8029337896230073,IGF1
GO_Biological_Process_2023,Regulation Of Gene Expression,7,0.3333663024528846,0.41448323628997596,False,1.2620967741935485,1.38643020113204,HES6;CLDN3;CDH3;EFEMP1;IGF1;ZNF423;SOX7
GO_Biological_Process_2023,Activation Of Protein Kinase Activity,1,0.33424353285435243,0.41448323628997596,False,2.5025252525252526,2.742480915944007,IGF1
GO_Biological_Process_2023,Spindle Assembly,1,0.33424353285435243,0.41448323628997596,False,2.5025252525252526,2.742480915944007,KIFC1
GO_Biological_Process_2023,Macromolecule Modification,1,0.33424353285435243,0.41448323628997596,False,2.5025252525252526,2.742480915944007,UBE2S
GO_Biological_Process_2023,Regulation Of Phosphorylation,1,0.3375858460637784,0.41796342845991613,False,2.471505175208879,2.6838950656014107,IGF1
GO_Biological_Process_2023,Vesicle-Mediated Transport,3,0.33837475064059924,0.41827623692498794,False,1.4775621588841723,1.6010882288862256,CCL8;DPYSL2;RHOU
GO_Biological_Process_2023,Regulation Of Autophagy,2,0.3398001251547534,0.4187574904608937,False,1.678848945435915,1.81214569274415,LEPR;DCN
GO_Biological_Process_2023,Regulation Of Epithelial To Mesenchymal Transition,1,0.3409115467213686,0.4187574904608937,False,2.4412416851441243,2.627098856469418,FOXA1
GO_Biological_Process_2023,Vascular Transport,1,0.3409115467213686,0.4187574904608937,False,2.4412416851441243,2.627098856469418,LEPR
GO_Biological_Process_2023,Regulation Of Cell Division,1,0.3409115467213686,0.4187574904608937,False,2.4412416851441243,2.627098856469418,KLHL13
GO_Biological_Process_2023,Regulation Of Cysteine-Type Endopeptidase Activity Involved In Apoptotic Process,1,0.34422071652682057,0.4214947549308007,False,2.4117074358038213,2.572018957842433,SOX7
GO_Biological_Process_2023,Purine Ribonucleotide Metabolic Process,1,0.34422071652682057,0.4214947549308007,False,2.4117074358038213,2.572018957842433,GIMAP7
GO_Biological_Process_2023,Positive Regulation Of Cellular Process,4,0.3458924534490428,0.42155595762913883,False,1.3637005649717515,1.4477418584729556,CDH3;ERBB4;IGF1;CX3CL1
GO_Biological_Process_2023,Regulation Of Kinase Activity,1,0.34751343686607217,0.42155595762913883,False,2.382876382876383,2.5185858334956643,ERBB4
GO_Biological_Process_2023,Regulation Of Osteoblast Differentiation,1,0.34751343686607217,0.42155595762913883,False,2.382876382876383,2.5185858334956643,IGF1
GO_Biological_Process_2023,Positive Regulation Of Canonical Wnt Signaling Pathway,1,0.34751343686607217,0.42155595762913883,False,2.382876382876383,2.5185858334956643,CDH3
GO_Biological_Process_2023,Transport Across Blood-Brain Barrier,1,0.34751343686607217,0.42155595762913883,False,2.382876382876383,2.5185858334956643,LEPR
GO_Biological_Process_2023,Mitotic Spindle Organization,1,0.34751343686607217,0.42155595762913883,False,2.382876382876383,2.5185858334956643,KIFC1
GO_Biological_Process_2023,Exocytosis,1,0.3507897886854045,0.4242109072474659,False,2.354723707664884,2.46673350535558,CCL8
GO_Biological_Process_2023,Negative Regulation Of Angiogenesis,1,0.3507897886854045,0.4242109072474659,False,2.354723707664884,2.46673350535558,DCN
GO_Biological_Process_2023,Regulation Of Endothelial Cell Migration,1,0.35729370848339814,0.43140726411308133,False,2.3003599210495764,2.367523811703655,DCN
GO_Biological_Process_2023,Organic Anion Transport,1,0.3605214364245345,0.43396098828879154,False,2.2741046831955924,2.32005037808893,CA4
GO_Biological_Process_2023,Sensory Perception Of Mechanical Stimulus,1,0.3605214364245345,0.43396098828879154,False,2.2741046831955924,2.32005037808893,COL11A1
GO_Biological_Process_2023,Regulation Of Peptidyl-Tyrosine Phosphorylation,1,0.3637331156781473,0.43715228078421403,False,2.2484394506866416,2.2739252396942655,IGF1
GO_Biological_Process_2023,Regulation Of Epithelial Cell Proliferation,1,0.36692882526242315,0.43829170552019914,False,2.22334455667789,2.2290972080359737,IGF1
GO_Biological_Process_2023,Positive Regulation Of MAP Kinase Activity,1,0.36692882526242315,0.43829170552019914,False,2.22334455667789,2.2290972080359737,KIT
GO_Biological_Process_2023,Positive Regulation Of Binding,1,0.36692882526242315,0.43829170552019914,False,2.22334455667789,2.2290972080359737,IGF1
GO_Biological_Process_2023,Regulation Of Actin Cytoskeleton Organization,1,0.36692882526242315,0.43829170552019914,False,2.22334455667789,2.2290972080359737,GPM6B
GO_Biological_Process_2023,Nervous System Development,3,0.36846177537653624,0.4393983898838707,False,1.400383601054903,1.3981686185907025,ERBB4;GPM6B;RAPGEFL1
GO_Biological_Process_2023,Protein Ubiquitination,3,0.3698252635364325,0.4393983898838707,False,1.3970626928504797,1.3896926920356492,UBE2S;UBE2QL1;KLHL13
GO_Biological_Process_2023,B Cell Activation,1,0.3701086437867988,0.4393983898838707,False,2.1988011988011986,2.185517547233266,KIT
GO_Biological_Process_2023,Positive Regulation Of Neuron Projection Development,1,0.3701086437867988,0.4393983898838707,False,2.1988011988011986,2.185517547233266,CX3CL1
GO_Biological_Process_2023,Regulation Of Endothelial Cell Proliferation,1,0.3732726494349856,0.4411404038777103,False,2.1747913921826965,2.1431398321634836,EGR3
GO_Biological_Process_2023,Protein O-linked Glycosylation,1,0.3732726494349856,0.4411404038777103,False,2.1747913921826965,2.1431398321634836,GALNT7
GO_Biological_Process_2023,Negative Regulation Of Amide Metabolic Process,1,0.3732726494349856,0.4411404038777103,False,2.1747913921826965,2.1431398321634836,IGF1
GO_Biological_Process_2023,Cellular Response To Hormone Stimulus,1,0.3764209201158763,0.442181201340939,False,2.1512979254914737,2.101919815261755,OXTR
GO_Biological_Process_2023,"Retrograde Transport, Endosome To Golgi",1,0.3764209201158763,0.442181201340939,False,2.1512979254914737,2.101919815261755,CLTC
GO_Biological_Process_2023,Sphingolipid Metabolic Process,1,0.3764209201158763,0.442181201340939,False,2.1512979254914737,2.101919815261755,UGCG
GO_Biological_Process_2023,Muscle Contraction,1,0.3764209201158763,0.442181201340939,False,2.1512979254914737,2.101919815261755,OXTR
GO_Biological_Process_2023,Cell Junction Assembly,1,0.37955353321698265,0.4445221560198896,False,2.1283043197936813,2.061815304518316,CDH3
GO_Biological_Process_2023,Positive Regulation Of Transmembrane Receptor Protein Serine/Threonine Kinase Signaling Pathway,1,0.37955353321698265,0.4445221560198896,False,2.1283043197936813,2.061815304518316,ZNF423
GO_Biological_Process_2023,Regulation Of Macroautophagy,1,0.38267056588073545,0.4461629916098261,False,2.105794790005316,2.022786046627892,DCN
GO_Biological_Process_2023,Cellular Response To Transforming Growth Factor Beta Stimulus,1,0.38267056588073545,0.4461629916098261,False,2.105794790005316,2.022786046627892,CLEC3B
GO_Biological_Process_2023,Positive Regulation Of Supramolecular Fiber Organization,1,0.38267056588073545,0.4461629916098261,False,2.105794790005316,2.022786046627892,CX3CL1
GO_Biological_Process_2023,Positive Regulation Of Signal Transduction,2,0.38482364253272927,0.44800364354556543,False,1.517934446505875,1.4495820420264696,CDH3;IGF1
GO_Biological_Process_2023,Negative Regulation Of Signal Transduction,2,0.38659917814043754,0.44939993882196916,False,1.5121293800539084,1.4370776176829945,CX3CL1;DCN
GO_Biological_Process_2023,Negative Regulation Of Macromolecule Biosynthetic Process,1,0.38885819639751296,0.45068260503723645,False,2.062168072477351,1.947801335478516,CLTC
GO_Biological_Process_2023,MAPK Cascade,1,0.38885819639751296,0.45068260503723645,False,2.062168072477351,1.947801335478516,IGF1
GO_Biological_Process_2023,Axon Development,1,0.39192894652386845,0.45289567153869237,False,2.0410224695938983,1.9117741389719494,GPM6B
GO_Biological_Process_2023,Cellular Response To Insulin Stimulus,1,0.39192894652386845,0.45289567153869237,False,2.0410224695938983,1.9117741389719494,PDK4
GO_Biological_Process_2023,Hemopoiesis,1,0.3980246944821334,0.45925926286400004,False,2.0,1.8424824583699577,KIT
GO_Biological_Process_2023,Calcium Ion Homeostasis,1,0.40104984239534247,0.46138477443711967,False,1.9800980098009802,1.8091552855878605,CCL8
GO_Biological_Process_2023,Regulation Of Protein Secretion,1,0.40104984239534247,0.46138477443711967,False,1.9800980098009802,1.8091552855878605,IGF1
GO_Biological_Process_2023,Positive Regulation Of Kinase Activity,1,0.4070550586365517,0.467603749243756,False,1.9414533686378346,1.7449915352070269,ERBB4
GO_Biological_Process_2023,Positive Regulation Of Cell Growth,1,0.41300066113378575,0.4737360524769895,False,1.9042809042809044,1.6839671916127796,IGF1
GO_Biological_Process_2023,Positive Regulation Of Autophagy,1,0.41595129052059016,0.4764199803319535,False,1.8862206975414522,1.654568493195685,DCN
GO_Biological_Process_2023,Glycerophospholipid Biosynthetic Process,1,0.41888723576300985,0.47907924324801715,False,1.8684980647597471,1.6258801725332535,GPAM
GO_Biological_Process_2023,Negative Regulation Of Developmental Process,1,0.42180856913936493,0.4796074109747881,False,1.8511036288814067,1.5978794932003777,SRGAP2C
GO_Biological_Process_2023,Positive Regulation Of Wnt Signaling Pathway,1,0.42180856913936493,0.4796074109747881,False,1.8511036288814067,1.5978794932003777,CDH3
GO_Biological_Process_2023,Positive Regulation Of Cysteine-Type Endopeptidase Activity Involved In Apoptotic Process,1,0.42180856913936493,0.4796074109747881,False,1.8511036288814067,1.5978794932003777,SOX7
GO_Biological_Process_2023,Regulation Of Wnt Signaling Pathway,1,0.42180856913936493,0.4796074109747881,False,1.8511036288814067,1.5978794932003777,SOX7
GO_Biological_Process_2023,Response To Lipid,1,0.4247153626139249,0.4815086959867172,False,1.8340283569641367,1.570544634474372,FOXA1
GO_Biological_Process_2023,Regulation Of JNK Cascade,1,0.4247153626139249,0.4815086959867172,False,1.8340283569641367,1.570544634474372,ANKRD6
GO_Biological_Process_2023,Negative Regulation Of Inflammatory Response,1,0.4276076879640406,0.48268306311425707,False,1.8172635445362717,1.5438546462627225,IGF1
GO_Biological_Process_2023,Mitotic Cell Cycle Phase Transition,1,0.4276076879640406,0.48268306311425707,False,1.8172635445362717,1.5438546462627225,UBE2S
GO_Biological_Process_2023,Mitotic Sister Chromatid Segregation,1,0.4276076879640406,0.48268306311425707,False,1.8172635445362717,1.5438546462627225,KIFC1
GO_Biological_Process_2023,Calcium Ion Transport,1,0.43048561638067023,0.48522945198977285,False,1.8008008008008007,1.5177894088208939,CCL8
GO_Biological_Process_2023,Positive Regulation Of Gene Expression,3,0.4318050600863984,0.48601435334399823,False,1.2593529144783764,1.057580703247285,CLDN3;CDH3;IGF1
GO_Biological_Process_2023,Positive Regulation Of Cellular Component Organization,1,0.43334921883721866,0.4870495543127241,False,1.7846320346320346,1.4923295915180979,CLDN3
GO_Biological_Process_2023,Positive Regulation Of Cell Population Proliferation,3,0.43578116437465914,0.4874425234244988,False,1.2512886597938144,1.039339228014511,ERBB4;IGF1;CX3CL1
GO_Biological_Process_2023,Regulation Of Cytoskeleton Organization,1,0.43619856583371813,0.4874425234244988,False,1.768749441315813,1.4674566165007243,GPM6B
GO_Biological_Process_2023,Regulation Of Interleukin-6 Production,1,0.43619856583371813,0.4874425234244988,False,1.768749441315813,1.4674566165007243,CX3CL1
GO_Biological_Process_2023,Regulation Of MAP Kinase Activity,1,0.43619856583371813,0.4874425234244988,False,1.768749441315813,1.4674566165007243,KIT
GO_Biological_Process_2023,Positive Regulation Of Protein Serine/Threonine Kinase Activity,1,0.4446617754820939,0.4961891056881734,False,1.7227446882619297,1.396183515184437,KIT
GO_Biological_Process_2023,Positive Regulation Of Cell Cycle Process,1,0.44745480006839683,0.4978812326010692,False,1.7079340412673747,1.3734859734012153,IGF1
GO_Biological_Process_2023,Positive Regulation Of Cell Projection Organization,1,0.44745480006839683,0.4978812326010692,False,1.7079340412673747,1.3734859734012153,CX3CL1
GO_Biological_Process_2023,Positive Regulation Of Macromolecule Biosynthetic Process,1,0.45848850701645666,0.5087070205872491,False,1.6511394941147006,1.2875916896026691,IGF1
GO_Biological_Process_2023,Receptor-Mediated Endocytosis,1,0.45848850701645666,0.5087070205872491,False,1.6511394941147006,1.2875916896026691,CLTC
GO_Biological_Process_2023,Organonitrogen Compound Biosynthetic Process,1,0.46121267619037526,0.5110026810063817,False,1.6375227686703095,1.2672723299658177,CDO1
GO_Biological_Process_2023,Negative Regulation Of Growth,1,0.4639232772068564,0.5111019155668757,False,1.6241274533957462,1.2473885010387038,SCGB3A1
GO_Biological_Process_2023,Neuron Projection Guidance,1,0.4639232772068564,0.5111019155668757,False,1.6241274533957462,1.2473885010387038,SEMA3G
GO_Biological_Process_2023,Positive Regulation Of Defense Response,1,0.4639232772068564,0.5111019155668757,False,1.6241274533957462,1.2473885010387038,CX3CL1
GO_Biological_Process_2023,Enzyme-Linked Receptor Protein Signaling Pathway,1,0.4639232772068564,0.5111019155668757,False,1.6241274533957462,1.2473885010387038,ERBB4
GO_Biological_Process_2023,Regulation Of Mitotic Cell Cycle,1,0.4666203770761902,0.5133482286592784,False,1.6109481915933528,1.2279279396515803,FOXA1
GO_Biological_Process_2023,Cellular Response To Starvation,1,0.46930404232413414,0.5148483164737336,False,1.597979797979798,1.2088788165174762,PDK4
GO_Biological_Process_2023,Positive Regulation Of Intracellular Protein Transport,1,0.46930404232413414,0.5148483164737336,False,1.597979797979798,1.2088788165174762,RHOU
GO_Biological_Process_2023,Regulation Of Response To External Stimulus,1,0.47197433920713694,0.5156022193019143,False,1.5852172518839185,1.1902297169988543,CX3CL1
GO_Biological_Process_2023,Cytosolic Transport,1,0.47197433920713694,0.5156022193019143,False,1.5852172518839185,1.1902297169988543,CLTC
GO_Biological_Process_2023,Regulation Of Anatomical Structure Morphogenesis,1,0.47197433920713694,0.5156022193019143,False,1.5852172518839185,1.1902297169988543,CLDN3
GO_Biological_Process_2023,Regulation Of Cell Cycle Process,1,0.47990567719398236,0.5235334660297989,False,1.5481168271865946,1.1365742744783855,KLHL13
GO_Biological_Process_2023,Synapse Organization,1,0.4825231566060633,0.5256537180904042,False,1.5361305361305362,1.1194188238932659,CX3CL1
GO_Biological_Process_2023,Plasma Membrane Bounded Cell Projection Organization,1,0.48512759403297523,0.5262858460997506,False,1.5243272418844938,1.1026119616962,MAP2
GO_Biological_Process_2023,Circulatory System Development,1,0.48512759403297523,0.5262858460997506,False,1.5243272418844938,1.1026119616962,ERBB4
GO_Biological_Process_2023,Epithelial Cell Differentiation,1,0.48512759403297523,0.5262858460997506,False,1.5243272418844938,1.1026119616962,ERBB4
GO_Biological_Process_2023,Protein-Containing Complex Assembly,2,0.4900769356111505,0.530916680245413,False,1.225366220107675,0.8739224742966641,CLTC;CX3CL1
GO_Biological_Process_2023,Regulation Of DNA-templated Transcription,10,0.49657764544486344,0.5372129867503377,False,1.0453277545327755,0.7317455493587055,FOXA1;HES6;EGR3;EFEMP1;ERBB4;EBF1;IGF1;ZNF423;PITX1;SOX7
GO_Biological_Process_2023,Protein Localization To Organelle,1,0.49795639252529783,0.5379584295979671,False,1.467914438502674,1.0234927306951356,ZNF423
GO_Biological_Process_2023,Negative Regulation Of Gene Expression,2,0.5028459597540382,0.5419048338038455,False,1.1955273127214958,0.8218908340018821,CLDN3;IGF1
GO_Biological_Process_2023,Intracellular Calcium Ion Homeostasis,1,0.502998845735877,0.5419048338038455,False,1.4464939247547943,0.993983474661611,CCL8
GO_Biological_Process_2023,Positive Regulation Of Transferase Activity,1,0.5129338125908852,0.5518460328564007,False,1.4054630815194196,0.9382990468495095,ERBB4
GO_Biological_Process_2023,Actin Filament Organization,1,0.515386675547343,0.5529595693630365,False,1.3955640319276683,0.9250326397711035,CGNL1
GO_Biological_Process_2023,Regulation Of Cell Adhesion,1,0.515386675547343,0.5529595693630365,False,1.3955640319276683,0.9250326397711035,C2CD4A
GO_Biological_Process_2023,Negative Regulation Of Response To External Stimulus,1,0.5202557726245733,0.5566522670057164,False,1.3761755485893417,0.899240881378034,CLDN3
GO_Biological_Process_2023,Neuron Projection Morphogenesis,1,0.5202557726245733,0.5566522670057164,False,1.3761755485893417,0.899240881378034,MAP2
GO_Biological_Process_2023,Protein Glycosylation,1,0.5226721271590139,0.55847158792333,False,1.366680503666805,0.8867035673377484,GALNT7
GO_Biological_Process_2023,Axon Guidance,1,0.5274687471502818,0.5620568617175135,False,1.348075348075348,0.8623175106205572,SEMA3G
GO_Biological_Process_2023,Negative Regulation Of DNA-binding Transcription Factor Activity,1,0.5274687471502818,0.5620568617175135,False,1.348075348075348,0.8623175106205572,HES6
GO_Biological_Process_2023,Positive Regulation Of Nucleic Acid-Templated Transcription,3,0.5300784738669395,0.5640671345378073,False,1.0800178644534595,0.6855199761646434,ERBB4;IGF1;ZNF423
GO_Biological_Process_2023,Positive Regulation Of NF-kappaB Transcription Factor Activity,1,0.5345743423067151,0.568076276565719,False,1.3210917118201886,0.8273792233748533,CX3CL1
GO_Biological_Process_2023,Positive Regulation Of Response To External Stimulus,1,0.5415741406288901,0.5747317410755569,False,1.295159386068477,0.7942892672270463,CX3CL1
GO_Biological_Process_2023,Regulation Of Macromolecule Metabolic Process,1,0.557504289374834,0.5908333501526772,False,1.238408934061108,0.7235838652550021,IGF1
GO_Biological_Process_2023,Nitrogen Compound Transport,1,0.559734829149778,0.5923923564950161,False,1.2307020825539343,0.7141667289104645,SLC19A2
GO_Biological_Process_2023,Regulation Of Transcription By RNA Polymerase II,10,0.5673728063558625,0.5996623156606676,False,0.9845831956832948,0.5580013851189123,FOXA1;HES6;EGR3;EBF1;ADIRF;MYBL2;IGF1;PITX1;CX3CL1;DCN
GO_Biological_Process_2023,Heart Development,1,0.5771829849119133,0.6083820651774221,False,1.172311348781937,0.6442975473743275,ERBB4
GO_Biological_Process_2023,Metal Ion Transport,1,0.5771829849119133,0.6083820651774221,False,1.172311348781937,0.6442975473743275,CCL8
GO_Biological_Process_2023,Cell-Cell Adhesion Via Plasma-Membrane Adhesion Molecules,1,0.5793152949258957,0.609805573606206,False,1.1653966566247267,0.6361998227862873,CDH3
GO_Biological_Process_2023,Regulation Of Neuron Projection Development,1,0.58354802824362,0.6134332372372284,False,1.1518070882232732,0.6203961472877585,CX3CL1
GO_Biological_Process_2023,Positive Regulation Of I-kappaB kinase/NF-kappaB Signaling,1,0.5856485564286572,0.6148127510287384,False,1.145129455474283,0.6126847989798073,CX3CL1
GO_Biological_Process_2023,Negative Regulation Of Cytokine Production,1,0.5918874117207544,0.6205271251911135,False,1.125549278091651,0.5902817634935079,CX3CL1
GO_Biological_Process_2023,Endosomal Transport,1,0.5959948895695214,0.6239946494821835,False,1.1128604480559787,0.57593108520923,CLTC
GO_Biological_Process_2023,Phosphate-Containing Compound Metabolic Process,1,0.6040874563472056,0.6316195924273732,False,1.088314842413203,0.5485501823263738,PFKFB3
GO_Biological_Process_2023,Axonogenesis,1,0.6120195102918862,0.6390565167706442,False,1.0648193161562145,0.5228168258857318,SEMA3G
GO_Biological_Process_2023,Intracellular Monoatomic Cation Homeostasis,1,0.6159263323660239,0.6422761219859607,False,1.0534444978889423,0.5105286083837139,CCL8
GO_Biological_Process_2023,Modification-Dependent Protein Catabolic Process,1,0.6197942035221659,0.6454465670858336,False,1.042307895711037,0.4986065202419767,UBE2S
GO_Biological_Process_2023,Organelle Organization,2,0.6214804069965264,0.6463396232763875,False,0.9558477237048666,0.4546498241893773,DPYSL2;RHOU
GO_Biological_Process_2023,Defense Response To Bacterium,1,0.6422047284719372,0.6670035795048083,False,0.9800965318206698,0.4340339206746572,LCN2
GO_Biological_Process_2023,Regulation Of Angiogenesis,1,0.6440121337651465,0.6679913089585297,False,0.9752426223014459,0.4291435319722849,DCN
GO_Biological_Process_2023,Protein Stabilization,1,0.6493802925715624,0.6726648448948455,False,0.9609622798028595,0.4148827478019421,IGF1
GO_Biological_Process_2023,Negative Regulation Of Nucleic Acid-Templated Transcription,2,0.6686881063909298,0.6917463169561343,False,0.8741346758967904,0.35178460531525696,ZNF423;SOX7
GO_Biological_Process_2023,Regulation Of Cell Growth,1,0.6815654540395655,0.7039328940239931,False,0.8793242156074015,0.33710035904917474,SCGB3A1
GO_Biological_Process_2023,Cellular Response To Lipid,1,0.6831758984309778,0.7039328940239931,False,0.8754060428069239,0.3335322537698721,PDK4
GO_Biological_Process_2023,Chromatin Remodeling,1,0.6831758984309778,0.7039328940239931,False,0.8754060428069239,0.3335322537698721,FOXA1
GO_Biological_Process_2023,Negative Regulation Of Intracellular Signal Transduction,1,0.6879590095762926,0.7079261576114885,False,0.8638559508124726,0.323104604801154,CGNL1
GO_Biological_Process_2023,Regulation Of I-kappaB kinase/NF-kappaB Signaling,1,0.6895374384771322,0.7086155494231399,False,0.8600725873453147,0.31971846848894064,CX3CL1
GO_Biological_Process_2023,Positive Regulation Of Developmental Process,1,0.6911079624436063,0.7092950140868591,False,0.8563218390804598,0.31637600434049457,DCN
GO_Biological_Process_2023,Protein Modification Process,3,0.6949810855276835,0.7123327814869818,False,0.8383714834876813,0.30505877567883116,UGCG;UBE2S;PDK4
GO_Biological_Process_2023,Regulation Of Inflammatory Response,1,0.7018835601138744,0.7184634867307376,False,0.8309454376399983,0.29414451207315173,CX3CL1
GO_Biological_Process_2023,Positive Regulation Of Programmed Cell Death,1,0.7093517402446249,0.725156431704859,False,0.8137108792846498,0.2794313819539435,FOXA1
GO_Biological_Process_2023,Cellular Component Assembly,1,0.7306627893732508,0.7459646278941566,False,0.765999765999766,0.24037319777109856,GPM6B
GO_Biological_Process_2023,Chromatin Organization,1,0.7413884013095853,0.7559254287862438,False,0.7427458101615405,0.2222522987073151,FOXA1
GO_Biological_Process_2023,Positive Regulation Of Apoptotic Process,1,0.7440030510499898,0.7576010180404595,False,0.7371484360331944,0.21798226964081355,FOXA1
GO_Biological_Process_2023,Plasma Membrane Bounded Cell Projection Assembly,1,0.7504257332877455,0.7631448135129615,False,0.723512497235125,0.20773099336485876,KIT
GO_Biological_Process_2023,DNA Metabolic Process,1,0.7663876903684957,0.7783624980305035,False,0.6902826171118854,0.18366150383608226,EXO1
GO_Biological_Process_2023,DNA Repair,1,0.769925222013722,0.7809384566589119,False,0.6830372692441657,0.1785882106564904,EXO1
GO_Biological_Process_2023,Regulation Of Intracellular Signal Transduction,1,0.7768419503727892,0.786930806871137,False,0.668987168987169,0.1689315423580777,RHOU
GO_Biological_Process_2023,Protein Transport,1,0.7942962380792371,0.8035681786015628,False,0.6341621341621342,0.14604677311276532,CLTC
GO_Biological_Process_2023,Proteasome-Mediated Ubiquitin-Dependent Protein Catabolic Process,1,0.800487119011081,0.8087823223168954,False,0.6220062257798107,0.13841805459808484,UBE2S
GO_Biological_Process_2023,Intracellular Protein Transport,1,0.8064934843181244,0.8137967888332949,False,0.6103005362264622,0.13125090400897763,CLTC
GO_Biological_Process_2023,Protein Localization,1,0.8305185375424412,0.8369566657404446,False,0.5642135642135642,0.10477729643749416,CLTC
GO_Biological_Process_2023,Protein Modification By Small Protein Conjugation,1,0.8413986443361361,0.8468270226866917,False,0.5436458246375602,0.0938820447069887,KLHL13
GO_Biological_Process_2023,Ubiquitin-Dependent Protein Catabolic Process,1,0.8438095427024295,0.8481590764276997,False,0.5391069161560965,0.09155570282156546,UBE2S
GO_Biological_Process_2023,DNA Damage Response,1,0.8568015435265478,0.8601096575942179,False,0.5147295408392014,0.07955091436797629,EXO1
GO_Biological_Process_2023,Cellular Response To Oxygen-Containing Compound,1,0.8720381264272459,0.8742798696828429,False,0.4862202269609677,0.0665743106133628,PDK4
GO_Biological_Process_2023,Phosphorylation,1,0.8862521226556713,0.8873898018888622,False,0.45954875861417915,0.05549226166389068,PDK4
GO_Biological_Process_2023,Negative Regulation Of DNA-templated Transcription,2,0.9670689492113731,0.9670689492113731,False,0.3765834779659664,0.012610079983651415,ZNF423;SOX7
GO_Molecular_Function_2023,Transmembrane Receptor Protein Tyrosine Kinase Activity,3,0.0020046761378758565,0.17798398282483605,False,13.064049133581927,81.15743654844592,EFEMP1;ERBB4;KIT
GO_Molecular_Function_2023,Epidermal Growth Factor Receptor Binding,2,0.006889074002829973,0.17798398282483605,False,17.637089618456077,87.79423275712823,EFEMP1;ERBB4
GO_Molecular_Function_2023,Ubiquitin Conjugating Enzyme Activity,2,0.011134522122224879,0.17798398282483605,False,13.517006802721088,60.79550767481704,UBE2S;UBE2QL1
GO_Molecular_Function_2023,Ubiquitin-Like Protein Conjugating Enzyme Activity,2,0.013227983272248344,0.17798398282483605,False,12.286332714904143,53.14355844722063,UBE2S;UBE2QL1
GO_Molecular_Function_2023,Transmembrane Receptor Protein Kinase Activity,2,0.014711087587821891,0.17798398282483605,False,11.583090379008746,48.87083992538764,ERBB4;KIT
GO_Molecular_Function_2023,CCR Chemokine Receptor Binding,2,0.020429483861515323,0.17798398282483605,False,9.649173955296405,37.54277574025534,CCL8;CX3CL1
GO_Molecular_Function_2023,Chemokine Activity,2,0.0222080432575084,0.17798398282483605,False,9.20964749536178,35.063897787087264,CCL8;CX3CL1
GO_Molecular_Function_2023,5'-Flap Endonuclease Activity,1,0.024753528718293626,0.17798398282483605,False,50.24242424242424,185.83603697375267,EXO1
GO_Molecular_Function_2023,Vasopressin Receptor Activity,1,0.024753528718293626,0.17798398282483605,False,50.24242424242424,185.83603697375267,OXTR
GO_Molecular_Function_2023,Dihydropyrimidinase Activity,1,0.024753528718293626,0.17798398282483605,False,50.24242424242424,185.83603697375267,DPYSL2
GO_Molecular_Function_2023,Chemokine Receptor Binding,2,0.025948961945953097,0.17798398282483605,False,8.44047619047619,30.82144266223132,CCL8;CX3CL1
GO_Molecular_Function_2023,Flap Endonuclease Activity,1,0.029630963394411815,0.17798398282483605,False,40.19191919191919,141.432767389918,EXO1
GO_Molecular_Function_2023,Sugar-Phosphatase Activity,1,0.029630963394411815,0.17798398282483605,False,40.19191919191919,141.432767389918,PFKFB3
GO_Molecular_Function_2023,"Oxidoreductase Activity, Acting On The CH-CH Group Of Donors, With A Flavin As Acceptor",1,0.029630963394411815,0.17798398282483605,False,40.19191919191919,141.432767389918,ACADSB
GO_Molecular_Function_2023,Phosphofructokinase Activity,1,0.029630963394411815,0.17798398282483605,False,40.19191919191919,141.432767389918,PFKFB3
GO_Molecular_Function_2023,Insulin-Like Growth Factor II Binding,1,0.029630963394411815,0.17798398282483605,False,40.19191919191919,141.432767389918,IGFBP6
GO_Molecular_Function_2023,Primary Amine Oxidase Activity,1,0.029630963394411815,0.17798398282483605,False,40.19191919191919,141.432767389918,AOC3
GO_Molecular_Function_2023,Clathrin Light Chain Binding,1,0.029630963394411815,0.17798398282483605,False,40.19191919191919,141.432767389918,CLTC
GO_Molecular_Function_2023,Iron Ion Binding,2,0.03199941777272016,0.17798398282483605,False,7.500377928949358,25.81658262777106,LCN2;CDO1
GO_Molecular_Function_2023,"Oxidoreductase Activity, Acting On The CH-NH2 Group Of Donors, Oxygen As Acceptor",1,0.03448424920041465,0.17798398282483605,False,33.49158249158249,112.77461836050252,AOC3
GO_Molecular_Function_2023,5'-3' DNA Exonuclease Activity,1,0.03931350415205654,0.17798398282483605,False,28.705627705627705,92.89678500716381,EXO1
GO_Molecular_Function_2023,Long-Chain Fatty Acid Binding,1,0.03931350415205654,0.17798398282483605,False,28.705627705627705,92.89678500716381,FABP4
GO_Molecular_Function_2023,"Endodeoxyribonuclease Activity, Producing 5'-Phosphomonoesters",1,0.03931350415205654,0.17798398282483605,False,28.705627705627705,92.89678500716381,EXO1
GO_Molecular_Function_2023,Single-Stranded DNA Exodeoxyribonuclease Activity,1,0.03931350415205654,0.17798398282483605,False,28.705627705627705,92.89678500716381,EXO1
GO_Molecular_Function_2023,Glutathione Binding,1,0.0441188457824273,0.17798398282483605,False,25.116161616161616,78.3842312444799,GSTM3
GO_Molecular_Function_2023,acyl-CoA Dehydrogenase Activity,1,0.04890039114183046,0.17798398282483605,False,22.32435465768799,67.37423003045056,ACADSB
GO_Molecular_Function_2023,ABC-type Xenobiotic Transporter Activity,1,0.04890039114183046,0.17798398282483605,False,22.32435465768799,67.37423003045056,ABCA8
GO_Molecular_Function_2023,Phospholipase Activator Activity,1,0.04890039114183046,0.17798398282483605,False,22.32435465768799,67.37423003045056,CCL8
GO_Molecular_Function_2023,UDP-glucosyltransferase Activity,1,0.04890039114183046,0.17798398282483605,False,22.32435465768799,67.37423003045056,UGCG
GO_Molecular_Function_2023,Cytokine Receptor Activity,2,0.05555659136411855,0.17798398282483605,False,5.467733039161611,15.803679213614178,LEPR;ACKR4
GO_Molecular_Function_2023,"DNA Exonuclease Activity, Producing 5'-Phosphomonoesters",1,0.05839255858007915,0.17798398282483605,False,18.26354453627181,51.878818604154176,EXO1
GO_Molecular_Function_2023,"Hydrolase Activity, Acting On Carbon-Nitrogen (But Not Peptide) Bonds, In Cyclic Amides",1,0.05839255858007915,0.17798398282483605,False,18.26354453627181,51.878818604154176,DPYSL2
GO_Molecular_Function_2023,Insulin-Like Growth Factor I Binding,1,0.05839255858007915,0.17798398282483605,False,18.26354453627181,51.878818604154176,IGFBP6
GO_Molecular_Function_2023,Lipase Activator Activity,1,0.05839255858007915,0.17798398282483605,False,18.26354453627181,51.878818604154176,CCL8
GO_Molecular_Function_2023,Cytokine Activity,3,0.05995716977365104,0.17798398282483605,False,3.4860088365243005,9.810063950450548,CCL8;SCGB3A1;CX3CL1
GO_Molecular_Function_2023,5'-3' Exonuclease Activity,1,0.06310341209244187,0.17798398282483605,False,16.74074074074074,46.254339159717055,EXO1
GO_Molecular_Function_2023,G Protein-Coupled Chemoattractant Receptor Activity,1,0.06310341209244187,0.17798398282483605,False,16.74074074074074,46.254339159717055,ACKR4
GO_Molecular_Function_2023,Insulin-Like Growth Factor Receptor Binding,1,0.06310341209244187,0.17798398282483605,False,16.74074074074074,46.254339159717055,IGF1
GO_Molecular_Function_2023,Carbonate Dehydratase Activity,1,0.06310341209244187,0.17798398282483605,False,16.74074074074074,46.254339159717055,CA4
GO_Molecular_Function_2023,Sequence-Specific Double-Stranded DNA Binding,7,0.06715054463612487,0.1822883352337464,False,2.040337768057834,5.510581470559084,FOXA1;HES6;EGR3;ERBB4;MYBL2;PITX1;SOX7
GO_Molecular_Function_2023,Sequence-Specific DNA Binding,7,0.06794383404166911,0.1822883352337464,False,2.034378312888081,5.470593593565806,FOXA1;HES6;EGR3;MYBL2;ZNF423;PITX1;SOX7
GO_Molecular_Function_2023,Insulin-Like Growth Factor Binding,1,0.07245523317560384,0.1897637059361053,False,14.347763347763347,37.659813836990104,IGFBP6
GO_Molecular_Function_2023,Receptor Ligand Activity,4,0.07608487634412367,0.19463573018264196,False,2.5906084656084656,6.6731632887881265,SEMA3G;SCGB3A1;IGF1;CX3CL1
GO_Molecular_Function_2023,Growth Factor Receptor Binding,2,0.08343538007458758,0.19973671269939355,False,4.300043421623969,10.679944049183515,EFEMP1;ERBB4
GO_Molecular_Function_2023,Cholesterol Transfer Activity,1,0.08630995715059277,0.19973671269939355,False,11.81402257872846,28.942114306609312,GRAMD1C
GO_Molecular_Function_2023,Protein Tyrosine Kinase Activity,2,0.08792462838146668,0.19973671269939355,False,4.166421207658321,10.129717084781953,ERBB4;KIT
GO_Molecular_Function_2023,Sterol Transfer Activity,1,0.09088251453617983,0.19973671269939355,False,11.15712682379349,26.75688382123247,GRAMD1C
GO_Molecular_Function_2023,Chemokine Receptor Activity,1,0.09088251453617983,0.19973671269939355,False,11.15712682379349,26.75688382123247,ACKR4
GO_Molecular_Function_2023,Ubiquitin-Specific Protease Binding,1,0.09543241646248146,0.19973671269939355,False,10.569377990430622,24.83103038927071,CLTC
GO_Molecular_Function_2023,Calcium Ion Binding,4,0.09553205548824921,0.19973671269939355,False,2.382797270955166,5.595507172244871,AOC3;PCP4;CLEC3B;CDH3
GO_Molecular_Function_2023,Cis-Regulatory Region Sequence-Specific DNA Binding,9,0.09824528854073945,0.19973671269939355,False,1.7083825265643446,3.963939447038716,FOXA1;HES6;EGR3;EBF1;MYBL2;ZNF423;PITX1;SOX7;ZNF521
GO_Molecular_Function_2023,"Oxidoreductase Activity, Acting On Single Donors With Incorporation Of Molecular Oxygen, Incorporation Of Two Atoms Of Oxygen",1,0.0999597740324998,0.19973671269939355,False,10.04040404040404,23.122924333288797,CDO1
GO_Molecular_Function_2023,DNA Endonuclease Activity,1,0.0999597740324998,0.19973671269939355,False,10.04040404040404,23.122924333288797,EXO1
GO_Molecular_Function_2023,Transcription Regulatory Region Nucleic Acid Binding,3,0.10216714436764311,0.19973671269939355,False,2.7539767691374726,6.282220713177872,FOXA1;ERBB4;SOX7
GO_Molecular_Function_2023,Low-Density Lipoprotein Particle Receptor Binding,1,0.10446469781910508,0.19973671269939355,False,9.561808561808562,21.59922753970687,CLTC
GO_Molecular_Function_2023,Cysteine-Type Endopeptidase Inhibitor Activity,1,0.10446469781910508,0.19973671269939355,False,9.561808561808562,21.59922753970687,CST1
GO_Molecular_Function_2023,Semaphorin Receptor Binding,1,0.10446469781910508,0.19973671269939355,False,9.561808561808562,21.59922753970687,SEMA3G
GO_Molecular_Function_2023,Double-Stranded DNA Binding,6,0.10725706060038412,0.19973671269939355,False,1.9085502841284525,4.260889830686427,FOXA1;HES6;EGR3;MYBL2;PITX1;SOX7
GO_Molecular_Function_2023,RNA Polymerase II Cis-Regulatory Region Sequence-Specific DNA Binding,9,0.10848216598165018,0.19973671269939355,False,1.6694114510826101,3.7080457786374055,FOXA1;HES6;EGR3;EBF1;MYBL2;ZNF423;PITX1;SOX7;ZNF521
GO_Molecular_Function_2023,Disordered Domain Specific Binding,1,0.10894729783603285,0.19973671269939355,False,9.1267217630854,20.232947516534363,CLTC
GO_Molecular_Function_2023,Chemorepellent Activity,1,0.11340768358102403,0.2028697550877357,False,8.729468599033817,19.002011610155247,SEMA3G
GO_Molecular_Function_2023,Protein Homodimerization Activity,6,0.11434477104945102,0.2028697550877357,False,1.8724701608718215,4.060520988440541,SRGAP2C;GSTM3;ERBB4;KIT;S100P;GIMAP7
GO_Molecular_Function_2023,Ferrous Iron Binding,1,0.11784596404042172,0.20576279435629188,False,8.365319865319865,17.88820673407011,CDO1
GO_Molecular_Function_2023,Metal Ion Binding,5,0.12014967980124781,0.20650726215839468,False,1.9771521827825378,4.189619050909063,AOC3;PCP4;CLEC3B;CDH3;S100P
GO_Molecular_Function_2023,Lipoprotein Particle Receptor Binding,1,0.12665664230282664,0.2143420100509374,False,7.721056721056721,15.953830010816358,CLTC
GO_Molecular_Function_2023,Glutathione Transferase Activity,1,0.1310292553948657,0.21512265811097356,False,7.434717545828657,15.109834134055738,GSTM3
GO_Molecular_Function_2023,"RNA Endonuclease Activity, Producing 5'-Phosphomonoesters",1,0.1310292553948657,0.21512265811097356,False,7.434717545828657,15.109834134055738,EXO1
GO_Molecular_Function_2023,O-acyltransferase Activity,1,0.14401747150131122,0.23296943919329757,False,6.69023569023569,12.964476920040203,GPAM
GO_Molecular_Function_2023,RNA Polymerase II Transcription Regulatory Region Sequence-Specific DNA Binding,9,0.15894372517247926,0.253057476216592,False,1.5196283979178715,2.7949082526636744,FOXA1;HES6;EGR3;EBF1;MYBL2;ZNF423;PITX1;SOX7;ZNF521
GO_Molecular_Function_2023,Chemoattractant Activity,1,0.16103657577419495,0.253057476216592,False,5.901960784313726,10.777710825180796,CX3CL1
GO_Molecular_Function_2023,Tau Protein Binding,1,0.17772061456847035,0.2753417972187569,False,5.279638490164806,9.12080010262218,MAP2
GO_Molecular_Function_2023,Copper Ion Binding,1,0.20213267727917436,0.3064109524614,False,4.558310376492194,7.287967841732019,AOC3
GO_Molecular_Function_2023,Hydro-Lyase Activity,1,0.20613100438312365,0.3064109524614,False,4.45679012345679,7.038356248208516,CA4
GO_Molecular_Function_2023,Exonuclease Activity,1,0.20613100438312365,0.3064109524614,False,4.45679012345679,7.038356248208516,EXO1
GO_Molecular_Function_2023,Cadherin Binding,3,0.21422412948850036,0.31146453045740197,False,1.9167427900300145,2.9531878685208706,CDH3;S100P;PPL
GO_Molecular_Function_2023,Purine Ribonucleoside Triphosphate Binding,4,0.21519367558875044,0.31146453045740197,False,1.715042372881356,2.6346769739413003,KIFC1;PDK4;RHOU;GIMAP7
GO_Molecular_Function_2023,Cholesterol Binding,1,0.22192691156038513,0.3170384450862645,False,4.092145949288806,6.1603458876211565,GRAMD1C
GO_Molecular_Function_2023,Protein Heterodimerization Activity,2,0.2457076347065951,0.34386946488645764,False,2.139817629179331,3.00347568499149,AOC3;SRGAP2C
GO_Molecular_Function_2023,"DNA-binding Transcription Activator Activity, RNA Polymerase II-specific",3,0.25256680414189653,0.34386946488645764,False,1.7530255490811295,2.4123025112505867,FOXA1;MYBL2;ZNF521
GO_Molecular_Function_2023,Nuclease Activity,1,0.2525911479606718,0.34386946488645764,False,3.5163919900762006,4.8384959983786695,EXO1
GO_Molecular_Function_2023,Sterol Binding,1,0.25633905564263204,0.34386946488645764,False,3.4555903866248694,4.703937185372145,GRAMD1C
GO_Molecular_Function_2023,Carboxylic Acid Transmembrane Transporter Activity,1,0.25633905564263204,0.34386946488645764,False,3.4555903866248694,4.703937185372145,SLC19A2
GO_Molecular_Function_2023,GTP Binding,2,0.2660805999708533,0.352636939720408,False,2.020408163265306,2.6749315277587793,RHOU;GIMAP7
GO_Molecular_Function_2023,Guanyl-Nucleotide Exchange Factor Activity,2,0.2697872573969225,0.3532928370673985,False,2.000101533150574,2.6203761530404495,RHOU;RAPGEFL1
GO_Molecular_Function_2023,Double-Stranded RNA Binding,1,0.2784389392137884,0.36033274486490263,False,3.1306818181818183,4.00275356439037,CLTC
GO_Molecular_Function_2023,Hormone Activity,1,0.31037523789289684,0.39487985459257247,False,2.74346201743462,3.209777224050686,IGF1
GO_Molecular_Function_2023,Guanyl Ribonucleotide Binding,2,0.3123140668141255,0.39487985459257247,False,1.7926384839650147,2.0861758168935705,RHOU;GIMAP7
GO_Molecular_Function_2023,RNA Polymerase II-specific DNA-binding Transcription Factor Binding,2,0.3159942077050888,0.394992759631361,False,1.776593823370056,2.046691861769839,HES6;PITX1
GO_Molecular_Function_2023,G Protein-Coupled Peptide Receptor Activity,1,0.3207065055587057,0.39637882709502953,False,2.6347687400318978,2.996335121708695,OXTR
GO_Molecular_Function_2023,Microtubule Binding,2,0.33615224197482385,0.4062167073011321,False,1.6931886678722121,1.8458992510839434,KIFC1;MAP2
GO_Molecular_Function_2023,Ubiquitin-Like Protein Transferase Activity,2,0.3379769099553644,0.4062167073011321,False,1.6859886811867604,1.8289229230858013,UBE2S;KLHL13
GO_Molecular_Function_2023,Ubiquitin-Protein Transferase Activity,3,0.33974488247003776,0.4062167073011321,False,1.4738739192901973,1.591135753814123,UBE2S;UBE2QL1;KLHL13
GO_Molecular_Function_2023,GTPase Activity,2,0.38304595383803014,0.4530651066901432,False,1.523783657949872,1.462223275246586,RHOU;GIMAP7
GO_Molecular_Function_2023,Ribonucleoside Triphosphate Phosphatase Activity,2,0.39191263840910856,0.45862117260640367,False,1.4949741090466038,1.400366653740391,RHOU;GIMAP7
GO_Molecular_Function_2023,Transition Metal Ion Binding,3,0.3996756861961339,0.46278237349026036,False,1.3277121594865844,1.217647271422492,AOC3;LCN2;CDO1
GO_Molecular_Function_2023,ATP Binding,2,0.40772959682281484,0.46719016302614197,False,1.4457378619317762,1.2970452801534647,KIFC1;PDK4
GO_Molecular_Function_2023,DNA-binding Transcription Factor Binding,2,0.41295890802959034,0.46830391632221585,False,1.4300291545189505,1.2647280622587413,HES6;PITX1
GO_Molecular_Function_2023,Transcription Cis-Regulatory Region Binding,3,0.4238242662450134,0.4757211151729742,False,1.2757896119246175,1.0951842110862653,FOXA1;ERBB4;SOX7
GO_Molecular_Function_2023,Endopeptidase Inhibitor Activity,1,0.43048561638067023,0.47831735153407806,False,1.8008008008008007,1.5177894088208939,CST1
GO_Molecular_Function_2023,Adenyl Ribonucleotide Binding,2,0.4589595058539751,0.5048554564393727,False,1.3024662633783155,1.0143519933435337,KIFC1;PDK4
GO_Molecular_Function_2023,Protease Binding,1,0.4666203770761902,0.5082004106770389,False,1.6109481915933528,1.2279279396515803,CLTC
GO_Molecular_Function_2023,Tubulin Binding,2,0.4803688098448648,0.5180447949307365,False,1.2487244897959184,0.9155661898313416,KIFC1;MAP2
GO_Molecular_Function_2023,Magnesium Ion Binding,1,0.5415741406288901,0.5783801501861933,False,1.295159386068477,0.7942892672270463,S100P
GO_Molecular_Function_2023,GTPase Regulator Activity,2,0.629260676554583,0.6655641771250397,False,0.9419673082503144,0.43632837354084736,RHOU;RAPGEFL1
GO_Molecular_Function_2023,G Protein-Coupled Receptor Activity,1,0.7166346565713615,0.750760116408093,False,0.797168471867267,0.26560785587391494,PDGFRL
GO_Molecular_Function_2023,DNA Binding,3,0.8006558490347041,0.8308692773001646,False,0.699159848846168,0.1554400672889135,FOXA1;EXO1;ZNF423
GO_Molecular_Function_2023,Zinc Ion Binding,1,0.8216492920987581,0.8446861881389102,False,0.5811051693404634,0.11415324487440968,CDO1
GO_Molecular_Function_2023,Kinase Binding,1,0.902966005763155,0.9196875984624727,False,0.4278294931889703,0.04366871559157314,CLTC
GO_Molecular_Function_2023,Protein Kinase Binding,1,0.9253315302897654,0.9338208103841669,False,0.3840364428599723,0.029802454793225762,CLTC
GO_Molecular_Function_2023,RNA Binding,2,0.9943675331587524,0.9943675331587524,False,0.26782636404455323,0.0015127874880705528,CLTC;DCN
GO_Cellular_Component_2023,Collagen-Containing Extracellular Matrix,13,4.410703501384673e-08,3.925526116232359e-06,True,8.110472541507024,137.36420673296337,LAMB3;COL11A1;DPT;FBLN2;DCN;CLEC3B;CCDC80;EFEMP1;ABI3BP;OGN;COL10A1;COL4A5;EDIL3
GO_Cellular_Component_2023,Extracellular Membrane-Bounded Organelle,4,0.00018964479109883462,0.006866207070824399,True,15.602987421383649,133.7231842647315,CLTC;OGN;EDIL3;FBLN2
GO_Cellular_Component_2023,Extracellular Vesicle,4,0.00023144518216262018,0.006866207070824399,True,14.764880952380953,123.59929166727188,CLTC;OGN;EDIL3;FBLN2
GO_Cellular_Component_2023,Golgi Lumen,4,0.0015979577835658033,0.035554560684339126,True,8.59548611111111,55.34658305163635,OMD;OGN;MUC5B;DCN
GO_Cellular_Component_2023,Vesicle,5,0.006544453696430489,0.1164912757964627,False,4.501144164759725,22.636872245485925,CST1;OGN;CLTC;FBLN2;EDIL3
GO_Cellular_Component_2023,Lysosomal Lumen,3,0.009196704279318185,0.13371295746483705,False,7.384300086945721,34.62431918243145,OMD;OGN;DCN
GO_Cellular_Component_2023,Intracellular Organelle Lumen,10,0.01051674946352651,0.13371295746483705,False,2.502495403204623,11.398331292283448,ERBB4;COL11A1;OMD;OGN;PDK4;COL10A1;COL4A5;MUC5B;ACADSB;DCN
GO_Cellular_Component_2023,Basement Membrane,2,0.0222080432575084,0.24706448123978095,False,9.20964749536178,35.063897787087264,CCDC80;COL4A5
GO_Cellular_Component_2023,Dendrite Cytoplasm,1,0.03931350415205654,0.2930328047109476,False,28.705627705627705,92.89678500716381,MAP2
GO_Cellular_Component_2023,Polymeric Cytoskeletal Fiber,4,0.04404969352468584,0.2930328047109476,False,3.1352171136653895,9.78951755526381,KIFC1;DPYSL2;KRT5;PPL
GO_Cellular_Component_2023,Apical Dendrite,1,0.0441188457824273,0.2930328047109476,False,25.116161616161616,78.3842312444799,MAP2
GO_Cellular_Component_2023,Intermediate Filament,2,0.04676264021877073,0.2930328047109476,False,6.041120925982333,18.501963939065423,KRT5;PPL
GO_Cellular_Component_2023,Vacuolar Lumen,3,0.047009452963745854,0.2930328047109476,False,3.864413415111575,11.815082966904622,OMD;OGN;DCN
GO_Cellular_Component_2023,Neuron Projection Cytoplasm,1,0.04890039114183046,0.2930328047109476,False,22.32435465768799,67.37423003045056,MAP2
GO_Cellular_Component_2023,Intermediate Filament Cytoskeleton,2,0.06216388427865964,0.2930328047109476,False,5.120382330147248,14.224325268693594,KRT5;PPL
GO_Cellular_Component_2023,Bicellular Tight Junction,2,0.06216388427865964,0.2930328047109476,False,5.120382330147248,14.224325268693594,CLDN3;CGNL1
GO_Cellular_Component_2023,Mitotic Spindle Microtubule,1,0.06310341209244187,0.2930328047109476,False,16.74074074074074,46.254339159717055,CLTC
GO_Cellular_Component_2023,Platelet Dense Granule Lumen,1,0.06310341209244187,0.2930328047109476,False,16.74074074074074,46.254339159717055,CLEC3B
GO_Cellular_Component_2023,Lipid Droplet,2,0.06351615266214716,0.2930328047109476,False,5.0561224489795915,13.93700450766989,FABP4;GIMAP7
GO_Cellular_Component_2023,Secretory Vesicle,1,0.07245523317560384,0.2930328047109476,False,14.347763347763347,37.659813836990104,IGF1
GO_Cellular_Component_2023,Exocytic Vesicle,1,0.07245523317560384,0.2930328047109476,False,14.347763347763347,37.659813836990104,IGF1
GO_Cellular_Component_2023,Secretory Granule Lumen,4,0.07406098172720235,0.2930328047109476,False,2.6159188034188032,6.808887283453697,CLEC3B;LCN2;S100P;IGF1
GO_Cellular_Component_2023,Clathrin Coat,1,0.0770964289305897,0.2930328047109476,False,13.390572390572391,34.31599732708391,CLTC
GO_Cellular_Component_2023,Tight Junction,2,0.07902008216924429,0.2930328047109476,False,4.442475891455484,11.27524039277228,CLDN3;CGNL1
GO_Cellular_Component_2023,Endolysosome Membrane,1,0.09088251453617983,0.31362849947703175,False,11.15712682379349,26.75688382123247,CLTC
GO_Cellular_Component_2023,Platelet Dense Granule,1,0.09543241646248146,0.31362849947703175,False,10.569377990430622,24.83103038927071,CLEC3B
GO_Cellular_Component_2023,Anaphase-Promoting Complex,1,0.09543241646248146,0.31362849947703175,False,10.569377990430622,24.83103038927071,UBE2S
GO_Cellular_Component_2023,Apical Junction Complex,2,0.09866964028490886,0.31362849947703175,False,3.8846153846153846,8.996683675058378,CLDN3;CGNL1
GO_Cellular_Component_2023,Catenin Complex,1,0.1310292553948657,0.3887201243381016,False,7.434717545828657,15.109834134055738,CDH3
GO_Cellular_Component_2023,Endolysosome,1,0.1310292553948657,0.3887201243381016,False,7.434717545828657,15.109834134055738,CLTC
GO_Cellular_Component_2023,Mitotic Spindle,2,0.1604167144707384,0.4478829763719797,False,2.859892893327544,5.233547895270227,KIFC1;CLTC
GO_Cellular_Component_2023,Cul3-RING Ubiquitin Ligase Complex,1,0.16103657577419495,0.4478829763719797,False,5.901960784313726,10.777710825180796,KLHL13
GO_Cellular_Component_2023,Endoplasmic Reticulum Lumen,3,0.16997062301271051,0.45840561964034043,False,2.1593352166415967,3.826621989063068,COL11A1;COL10A1;COL4A5
GO_Cellular_Component_2023,Keratin Filament,1,0.17772061456847035,0.45968260277660655,False,5.279638490164806,9.12080010262218,KRT5
GO_Cellular_Component_2023,Brush Border Membrane,1,0.18184003844564067,0.45968260277660655,False,5.144004144004144,8.768612919919887,CA4
GO_Cellular_Component_2023,Cornified Envelope,1,0.1859390303366049,0.45968260277660655,False,5.015151515151516,8.43717221072756,PPL
GO_Cellular_Component_2023,Basolateral Plasma Membrane,2,0.21072812874852287,0.5064138823406582,False,2.382683250815119,3.7102821101376557,ERBB4;CA4
GO_Cellular_Component_2023,cullin-RING Ubiquitin Ligase Complex,2,0.21622165762859566,0.5064138823406582,False,2.340768865685809,3.5847732993930266,UBE2S;KLHL13
GO_Cellular_Component_2023,Microtubule,2,0.23646671334586217,0.5103552951406978,False,2.1988401918144307,3.1706128385033825,KIFC1;DPYSL2
GO_Cellular_Component_2023,Lysosome,4,0.24401044680978487,0.5103552951406978,False,1.6199899799599198,2.2850675347844267,OMD;OGN;CLTC;DCN
GO_Cellular_Component_2023,Microtubule Cytoskeleton,3,0.24454044448295204,0.5103552951406978,False,1.7845999452604688,2.5133851745300593,KIFC1;DPYSL2;CLTC
GO_Cellular_Component_2023,Microvillus,1,0.2525911479606718,0.5103552951406978,False,3.5163919900762006,4.8384959983786695,AOC3
GO_Cellular_Component_2023,Transport Vesicle Membrane,1,0.26006835626766184,0.5103552951406978,False,3.396849854476973,4.574913980988086,CA4
GO_Cellular_Component_2023,Filopodium,1,0.26006835626766184,0.5103552951406978,False,3.396849854476973,4.574913980988086,MAP2
GO_Cellular_Component_2023,Mitochondrial Matrix,3,0.261980342101117,0.5103552951406978,False,1.7175492033739457,2.300632782777738,ERBB4;PDK4;ACADSB
GO_Cellular_Component_2023,Specific Granule Lumen,1,0.26377914130867525,0.5103552951406978,False,3.34006734006734,4.4511177340934625,LCN2
GO_Cellular_Component_2023,Platelet Alpha Granule Lumen,1,0.28205850257636833,0.5148539448743069,False,3.0823620823620823,3.9011631304837175,IGF1
GO_Cellular_Component_2023,Spindle,2,0.2827567896449933,0.5148539448743069,False,1.9321036106750393,2.4405717461767877,KIFC1;CLTC
GO_Cellular_Component_2023,Clathrin-Coated Endocytic Vesicle Membrane,1,0.2892437892552286,0.5148539448743069,False,2.990049751243781,3.7091130169332227,CLTC
GO_Cellular_Component_2023,Spindle Microtubule,1,0.2892437892552286,0.5148539448743069,False,2.990049751243781,3.7091130169332227,CLTC
GO_Cellular_Component_2023,Clathrin-Coated Vesicle,1,0.32411609442991285,0.5605438046603106,False,2.600419782237964,2.929772078325152,CLTC
GO_Cellular_Component_2023,Coated Vesicle,1,0.32750873980152984,0.5605438046603106,False,2.566951566951567,2.865335397718705,CLTC
GO_Cellular_Component_2023,trans-Golgi Network,2,0.3398001251547534,0.5623399251105531,False,1.678848945435915,1.81214569274415,CLTC;CA4
GO_Cellular_Component_2023,Actin-Based Cell Projection,1,0.34422071652682057,0.5623399251105531,False,2.4117074358038213,2.572018957842433,AOC3
GO_Cellular_Component_2023,Clathrin-Coated Endocytic Vesicle,1,0.34751343686607217,0.5623399251105531,False,2.382876382876383,2.5185858334956643,CLTC
GO_Cellular_Component_2023,Platelet Alpha Granule,1,0.3605214364245345,0.5679341630764054,False,2.2741046831955924,2.32005037808893,IGF1
GO_Cellular_Component_2023,Clathrin-Coated Vesicle Membrane,1,0.3637331156781473,0.5679341630764054,False,2.2484394506866416,2.2739252396942655,CLTC
GO_Cellular_Component_2023,trans-Golgi Network Membrane,1,0.394984420817951,0.6060967836689248,False,2.020304050607081,1.8766785261005494,CLTC
GO_Cellular_Component_2023,Cell Projection Membrane,1,0.41003527484740526,0.6185277874816791,False,1.9226884226884227,1.7140999679223647,CA4
GO_Cellular_Component_2023,Cytoplasmic Vesicle Lumen,1,0.4390337277589992,0.6451109556350063,False,1.7531454899875953,1.443152621866488,S100P
GO_Cellular_Component_2023,Cell-Cell Junction,2,0.44215469992961104,0.6451109556350063,False,1.3470074898646327,1.0992866947737296,CLDN3;CDH3
GO_Cellular_Component_2023,Mitochondrial Envelope,1,0.5202557726245733,0.731587072966199,False,1.3761755485893417,0.899240881378034,GPAM
GO_Cellular_Component_2023,Adherens Junction,1,0.5298491312613169,0.731587072966199,False,1.3389600705036946,0.8504578563729338,CDH3
GO_Cellular_Component_2023,Mitochondrial Outer Membrane,1,0.5322176434695001,0.731587072966199,False,1.32996632996633,0.8388134470328799,GPAM
GO_Cellular_Component_2023,Endosome Membrane,2,0.5414164120834912,0.731587072966199,False,1.1108521402990166,0.6815817576140135,CLTC;RHOU
GO_Cellular_Component_2023,Specific Granule,1,0.5507453245925318,0.731587072966199,False,1.2621148190768443,0.7528297591179895,LCN2
GO_Cellular_Component_2023,Endocytic Vesicle Membrane,1,0.5507453245925318,0.731587072966199,False,1.2621148190768443,0.7528297591179895,CLTC
GO_Cellular_Component_2023,Membrane Raft,1,0.5728862133976284,0.7392644892788177,False,1.1863876863876863,0.6608988084033616,GPM6B
GO_Cellular_Component_2023,Organelle Outer Membrane,1,0.5750399753809352,0.7392644892788177,False,1.1793078716155638,0.6525295819615611,GPAM
GO_Cellular_Component_2023,Cytoplasmic Vesicle Membrane,2,0.5821344931597368,0.7392644892788177,False,1.0290038496018563,0.5567464122169437,CA4;RHOU
GO_Cellular_Component_2023,Bounding Membrane Of Organelle,4,0.5897503229078208,0.7392644892788177,False,0.9757157464212679,0.515232567033727,GALNT7;UGCG;CA4;RHOU
GO_Cellular_Component_2023,Endocytic Vesicle,1,0.6274146268959372,0.7718673012998835,False,1.0207200207200207,0.4758062593684267,CLTC
GO_Cellular_Component_2023,Golgi Membrane,2,0.6331046403920393,0.7718673012998835,False,0.9351740696278511,0.42748636093719494,GALNT7;UGCG
GO_Cellular_Component_2023,Nucleus,21,0.6726715694055004,0.8010501172906165,False,0.9186540216658069,0.36424455416860324,FOXA1;HES6;GSTM3;UBE2QL1;C2CD4A;ADIRF;KRT5;C15ORF48;PCP4;FABP4;UBE2S;KIFC1;ERBB4;EXO1;MYBL2;S100P;ZNF423;PITX1;SOX7;ZNF521;ANKRD6
GO_Cellular_Component_2023,Lytic Vacuole,1,0.6750422336718678,0.8010501172906165,False,0.8953498953498954,0.3518546212716062,CLTC
GO_Cellular_Component_2023,Intracellular Non-Membrane-Bounded Organelle,5,0.7204546834962767,0.8436903530416925,False,0.8275099513489607,0.2713179728607304,FABP4;CLTC;C2CD4A;GIMAP7;PPL
GO_Cellular_Component_2023,Dendrite,1,0.7440030510499898,0.8599515784863518,False,0.7371484360331944,0.21798226964081355,MAP2
GO_Cellular_Component_2023,Secretory Granule Membrane,1,0.7554488001909503,0.8619864514999304,False,0.7129569072015115,0.19994396571314432,CA4
GO_Cellular_Component_2023,Intracellular Membrane-Bounded Organelle,23,0.7778533312609327,0.8763157782559875,False,0.8550556586270872,0.21480476775881766,FOXA1;HES6;GSTM3;UBE2QL1;C2CD4A;ADIRF;KRT5;ABCA8;MUC5B;C15ORF48;PCP4;FABP4;UBE2S;KIFC1;ERBB4;EXO1;MYBL2;S100P;ZNF423;PITX1;SOX7;ZNF521;ANKRD6
GO_Cellular_Component_2023,Early Endosome,1,0.787915232174244,0.8765556957938464,False,0.6467947448339605,0.1541730794858835,AOC3
GO_Cellular_Component_2023,Lysosomal Membrane,1,0.8347879759050624,0.9172361710561796,False,0.5561246265471618,0.10042359889148923,CLTC
GO_Cellular_Component_2023,Focal Adhesion,1,0.858980507507642,0.9271354142617922,False,0.510650546919977,0.07762350417728954,CLTC
GO_Cellular_Component_2023,Cell-Substrate Junction,1,0.8646319031879636,0.9271354142617922,False,0.5000769112444239,0.07273689088272671,CLTC
GO_Cellular_Component_2023,Mitochondrial Membrane,1,0.9356864876550847,0.9833881848409021,False,0.3628305316617005,0.024119089819525676,GPAM
GO_Cellular_Component_2023,Neuron Projection,1,0.9410816460893344,0.9833881848409021,False,0.3514279485502507,0.021340594988152536,MAP2
GO_Cellular_Component_2023,Cytoskeleton,1,0.9525650830565344,0.9833881848409021,False,0.3260362825580217,0.015844334898891844,PPL
GO_Cellular_Component_2023,Nucleolus,1,0.980573601229151,0.9833881848409021,False,0.25095106913288734,0.00492305045799545,C2CD4A
GO_Cellular_Component_2023,Nuclear Lumen,1,0.9814642252933046,0.9833881848409021,False,0.24793506308268826,0.004638794354737822,C2CD4A
GO_Cellular_Component_2023,Endoplasmic Reticulum Membrane,1,0.9833881848409021,0.9833881848409021,False,0.24116161616161616,0.004039779908446579,GRAMD1C
Reactome_2022,Assembly Of Collagen Fibrils And Other Multimeric Structures,4,0.00018964479109883462,0.042860343461240534,True,15.602987421383649,133.7231842647315,LAMB3;COL11A1;COL10A1;COL4A5
Reactome_2022,Extracellular Matrix Organization,7,0.0006487266817464006,0.042860343461240534,True,5.198849008026655,38.16214629543215,EFEMP1;LAMB3;COL11A1;COL10A1;COL4A5;FBLN2;DCN
Reactome_2022,Defective B4GALT1 Causes B4GALT1-CDG (CDG-2d),2,0.0006795551666861537,0.042860343461240534,True,67.66666666666667,493.5655481733249,OGN;OMD
Reactome_2022,Defective CHST6 Causes MCDC1,2,0.0006795551666861537,0.042860343461240534,True,67.66666666666667,493.5655481733249,OGN;OMD
Reactome_2022,Defective ST3GAL3 Causes MCT12 And EIEE15,2,0.0006795551666861537,0.042860343461240534,True,67.66666666666667,493.5655481733249,OGN;OMD
Reactome_2022,Transcriptional Regulation Of White Adipocyte Differentiation,4,0.0008356618925326059,0.042860343461240534,True,10.322916666666666,73.16146753439465,FABP4;EBF1;ADIRF;LPL
Reactome_2022,Diseases Associated With Glycosaminoglycan Metabolism,3,0.0010476950310726527,0.042860343461240534,True,16.60323209807746,113.9174773737536,OMD;OGN;DCN
Reactome_2022,Collagen Formation,4,0.0010816490463404552,0.042860343461240534,True,9.599806201550388,65.55965417135813,LAMB3;COL11A1;COL10A1;COL4A5
Reactome_2022,Collagen Chain Trimerization,3,0.0013842585226956834,0.0487566612993924,True,14.980387226552677,98.60975682160374,COL11A1;COL10A1;COL4A5
Reactome_2022,Keratan Sulfate Degradation,2,0.001581045102291189,0.05011912974263069,False,40.59183673469388,261.8039188938469,OGN;OMD
Reactome_2022,Collagen Biosynthesis And Modifying Enzymes,3,0.004608650082634319,0.13281291601773446,False,9.58569587628866,51.56932115539997,COL11A1;COL10A1;COL4A5
Reactome_2022,Diseases Of Glycosylation,4,0.00578268220405759,0.15275918822385467,False,5.923561151079137,30.523445127791966,OMD;OGN;MUC5B;DCN
Reactome_2022,Recycling Pathway Of L1,2,0.00859620747114401,0.18166651789017677,False,15.599686028257457,74.19887958363982,DPYSL2;CLTC
Reactome_2022,Keratan Sulfate Biosynthesis,2,0.00859620747114401,0.18166651789017677,False,15.599686028257457,74.19887958363982,OMD;OGN
Reactome_2022,Molecules Associated With Elastic Fibres,2,0.00859620747114401,0.18166651789017677,False,15.599686028257457,74.19887958363982,EFEMP1;FBLN2
Reactome_2022,Keratan Sulfate/Keratin Metabolism,2,0.011814596043916763,0.22828316070907137,False,13.08031599736669,58.0559303610333,OMD;OGN
Reactome_2022,Signaling By Receptor Tyrosine Kinases,7,0.012242314612158401,0.22828316070907137,False,2.987818017899158,13.154935228263811,EGR3;LAMB3;ERBB4;CLTC;KIT;COL4A5;IGF1
Reactome_2022,Transcriptional Regulation By AP-2 (TFAP2) Family Of Transcription Factors,2,0.013960915236479575,0.24544288238629158,False,11.92436974789916,50.93486932982207,KIT;MYBL2
Reactome_2022,Triglyceride Metabolism,2,0.014711087587821891,0.24544288238629158,False,11.583090379008746,48.87083992538764,FABP4;GPAM
Reactome_2022,RHOU GTPase Cycle,2,0.016262406432153827,0.24548489709489346,False,10.955874241588527,45.126141525786544,CLTC;RHOU
Reactome_2022,Elastic Fibre Formation,2,0.016262406432153827,0.24548489709489346,False,10.955874241588527,45.126141525786544,EFEMP1;FBLN2
Reactome_2022,Estrogen-dependent Gene Expression,3,0.021874299104735526,0.30811876262808935,False,5.274795591894774,20.16260489683167,FOXA1;GPAM;ERBB4
Reactome_2022,Glycosaminoglycan Metabolism,3,0.022355620001407114,0.30811876262808935,False,5.229447528416601,19.87544374344105,OMD;OGN;DCN
Reactome_2022,TFAP2A Acts As A Transcriptional Repressor During Retinoic Acid Induced Cell Differentiation,1,0.024753528718293626,0.30848675573282053,False,50.24242424242424,185.83603697375267,MYBL2
Reactome_2022,Vitamin B1 (Thiamin) Metabolism,1,0.024753528718293626,0.30848675573282053,False,50.24242424242424,185.83603697375267,SLC19A2
Reactome_2022,Vasopressin-like Receptors,1,0.029630963394411815,0.30848675573282053,False,40.19191919191919,141.432767389918,OXTR
Reactome_2022,RUNX1 Regulates Estrogen Receptor Mediated Transcription,1,0.029630963394411815,0.30848675573282053,False,40.19191919191919,141.432767389918,GPAM
Reactome_2022,Metal Sequestration By Antimicrobial Proteins,1,0.029630963394411815,0.30848675573282053,False,40.19191919191919,141.432767389918,LCN2
Reactome_2022,Entry Of Influenza Virion Into Host Cell Via Endocytosis,1,0.029630963394411815,0.30848675573282053,False,40.19191919191919,141.432767389918,CLTC
Reactome_2022,Chemokine Receptors Bind Chemokines,2,0.03199941777272016,0.30848675573282053,False,7.500377928949358,25.81658262777106,ACKR4;CX3CL1
Reactome_2022,Anchoring Fibril Formation,1,0.03448424920041465,0.30848675573282053,False,33.49158249158249,112.77461836050252,LAMB3
Reactome_2022,Erythrocytes Take Up Oxygen And Release Carbon Dioxide,1,0.03448424920041465,0.30848675573282053,False,33.49158249158249,112.77461836050252,CA4
Reactome_2022,Diseases Of Metabolism,4,0.03548457558948585,0.30848675573282053,False,3.3705418381344305,11.253083665761139,OMD;OGN;MUC5B;DCN
Reactome_2022,"Defective CHST14 Causes EDS, Musculocontractural Type",1,0.03931350415205654,0.30848675573282053,False,28.705627705627705,92.89678500716381,DCN
Reactome_2022,Defective CHST3 Causes SEDCJD,1,0.03931350415205654,0.30848675573282053,False,28.705627705627705,92.89678500716381,DCN
Reactome_2022,Defective CHSY1 Causes TPBS,1,0.03931350415205654,0.30848675573282053,False,28.705627705627705,92.89678500716381,DCN
Reactome_2022,SHC-related Events Triggered By IGF1R,1,0.03931350415205654,0.30848675573282053,False,28.705627705627705,92.89678500716381,IGF1
Reactome_2022,Signaling By Nuclear Receptors,4,0.04156358242682033,0.30848675573282053,False,3.197265625,10.169002171942294,FOXA1;GPAM;ERBB4;PDK4
Reactome_2022,Formation Of Annular Gap Junctions,1,0.0441188457824273,0.30848675573282053,False,25.116161616161616,78.3842312444799,CLTC
Reactome_2022,Type I Hemidesmosome Assembly,1,0.0441188457824273,0.30848675573282053,False,25.116161616161616,78.3842312444799,LAMB3
Reactome_2022,Chylomicron Remodeling,1,0.0441188457824273,0.30848675573282053,False,25.116161616161616,78.3842312444799,LPL
Reactome_2022,Downregulation Of ERBB4 Signaling,1,0.0441188457824273,0.30848675573282053,False,25.116161616161616,78.3842312444799,ERBB4
Reactome_2022,PI3K Events In ERBB4 Signaling,1,0.04890039114183046,0.30848675573282053,False,22.32435465768799,67.37423003045056,ERBB4
Reactome_2022,Gap Junction Degradation,1,0.04890039114183046,0.30848675573282053,False,22.32435465768799,67.37423003045056,CLTC
Reactome_2022,"Plasma Lipoprotein Assembly, Remodeling, And Clearance",2,0.04921854901375952,0.30848675573282053,False,5.865424430641822,17.663636014354466,CLTC;LPL
Reactome_2022,"WNT5A-dependent Internalization Of FZD2, FZD5 And ROR2",1,0.05365825675086383,0.30848675573282053,False,20.09090909090909,58.768318421882675,CLTC
Reactome_2022,Dermatan Sulfate Biosynthesis,1,0.05365825675086383,0.30848675573282053,False,20.09090909090909,58.768318421882675,DCN
Reactome_2022,Erythrocytes Take Up Carbon Dioxide And Release Oxygen,1,0.05365825675086383,0.30848675573282053,False,20.09090909090909,58.768318421882675,CA4
Reactome_2022,Metabolism Of Carbohydrates,4,0.05481512216300297,0.30848675573282053,False,2.9091043890865955,8.447425822967372,PFKFB3;OMD;OGN;DCN
Reactome_2022,Constitutive Signaling By Aberrant PI3K In Cancer,2,0.05816816071082103,0.30848675573282053,False,5.323308270676692,15.141709290687697,ERBB4;KIT
Reactome_2022,ALK Mutants Bind TKIs,1,0.05839255858007915,0.30848675573282053,False,18.26354453627181,51.878818604154176,CLTC
Reactome_2022,Butyrophilin (BTN) Family Interactions,1,0.05839255858007915,0.30848675573282053,False,18.26354453627181,51.878818604154176,PPL
Reactome_2022,"Regulation Of Glycolysis By Fructose 2,6-Bisphosphate Metabolism",1,0.05839255858007915,0.30848675573282053,False,18.26354453627181,51.878818604154176,PFKFB3
Reactome_2022,Reversible Hydration Of Carbon Dioxide,1,0.05839255858007915,0.30848675573282053,False,18.26354453627181,51.878818604154176,CA4
Reactome_2022,TFAP2 (AP-2) Family Regulates Transcription Of Growth Factors And Their Receptors,1,0.06310341209244187,0.30848675573282053,False,16.74074074074074,46.254339159717055,KIT
Reactome_2022,SHC1 Events In ERBB4 Signaling,1,0.06310341209244187,0.30848675573282053,False,16.74074074074074,46.254339159717055,ERBB4
Reactome_2022,Degradation Of Cysteine And Homocysteine,1,0.06310341209244187,0.30848675573282053,False,16.74074074074074,46.254339159717055,CDO1
Reactome_2022,ERBB2 Activates PTK6 Signaling,1,0.06310341209244187,0.30848675573282053,False,16.74074074074074,46.254339159717055,ERBB4
Reactome_2022,Triglyceride Biosynthesis,1,0.0677909321684321,0.30848675573282053,False,15.452214452214452,41.58695944336839,GPAM
Reactome_2022,CS/DS Degradation,1,0.0677909321684321,0.30848675573282053,False,15.452214452214452,41.58695944336839,DCN
Reactome_2022,Retrograde Neurotrophin Signaling,1,0.0677909321684321,0.30848675573282053,False,15.452214452214452,41.58695944336839,CLTC
Reactome_2022,Mismatch Repair (MMR) Directed By MSH2:MSH3 (MutSbeta),1,0.0677909321684321,0.30848675573282053,False,15.452214452214452,41.58695944336839,EXO1
Reactome_2022,Mismatch Repair (MMR) Directed By MSH2:MSH6 (MutSalpha),1,0.0677909321684321,0.30848675573282053,False,15.452214452214452,41.58695944336839,EXO1
Reactome_2022,ESR-mediated Signaling,3,0.0682748527071473,0.30848675573282053,False,3.2959041515742546,8.846911304865927,FOXA1;GPAM;ERBB4
Reactome_2022,Cell Junction Organization,2,0.06902351244139765,0.30848675573282053,False,4.814382896015549,12.870328659591635,CLDN3;LAMB3
Reactome_2022,GRB2 Events In ERBB2 Signaling,1,0.07245523317560384,0.30848675573282053,False,14.347763347763347,37.659813836990104,ERBB4
Reactome_2022,WNT5A-dependent Internalization Of FZD4,1,0.07245523317560384,0.30848675573282053,False,14.347763347763347,37.659813836990104,CLTC
Reactome_2022,Mismatch Repair,1,0.07245523317560384,0.30848675573282053,False,14.347763347763347,37.659813836990104,EXO1
Reactome_2022,ERBB2 Regulates Cell Motility,1,0.07245523317560384,0.30848675573282053,False,14.347763347763347,37.659813836990104,ERBB4
Reactome_2022,Peptide Ligand-Binding Receptors,3,0.07528695361838189,0.30848675573282053,False,3.1580043801079003,8.168015432674538,OXTR;ACKR4;CX3CL1
Reactome_2022,PI3K Events In ERBB2 Signaling,1,0.0770964289305897,0.30848675573282053,False,13.390572390572391,34.31599732708391,ERBB4
Reactome_2022,Polo-like Kinase Mediated Events,1,0.0770964289305897,0.30848675573282053,False,13.390572390572391,34.31599732708391,MYBL2
Reactome_2022,Transcription Of E2F Targets Under Negative Control By P107 (RBL1) And P130 (RBL2) In Complex With HDAC1,1,0.0770964289305897,0.30848675573282053,False,13.390572390572391,34.31599732708391,MYBL2
Reactome_2022,CRMPs In Sema3A Signaling,1,0.0770964289305897,0.30848675573282053,False,13.390572390572391,34.31599732708391,DPYSL2
Reactome_2022,VLDLR Internalisation And Degradation,1,0.0770964289305897,0.30848675573282053,False,13.390572390572391,34.31599732708391,CLTC
Reactome_2022,Regulation Of KIT Signaling,1,0.0770964289305897,0.30848675573282053,False,13.390572390572391,34.31599732708391,KIT
Reactome_2022,Regulation Of Pyruvate Dehydrogenase (PDH) Complex,1,0.0770964289305897,0.30848675573282053,False,13.390572390572391,34.31599732708391,PDK4
Reactome_2022,MET Activates PTK2 Signaling,1,0.08171463267155567,0.30848675573282053,False,12.553030303030303,31.43934295429433,LAMB3
Reactome_2022,Metabolism,15,0.08473226551228316,0.30848675573282053,False,1.5500607322575048,3.8259510601517643,AOC3;GSTM3;PFKFB3;OMD;LPL;ACADSB;DCN;UGCG;FABP4;GPAM;OGN;CA4;PDK4;CDO1;SLC19A2
Reactome_2022,LDL Clearance,1,0.08630995715059277,0.30848675573282053,False,11.81402257872846,28.942114306609312,CLTC
Reactome_2022,Defective GALNT12 Causes CRCS1,1,0.08630995715059277,0.30848675573282053,False,11.81402257872846,28.942114306609312,MUC5B
Reactome_2022,Defective GALNT3 Causes HFTC,1,0.08630995715059277,0.30848675573282053,False,11.81402257872846,28.942114306609312,MUC5B
Reactome_2022,L1CAM Interactions,2,0.08792462838146668,0.30848675573282053,False,4.166421207658321,10.129717084781953,DPYSL2;CLTC
Reactome_2022,Developmental Biology,9,0.08821252487314607,0.30848675573282053,False,1.7508468974634388,4.251067333595982,FABP4;DPYSL2;CLTC;EBF1;LPL;COL4A5;ADIRF;KRT5;PPL
Reactome_2022,"Synthesis, Secretion, And Deacylation Of Ghrelin",1,0.09088251453617983,0.30848675573282053,False,11.15712682379349,26.75688382123247,IGF1
Reactome_2022,Assembly Of Active LPL And LIPC Lipase Complexes,1,0.09088251453617983,0.30848675573282053,False,11.15712682379349,26.75688382123247,LPL
Reactome_2022,Defective C1GALT1C1 Causes TNPS,1,0.09088251453617983,0.30848675573282053,False,11.15712682379349,26.75688382123247,MUC5B
Reactome_2022,Signaling By KIT In Disease,1,0.09088251453617983,0.30848675573282053,False,11.15712682379349,26.75688382123247,KIT
Reactome_2022,Nuclear Events Stimulated By ALK Signaling In Cancer,1,0.09088251453617983,0.30848675573282053,False,11.15712682379349,26.75688382123247,CLTC
Reactome_2022,Aberrant Regulation Of Mitotic Exit In Cancer Due To RB1 Defects,1,0.09543241646248146,0.30848675573282053,False,10.569377990430622,24.83103038927071,UBE2S
Reactome_2022,Phosphorylation Of APC/C,1,0.09543241646248146,0.30848675573282053,False,10.569377990430622,24.83103038927071,UBE2S
Reactome_2022,Chondroitin Sulfate Biosynthesis,1,0.09543241646248146,0.30848675573282053,False,10.569377990430622,24.83103038927071,DCN
Reactome_2022,Conversion From APC/C:Cdc20 To APC/C:Cdh1 In Late Anaphase,1,0.09543241646248146,0.30848675573282053,False,10.569377990430622,24.83103038927071,UBE2S
Reactome_2022,Defective B3GALT6 Causes EDSP2 And SEMDJL1,1,0.09543241646248146,0.30848675573282053,False,10.569377990430622,24.83103038927071,DCN
Reactome_2022,Defective B3GAT3 Causes JDSSDHD,1,0.09543241646248146,0.30848675573282053,False,10.569377990430622,24.83103038927071,DCN
Reactome_2022,"Defective B4GALT7 Causes EDS, Progeroid Type",1,0.09543241646248146,0.30848675573282053,False,10.569377990430622,24.83103038927071,DCN
Reactome_2022,PI3K/AKT Signaling In Cancer,2,0.09711249980836766,0.30848675573282053,False,3.9225282345948087,9.146885461046205,ERBB4;KIT
Reactome_2022,"PI5P, PP2A And IER3 Regulate PI3K/AKT Signaling",2,0.09866964028490886,0.30848675573282053,False,3.8846153846153846,8.996683675058378,ERBB4;KIT
Reactome_2022,Branched-chain Amino Acid Catabolism,1,0.0999597740324998,0.30848675573282053,False,10.04040404040404,23.122924333288797,ACADSB
Reactome_2022,Inactivation Of APC/C Via Direct Inhibition Of APC/C Complex,1,0.0999597740324998,0.30848675573282053,False,10.04040404040404,23.122924333288797,UBE2S
Reactome_2022,SHC1 Events In ERBB2 Signaling,1,0.0999597740324998,0.30848675573282053,False,10.04040404040404,23.122924333288797,ERBB4
Reactome_2022,Signaling By ERBB2 TMD/JMD Mutants,1,0.0999597740324998,0.30848675573282053,False,10.04040404040404,23.122924333288797,ERBB4
Reactome_2022,Interleukin-4 And Interleukin-13 Signaling,2,0.1002338670046704,0.30848675573282053,False,3.847424684159378,8.850035372430577,LCN2;RHOU
Reactome_2022,Degradation Of Extracellular Matrix,2,0.1033831480896997,0.3151197879272577,False,3.7751287430860194,8.566949896272241,LAMB3;DCN
Reactome_2022,Laminin Interactions,1,0.10446469781910508,0.3153838972252982,False,9.561808561808562,21.59922753970687,LAMB3
Reactome_2022,Triglyceride Catabolism,1,0.10894729783603285,0.31814367871844795,False,9.1267217630854,20.232947516534363,FABP4
Reactome_2022,Long-term Potentiation,1,0.10894729783603285,0.31814367871844795,False,9.1267217630854,20.232947516534363,ERBB4
Reactome_2022,Negative Regulation Of PI3K/AKT Network,2,0.10976205232938706,0.31814367871844795,False,3.6383526383526386,8.038723369904124,ERBB4;KIT
Reactome_2022,Signaling By NTRK1 (TRKA),2,0.11137290800006257,0.31814367871844795,False,3.6056851311953353,7.914014366919983,EGR3;CLTC
Reactome_2022,APC/C:Cdc20 Mediated Degradation Of Cyclin B,1,0.11340768358102403,0.31814367871844795,False,8.729468599033817,19.002011610155247,UBE2S
Reactome_2022,Impaired BRCA2 Binding To PALB2,1,0.11340768358102403,0.31814367871844795,False,8.729468599033817,19.002011610155247,EXO1
Reactome_2022,RUNX2 Regulates Osteoblast Differentiation,1,0.11340768358102403,0.31814367871844795,False,8.729468599033817,19.002011610155247,ZNF521
Reactome_2022,Signaling By ERBB2 KD Mutants,1,0.11340768358102403,0.31814367871844795,False,8.729468599033817,19.002011610155247,ERBB4
Reactome_2022,Gap Junction Trafficking,1,0.11784596404042172,0.319292056417211,False,8.365319865319865,17.88820673407011,CLTC
Reactome_2022,Termination Of O-glycan Biosynthesis,1,0.11784596404042172,0.319292056417211,False,8.365319865319865,17.88820673407011,MUC5B
Reactome_2022,Defective HDR Thru Homologous Recombination (HRR) Due To BRCA1 Loss-Of-Function,1,0.11784596404042172,0.319292056417211,False,8.365319865319865,17.88820673407011,EXO1
Reactome_2022,Signaling By ERBB2 In Cancer,1,0.11784596404042172,0.319292056417211,False,8.365319865319865,17.88820673407011,ERBB4
Reactome_2022,Cell-Cell Communication,2,0.12116571332561664,0.32030688015114156,False,3.4213075060532687,7.220998411655919,CLDN3;LAMB3
Reactome_2022,GAG Synthesis Requires Tetrasaccharide Linker Sequence,1,0.12226224762866918,0.32030688015114156,False,8.030303030303031,16.876380218002918,DCN
Reactome_2022,APC-Cdc20 Mediated Degradation Of Nek2A,1,0.12226224762866918,0.32030688015114156,False,8.030303030303031,16.876380218002918,UBE2S
Reactome_2022,Sulfur Amino Acid Metabolism,1,0.12226224762866918,0.32030688015114156,False,8.030303030303031,16.876380218002918,CDO1
Reactome_2022,Regulation Of IGF Transport And Uptake By IGFBPs,2,0.1261397529272332,0.3212012448799684,False,3.3359757125990894,6.906686810673667,IGFBP6;IGF1
Reactome_2022,G0 And Early G1,1,0.12665664230282664,0.3212012448799684,False,7.721056721056721,15.953830010816358,MYBL2
Reactome_2022,Gap Junction Trafficking And Regulation,1,0.12665664230282664,0.3212012448799684,False,7.721056721056721,15.953830010816358,CLTC
Reactome_2022,Resolution Of D-loop Structures Thru Synthesis-Dependent Strand Annealing (SDSA),1,0.12665664230282664,0.3212012448799684,False,7.721056721056721,15.953830010816358,EXO1
Reactome_2022,Platelet Degranulation,2,0.1294827706147527,0.3257622086101318,False,3.281400365024058,6.707863079636441,CLEC3B;IGF1
Reactome_2022,MET Promotes Cell Motility,1,0.1310292553948657,0.3270572752769483,False,7.434717545828657,15.109834134055738,LAMB3
Reactome_2022,Dectin-2 Family,1,0.13538019382269004,0.332678460789091,False,7.1688311688311686,14.335283778329618,MUC5B
Reactome_2022,Downregulation Of ERBB2 Signaling,1,0.13538019382269004,0.332678460789091,False,7.1688311688311686,14.335283778329618,ERBB4
Reactome_2022,Response To Elevated Platelet Cytosolic Ca2+,2,0.1379293598318549,0.3355146345626732,False,3.152423469387755,6.244993797842871,CLEC3B;IGF1
Reactome_2022,Synthesis Of Active Ubiquitin: Roles Of E1 And E2 Enzymes,1,0.13970956391884184,0.3355146345626732,False,6.921281783350749,13.622394510819323,UBE2S
Reactome_2022,Tight Junction Interactions,1,0.13970956391884184,0.3355146345626732,False,6.921281783350749,13.622394510819323,CLDN3
Reactome_2022,Signaling By NTRKs,2,0.1413417095746185,0.33688211981318844,False,3.1036106750392465,6.072446585747735,EGR3;CLTC
Reactome_2022,Pyruvate Metabolism,1,0.14401747150131122,0.33817435900678267,False,6.69023569023569,12.964476920040203,PDK4
Reactome_2022,RUNX2 Regulates Bone Development,1,0.14401747150131122,0.33817435900678267,False,6.69023569023569,12.964476920040203,ZNF521
Reactome_2022,Nuclear Signaling By ERBB4,1,0.14830402193397793,0.34567922759611036,False,6.474095796676441,12.355752978101908,ERBB4
Reactome_2022,Plasma Lipoprotein Remodeling,1,0.15256931999718407,0.35046720608048804,False,6.271464646464646,11.79120788980768,LPL
Reactome_2022,Resolution Of D-loop Structures Thru Holliday Junction Intermediates,1,0.15256931999718407,0.35046720608048804,False,6.271464646464646,11.79120788980768,EXO1
Reactome_2022,Lysosome Vesicle Biogenesis,1,0.1568134700259566,0.3550704999873446,False,6.081114172023263,11.266469699963471,CLTC
Reactome_2022,Resolution Of D-Loop Structures,1,0.1568134700259566,0.3550704999873446,False,6.081114172023263,11.266469699963471,EXO1
Reactome_2022,Plasma Lipoprotein Clearance,1,0.16103657577419495,0.35949714450999853,False,5.901960784313726,10.777710825180796,CLTC
Reactome_2022,Impaired BRCA2 Binding To RAD51,1,0.16103657577419495,0.35949714450999853,False,5.901960784313726,10.777710825180796,EXO1
Reactome_2022,Aberrant Regulation Of Mitotic Cell Cycle Due To RB1 Defects,1,0.16523874056701404,0.3637547274982184,False,5.733044733044733,10.321566994169176,UBE2S
Reactome_2022,Glutathione Conjugation,1,0.16523874056701404,0.3637547274982184,False,5.733044733044733,10.321566994169176,GSTM3
Reactome_2022,HDR Thru Single Strand Annealing (SSA),1,0.16942006718012562,0.3653480360278899,False,5.57351290684624,9.895070145641316,EXO1
Reactome_2022,RHOV GTPase Cycle,1,0.16942006718012562,0.3653480360278899,False,5.57351290684624,9.895070145641316,CLTC
Reactome_2022,NCAM1 Interactions,1,0.16942006718012562,0.3653480360278899,False,5.57351290684624,9.895070145641316,COL4A5
Reactome_2022,Diseases Of Mitotic Cell Cycle,1,0.17358065793162564,0.371791003813009,False,5.422604422604422,9.495592558231127,UBE2S
Reactome_2022,Synthesis Of PA,1,0.17772061456847035,0.37309559482255034,False,5.279638490164806,9.12080010262218,GPAM
Reactome_2022,Transcriptional Regulation By VENTX,1,0.17772061456847035,0.37309559482255034,False,5.279638490164806,9.12080010262218,UBE2S
Reactome_2022,NGF-stimulated Transcription,1,0.17772061456847035,0.37309559482255034,False,5.279638490164806,9.12080010262218,EGR3
Reactome_2022,Presynaptic Phase Of Homologous DNA Pairing And Strand Exchange,1,0.18184003844564067,0.3788403013567893,False,5.144004144004144,8.768612919919887,EXO1
Reactome_2022,Defective Homologous Recombination Repair (HRR) Due To BRCA2 Loss Of Function,1,0.1859390303366049,0.3788403013567893,False,5.015151515151516,8.43717221072756,EXO1
Reactome_2022,Non-integrin membrane-ECM Interactions,1,0.1859390303366049,0.3788403013567893,False,5.015151515151516,8.43717221072756,LAMB3
Reactome_2022,Signaling By Retinoic Acid,1,0.1859390303366049,0.3788403013567893,False,5.015151515151516,8.43717221072756,PDK4
Reactome_2022,Activation Of Gene Expression By SREBF (SREBP),1,0.1900176905858975,0.3788403013567893,False,4.892584380389258,8.124812043283224,GPAM
Reactome_2022,Kinesins,1,0.1900176905858975,0.3788403013567893,False,4.892584380389258,8.124812043283224,KIFC1
Reactome_2022,Deactivation Of Beta-Catenin Transactivating Complex,1,0.1900176905858975,0.3788403013567893,False,4.892584380389258,8.124812043283224,SOX7
Reactome_2022,Signaling By SCF-KIT,1,0.1900176905858975,0.3788403013567893,False,4.892584380389258,8.124812043283224,KIT
Reactome_2022,Homologous DNA Pairing And Strand Exchange,1,0.19407611900781976,0.3821250293508004,False,4.775853775853776,7.830035336967146,EXO1
Reactome_2022,Retinoid Metabolism And Transport,1,0.19407611900781976,0.3821250293508004,False,4.775853775853776,7.830035336967146,LPL
Reactome_2022,Glycosphingolipid Metabolism,1,0.20213267727917436,0.3955312265277671,False,4.558310376492194,7.287967841732019,UGCG
Reactome_2022,Metabolism Of Fat-Soluble Vitamins,1,0.2101094941683413,0.40861785062186623,False,4.359683794466403,6.801658146757973,LPL
Reactome_2022,Signaling By ERBB2,1,0.21800735103248006,0.4188383653169465,False,4.177609427609427,6.363445371866637,ERBB4
Reactome_2022,EPH-ephrin Mediated Repulsion Of Cells,1,0.21800735103248006,0.4188383653169465,False,4.177609427609427,6.363445371866637,CLTC
Reactome_2022,Chondroitin Sulfate/Dermatan Sulfate Metabolism,1,0.22192691156038513,0.42335677471503175,False,4.092145949288806,6.1603458876211565,DCN
Reactome_2022,Class A/1 (Rhodopsin-like Receptors),3,0.2246781857635295,0.42335677471503175,False,1.8686521573119512,2.7900587227230282,OXTR;ACKR4;CX3CL1
Reactome_2022,IRS-related Events Triggered By IGF1R,1,0.22582702165646545,0.42335677471503175,False,4.01010101010101,5.966974015935645,IGF1
Reactome_2022,Diseases Of DNA Repair,1,0.22582702165646545,0.42335677471503175,False,4.01010101010101,5.966974015935645,EXO1
Reactome_2022,IGF1R Signaling Cascade,1,0.22970777681698884,0.42335677471503175,False,3.9312735195088138,5.782696221966044,IGF1
Reactome_2022,Signaling By Non-Receptor Tyrosine Kinases,1,0.22970777681698884,0.42335677471503175,False,3.9312735195088138,5.782696221966044,ERBB4
Reactome_2022,Signaling By PDGF,1,0.22970777681698884,0.42335677471503175,False,3.9312735195088138,5.782696221966044,COL4A5
Reactome_2022,Heparan Sulfate/Heparin (HS-GAG) Metabolism,1,0.23356927222454107,0.42484139524850373,False,3.8554778554778553,5.606931137649977,DCN
Reactome_2022,Signaling By Type 1 Insulin-like Growth Factor 1 Receptor (IGF1R),1,0.23356927222454107,0.42484139524850373,False,3.8554778554778553,5.606931137649977,IGF1
Reactome_2022,Pyruvate Metabolism And Citric Acid (TCA) Cycle,1,0.23741160244685378,0.42484139524850373,False,3.7825424051839147,5.43914439332398,PDK4
Reactome_2022,Metabolism Of Vitamins And Cofactors,2,0.23831340617416621,0.42484139524850373,False,2.186779059449867,3.136209947287738,LPL;SLC19A2
Reactome_2022,Golgi Associated Vesicle Biogenesis,1,0.2412348616553018,0.42484139524850373,False,3.7123082678638233,5.278844037828421,CLTC
Reactome_2022,Regulation Of Cholesterol Biosynthesis By SREBP (SREBF),1,0.2412348616553018,0.42484139524850373,False,3.7123082678638233,5.278844037828421,GPAM
Reactome_2022,Signaling By ALK Fusions And Activated Point Mutants,1,0.2412348616553018,0.42484139524850373,False,3.7123082678638233,5.278844037828421,CLTC
Reactome_2022,ECM Proteoglycans,1,0.2412348616553018,0.42484139524850373,False,3.7123082678638233,5.278844037828421,DCN
Reactome_2022,Signal Transduction,15,0.2467872125451988,0.43102393239301195,False,1.2569027611044419,1.7586945437949386,FOXA1;OXTR;EGR3;LAMB3;CLTC;IGF1;CX3CL1;GPAM;ERBB4;KIT;PDK4;ACKR4;COL4A5;RHOU;SOX7
Reactome_2022,NCAM Signaling For Neurite Out-Growth,1,0.24882454141300062,0.43102393239301195,False,3.5793650793650795,4.978922896997587,COL4A5
Reactome_2022,Signaling By ERBB4,1,0.24882454141300062,0.43102393239301195,False,3.5793650793650795,4.978922896997587,ERBB4
Reactome_2022,O-linked Glycosylation Of Mucins,1,0.25633905564263204,0.4392404358849425,False,3.4555903866248694,4.703937185372145,MUC5B
Reactome_2022,Iron Uptake And Transport,1,0.25633905564263204,0.4392404358849425,False,3.4555903866248694,4.703937185372145,LCN2
Reactome_2022,Post NMDA Receptor Activation Events,1,0.26377914130867525,0.4447765308236705,False,3.34006734006734,4.4511177340934625,ERBB4
Reactome_2022,Cell-cell Junction Organization,1,0.26377914130867525,0.4447765308236705,False,3.34006734006734,4.4511177340934625,CLDN3
Reactome_2022,Nuclear Events (Kinase And Transcription Factor Activation),1,0.26377914130867525,0.4447765308236705,False,3.34006734006734,4.4511177340934625,EGR3
Reactome_2022,Autodegradation Of Cdh1 By Cdh1:APC/C,1,0.2711455282609312,0.4523849076774484,False,3.231997393287716,4.218078497375417,UBE2S
Reactome_2022,Signaling By MET,1,0.2711455282609312,0.4523849076774484,False,3.231997393287716,4.218078497375417,LAMB3
Reactome_2022,Semaphorin Interactions,1,0.2748013108427819,0.45608385097990506,False,3.1805355138688474,4.108319823136149,DPYSL2
Reactome_2022,Transport Of Small Molecules,5,0.27834745123760435,0.45833983241315684,False,1.4414745851790676,1.8434803993952893,CLTC;CA4;LCN2;LPL;ABCA8
Reactome_2022,Keratinization,2,0.2790523269897138,0.45833983241315684,False,1.9510600356647514,2.4902471103248573,KRT5;PPL
Reactome_2022,APC/C:Cdc20 Mediated Degradation Of Securin,1,0.28566008980872587,0.46438076138136464,False,3.0355065809611266,3.8033460819667058,UBE2S
Reactome_2022,HDR Thru Homologous Recombination (HRR),1,0.28566008980872587,0.46438076138136464,False,3.0355065809611266,3.8033460819667058,EXO1
Reactome_2022,Glycolysis,1,0.2928096888806698,0.471170920686154,False,2.9459298871063577,3.6182865561027495,PFKFB3
Reactome_2022,Diseases Associated With O-glycosylation Of Proteins,1,0.2928096888806698,0.471170920686154,False,2.9459298871063577,3.6182865561027495,MUC5B
Reactome_2022,Biological Oxidations,2,0.2975571550046171,0.4763920107902203,False,1.8597883597883598,2.254340516440832,AOC3;GSTM3
Reactome_2022,trans-Golgi Network Vesicle Budding,1,0.2998884383134025,0.4777117333937115,False,2.8614718614718613,3.446198601550195,CLTC
Reactome_2022,CDK-mediated Phosphorylation And Removal Of Cdc6,1,0.30340146185965494,0.47849882293288865,False,2.821027173139849,3.3646345783285243,UBE2S
Reactome_2022,Cdc20:Phospho-APC/C Mediated Degradation Of Cyclin A,1,0.30340146185965494,0.47849882293288865,False,2.821027173139849,3.3646345783285243,UBE2S
Reactome_2022,APC/C:Cdh1 Mediated Degradation Of Cdc20 And APC/C:Cdh1 Targets In Late Mitosis/Early G1,1,0.30689703311188365,0.47924315022890207,False,2.781705948372615,3.2858706369655613,UBE2S
Reactome_2022,APC:Cdc20 Mediated Degradation Of Cell Cycle Proteins Before Cycle Checkpoint Satisfied,1,0.30689703311188365,0.47924315022890207,False,2.781705948372615,3.2858706369655613,UBE2S
Reactome_2022,Formation Of Cornified Envelope,1,0.31037523789289684,0.47994609957096734,False,2.74346201743462,3.209777224050686,PPL
Reactome_2022,Activation Of NMDA Receptors And Postsynaptic Events,1,0.31037523789289684,0.47994609957096734,False,2.74346201743462,3.209777224050686,ERBB4
Reactome_2022,APC/C:Cdc20 Mediated Degradation Of Mitotic Proteins,1,0.31383616164844547,0.4829420545755204,False,2.7062517062517064,3.1362323637249645,UBE2S
Reactome_2022,Activation Of APC/C And APC/C:Cdc20 Mediated Degradation Of Mitotic Proteins,1,0.31727988935066437,0.4835467544430798,False,2.67003367003367,3.0651211233087037,UBE2S
Reactome_2022,Protein Ubiquitination,1,0.31727988935066437,0.4835467544430798,False,2.67003367003367,3.0651211233087037,UBE2S
Reactome_2022,G2/M DNA Damage Checkpoint,1,0.3207065055587057,0.486430441445501,False,2.6347687400318978,2.996335121708695,EXO1
Reactome_2022,COPI-dependent Golgi-to-ER Retrograde Traffic,1,0.32411609442991285,0.4892609615918208,False,2.600419782237964,2.929772078325152,KIFC1
Reactome_2022,Processing Of DNA Double-Strand Break Ends,1,0.3308845249727721,0.49476601139796583,False,2.534330648254699,2.8029337896230073,EXO1
Reactome_2022,Regulation Of APC/C Activators Between G1/S And Early Anaphase,1,0.3308845249727721,0.49476601139796583,False,2.534330648254699,2.8029337896230073,UBE2S
Reactome_2022,Senescence-Associated Secretory Phenotype (SASP),1,0.33424353285435243,0.4974422531212663,False,2.5025252525252526,2.742480915944007,UBE2S
Reactome_2022,APC/C-mediated Degradation Of Cell Cycle Proteins,1,0.3540498524990138,0.517055594932613,False,2.327225745830397,2.4163993335324085,UBE2S
Reactome_2022,Diseases Of Signal Transduction By Growth Factor Receptors And Second Messengers,3,0.3561713146662769,0.517055594932613,False,1.430981707765017,1.477264582931217,ERBB4;CLTC;KIT
Reactome_2022,PCP/CE Pathway,1,0.35729370848339814,0.517055594932613,False,2.3003599210495764,2.367523811703655,CLTC
Reactome_2022,Sphingolipid Metabolism,1,0.3605214364245345,0.517055594932613,False,2.2741046831955924,2.32005037808893,UGCG
Reactome_2022,Peptide Hormone Metabolism,1,0.3605214364245345,0.517055594932613,False,2.2741046831955924,2.32005037808893,IGF1
Reactome_2022,Antimicrobial Peptides,1,0.3605214364245345,0.517055594932613,False,2.2741046831955924,2.32005037808893,LCN2
Reactome_2022,Glucose Metabolism,1,0.3605214364245345,0.517055594932613,False,2.2741046831955924,2.32005037808893,PFKFB3
Reactome_2022,"Platelet Activation, Signaling And Aggregation",2,0.36335610548446884,0.517055594932613,False,1.591188856494979,1.610874915736704,CLEC3B;IGF1
Reactome_2022,Switching Of Origins To A Post-Replicative State,1,0.3637331156781473,0.517055594932613,False,2.2484394506866416,2.2739252396942655,UBE2S
Reactome_2022,Regulation Of TP53 Activity Thru Phosphorylation,1,0.3637331156781473,0.517055594932613,False,2.2484394506866416,2.2739252396942655,EXO1
Reactome_2022,EPH-Ephrin Signaling,1,0.36692882526242315,0.5192698107508399,False,2.22334455667789,2.2290972080359737,CLTC
Reactome_2022,PIP3 Activates AKT Signaling,2,0.38837253767783597,0.5454338418496089,False,1.5063679607181217,1.4247081321969897,ERBB4;KIT
Reactome_2022,Visual Phototransduction,1,0.38885819639751296,0.5454338418496089,False,2.062168072477351,1.947801335478516,LPL
Reactome_2022,RAF/MAP Kinase Cascade,2,0.39367933516120035,0.5473524089741251,False,1.4893407176997193,1.3883910758922942,ERBB4;KIT
Reactome_2022,Cell Cycle Checkpoints,2,0.39367933516120035,0.5473524089741251,False,1.4893407176997193,1.3883910758922942,UBE2S;EXO1
Reactome_2022,ABC-family Proteins Mediated Transport,1,0.40104984239534247,0.5514378358452432,False,1.9800980098009802,1.8091552855878605,ABCA8
Reactome_2022,GPCR Ligand Binding,3,0.4023727214519748,0.5514378358452432,False,1.3217401155545485,1.2032810770320819,OXTR;ACKR4;CX3CL1
Reactome_2022,MAPK1/MAPK3 Signaling,2,0.40423120814010177,0.5514378358452432,False,1.4564007421150278,1.3191615767443174,ERBB4;KIT
Reactome_2022,Phase I - Functionalization Of Compounds,1,0.4070550586365517,0.5514378358452432,False,1.9414533686378346,1.7449915352070269,AOC3
Reactome_2022,Cargo Recognition For Clathrin-Mediated Endocytosis,1,0.4070550586365517,0.5514378358452432,False,1.9414533686378346,1.7449915352070269,CLTC
Reactome_2022,MHC Class II Antigen Presentation,1,0.4070550586365517,0.5514378358452432,False,1.9414533686378346,1.7449915352070269,CLTC
Reactome_2022,Neutrophil Degranulation,3,0.4158073985706457,0.556356789430494,False,1.292650482208181,1.1343435979713743,LCN2;S100P;PTX3
Reactome_2022,O-linked Glycosylation,1,0.41595129052059016,0.556356789430494,False,1.8862206975414522,1.654568493195685,MUC5B
Reactome_2022,Phase II - Conjugation Of Compounds,1,0.41595129052059016,0.556356789430494,False,1.8862206975414522,1.654568493195685,GSTM3
Reactome_2022,Assembly Of Pre-Replicative Complex,1,0.4247153626139249,0.5633253972745365,False,1.8340283569641367,1.570544634474372,UBE2S
Reactome_2022,Mitotic Spindle Checkpoint,1,0.4247153626139249,0.5633253972745365,False,1.8340283569641367,1.570544634474372,UBE2S
Reactome_2022,Golgi-to-ER Retrograde Transport,1,0.43048561638067023,0.5685997516361353,False,1.8008008008008007,1.5177894088208939,KIFC1
Reactome_2022,Signaling By WNT,2,0.4336474073221412,0.5703992868096214,False,1.3704221414593234,1.145019904936257,CLTC;SOX7
Reactome_2022,HDR Thru Homologous Recombination (HRR) Or Single Strand Annealing (SSA),1,0.43619856583371813,0.57138407177392,False,1.768749441315813,1.4674566165007243,EXO1
Reactome_2022,Synthesis Of DNA,1,0.45023391713708705,0.5825475580916596,False,1.6933744221879816,1.3512924945163796,UBE2S
Reactome_2022,Transcriptional Regulation By RUNX2,1,0.45023391713708705,0.5825475580916596,False,1.6933744221879816,1.3512924945163796,ZNF521
Reactome_2022,Homology Directed Repair,1,0.45023391713708705,0.5825475580916596,False,1.6933744221879816,1.3512924945163796,EXO1
Reactome_2022,Intracellular Signaling By Second Messengers,2,0.4539480327421034,0.5847448919217734,False,1.3155209452201932,1.0389623351923738,ERBB4;KIT
Reactome_2022,Antigen Processing: Ubiquitination And Proteasome Degradation,2,0.4556214142103408,0.5847448919217734,False,1.3111408497825359,1.0306787047287778,UBE2S;KLHL13
Reactome_2022,Metabolism Of Water-Soluble Vitamins And Cofactors,1,0.45848850701645666,0.5860518416299063,False,1.6511394941147006,1.2875916896026691,SLC19A2
Reactome_2022,G Alpha (I) Signaling Events,2,0.46394477106028026,0.5906445478960195,False,1.2896642527978934,0.9904489422148445,ACKR4;CX3CL1
Reactome_2022,Glycerophospholipid Biosynthesis,1,0.47197433920713694,0.5960547709332319,False,1.5852172518839185,1.1902297169988543,GPAM
Reactome_2022,DNA Replication Pre-Initiation,1,0.47197433920713694,0.5960547709332319,False,1.5852172518839185,1.1902297169988543,UBE2S
Reactome_2022,MAPK Family Signaling Cascades,2,0.4738353384074903,0.5960547709332319,False,1.2647894600878327,0.9446654359890115,ERBB4;KIT
Reactome_2022,Axon Guidance,3,0.4826419982587696,0.6047332547352963,False,1.1618316950371614,0.846371274717311,DPYSL2;CLTC;COL4A5
Reactome_2022,Factors Involved In Megakaryocyte Development And Platelet Production,1,0.4954162061866802,0.6182950289810143,False,1.4788627010849233,1.0386896427963577,KIFC1
Reactome_2022,Adaptive Immune System,4,0.5014620748871588,0.623386187212664,False,1.0957361682670326,0.7563070145195876,UBE2S;CLTC;KLHL13;PPL
Reactome_2022,Disease,9,0.505907274715346,0.6247821041609671,False,1.0407236076025885,0.7091510207388739,UBE2S;ERBB4;EXO1;OMD;OGN;CLTC;KIT;MUC5B;DCN
Reactome_2022,C-type Lectin Receptors (CLRs),1,0.5079911545445953,0.6247821041609671,False,1.4256854256854257,0.9656042553284439,MUC5B
Reactome_2022,Beta-catenin Independent WNT Signaling,1,0.5104686592356167,0.6247821041609671,False,1.4155025431621175,0.9518207634132154,CLTC
Reactome_2022,Clathrin-mediated Endocytosis,1,0.5104686592356167,0.6247821041609671,False,1.4155025431621175,0.9518207634132154,CLTC
Reactome_2022,Nervous System Development,3,0.5153485475948817,0.6283288061060673,False,1.1046144482063378,0.7322619696106277,DPYSL2;CLTC;COL4A5
Reactome_2022,Mitotic G1 Phase And G1/S Transition,1,0.5226721271590139,0.63481633835022,False,1.366680503666805,0.8867035673377484,MYBL2
Reactome_2022,G2/M Checkpoints,1,0.5250764322021929,0.6353024007942563,False,1.3573146430289287,0.874397623216168,EXO1
Reactome_2022,DNA Double-Strand Break Repair,1,0.5274687471502818,0.6357703150062332,False,1.348075348075348,0.8623175106205572,EXO1
Reactome_2022,Metabolism Of Steroids,1,0.5369192861105836,0.6447099003676325,False,1.312333864965444,0.8161502743919713,GPAM
Reactome_2022,DNA Replication,1,0.5415741406288901,0.6460444244358647,False,1.295159386068477,0.7942892672270463,UBE2S
Reactome_2022,Metabolism Of Amino Acids And Derivatives,2,0.545905957552914,0.6460444244358647,False,1.1014770549103619,0.6667334866611279,CDO1;ACADSB
Reactome_2022,Influenza Infection,1,0.5461826679773242,0.6460444244358647,False,1.2784252784252785,0.7731939126941498,CLTC
Reactome_2022,Regulation Of TP53 Activity,1,0.5461826679773242,0.6460444244358647,False,1.2784252784252785,0.7731939126941498,EXO1
Reactome_2022,Generic Transcription Pathway,6,0.5513614373122736,0.6491382868822373,False,1.0089850488786658,0.6007140998959776,GPAM;UBE2S;EXO1;KIT;MYBL2;ZNF521
Reactome_2022,Hemostasis,3,0.5528938090164166,0.6491382868822373,False,1.0431802234576564,0.6181774623799747,CLEC3B;KIFC1;IGF1
Reactome_2022,S Phase,1,0.5552625624524002,0.6495137723151693,False,1.246212121212121,0.7331642766599419,UBE2S
Reactome_2022,Citric Acid (TCA) Cycle And Respiratory Electron Transport,1,0.559734829149778,0.6523380177958811,False,1.2307020825539343,0.7141667289104645,PDK4
Reactome_2022,Cellular Senescence,1,0.5641625680272377,0.6550898683686242,False,1.215570337521557,0.6958080543325024,UBE2S
Reactome_2022,Class I MHC Mediated Antigen Processing And Presentation,2,0.5664558218486077,0.6553521734525862,False,1.0597047329570126,0.602289740240961,UBE2S;KLHL13
Reactome_2022,Regulation Of Expression Of SLITs And ROBOs,1,0.5685462179076766,0.6553787311881217,False,1.2008032128514057,0.6780607576727649,COL4A5
Reactome_2022,Separation Of Sister Chromatids,1,0.5750399753809352,0.6604625804194074,False,1.1793078716155638,0.6525295819615611,UBE2S
Reactome_2022,Intra-Golgi And Retrograde Golgi-to-ER Traffic,1,0.5980332540921672,0.6814794436372391,False,1.10662177328844,0.5689241221993853,KIFC1
Reactome_2022,G2/M Transition,1,0.6000614365231335,0.6814794436372391,False,1.1004520341536916,0.5620264226281814,MYBL2
Reactome_2022,Neurotransmitter Receptors And Postsynaptic Signal Transmission,1,0.6000614365231335,0.6814794436372391,False,1.1004520341536916,0.5620264226281814,ERBB4
Reactome_2022,GPCR Downstream Signaling,3,0.6020750220787906,0.6814794436372391,False,0.9682019011915919,0.4912397162608592,OXTR;ACKR4;CX3CL1
Reactome_2022,Mitotic G2-G2/M Phases,1,0.6040874563472056,0.6814794436372391,False,1.088314842413203,0.5485501823263738,MYBL2
Reactome_2022,TCF Dependent Signaling In Response To WNT,1,0.6311679368829785,0.7095043829500148,False,1.010254832589858,0.4649024106032371,SOX7
Reactome_2022,Cell Cycle,3,0.639443172261171,0.7142391805708175,False,0.9144852487054017,0.4089189601654015,UBE2S;EXO1;MYBL2
Reactome_2022,Transcriptional Regulation By RUNX1,1,0.6422047284719372,0.7142391805708175,False,0.9800965318206698,0.4340339206746572,GPAM
Reactome_2022,Immune System,9,0.6451930082007918,0.7142391805708175,False,0.9187472300192052,0.40260033684075347,UBE2S;CLTC;LCN2;RHOU;S100P;PTX3;KLHL13;MUC5B;PPL
Reactome_2022,RNA Polymerase II Transcription,6,0.6477867764706359,0.7142391805708175,False,0.9087680427486885,0.3945813456863105,GPAM;UBE2S;EXO1;KIT;MYBL2;ZNF521
Reactome_2022,Phospholipid Metabolism,1,0.6493802925715624,0.7142391805708175,False,0.9609622798028595,0.4148827478019421,GPAM
Reactome_2022,RHO GTPase Cycle,2,0.6506378060326793,0.7142391805708175,False,0.9046999209706662,0.38884197760075084,CLTC;RHOU
Reactome_2022,Signaling By ROBO Receptors,1,0.6511518081544677,0.7142391805708175,False,0.9562937062937062,0.41026192661690747,COL4A5
Reactome_2022,G Alpha (Q) Signaling Events,1,0.656413360813253,0.7175277081993146,False,0.9425534970558668,0.3967816231519864,OXTR
Reactome_2022,Signaling By Interleukins,2,0.6651384502370644,0.7245666279214756,False,0.8800850717227023,0.3588635453038287,LCN2;RHOU
Reactome_2022,Signaling By GPCR,3,0.6743321967792101,0.7320661177363342,False,0.8662498872892309,0.34133053588978685,OXTR;ACKR4;CX3CL1
Reactome_2022,Mitotic Anaphase,1,0.6895374384771322,0.7451742316143646,False,0.8600725873453147,0.31971846848894064,UBE2S
Reactome_2022,Mitotic Metaphase And Anaphase,1,0.6911079624436063,0.7451742316143646,False,0.8563218390804598,0.31637600434049457,UBE2S
Reactome_2022,Neddylation,1,0.6973117900084985,0.7493147031616746,False,0.8416367060434857,0.30342908450050016,KLHL13
Reactome_2022,Transmission Across Chemical Synapses,1,0.7108229973595908,0.7612530073073996,False,0.8103483817769532,0.276597695305975,ERBB4
Reactome_2022,Metabolism Of Lipids,3,0.7137715947332056,0.7618370219879669,False,0.8133299393322303,0.2742485629324075,UGCG;FABP4;GPAM
Reactome_2022,Gene Expression (Transcription),6,0.7401621941550216,0.7849185031184976,False,0.8164285398327952,0.2456518649847042,GPAM;UBE2S;EXO1;KIT;MYBL2;ZNF521
Reactome_2022,"Cell Cycle, Mitotic",2,0.7403489982095609,0.7849185031184976,False,0.7590974969642368,0.22821020169408984,UBE2S;MYBL2
Reactome_2022,Innate Immune System,4,0.7669134391296016,0.8103718673469457,False,0.7625687035240867,0.20237150468737206,LCN2;S100P;PTX3;MUC5B
Reactome_2022,DNA Repair,1,0.7911298578918188,0.8331832722648057,False,0.6404171161452715,0.15004534692648108,EXO1
Reactome_2022,Membrane Trafficking,2,0.8053657386070079,0.8453673481404684,False,0.6598639455782312,0.14283333873231832,KIFC1;CLTC
Reactome_2022,Sensory Perception,2,0.8177929640447975,0.8555787775650191,False,0.6410290500565047,0.1289404771262422,EBF1;LPL
Reactome_2022,Vesicle-mediated Transport,2,0.8321720961990393,0.8658705653227086,False,0.6191547485135787,0.11374864192452228,KIFC1;CLTC
Reactome_2022,Transcriptional Regulation By TP53,1,0.8330931306732685,0.8658705653227086,False,0.5593327038086245,0.10213965640844336,EXO1
Reactome_2022,Signaling By Rho GTPases,2,0.836735684365436,0.8668144181171348,False,0.6121813211265815,0.1091195131192522,CLTC;RHOU
Reactome_2022,"Signaling By Rho GTPases, Miro GTPases And RHOBTB3",2,0.8467528841529509,0.8743344113240569,False,0.5967992060045902,0.09927538818933794,CLTC;RHOU
Reactome_2022,M Phase,1,0.8538443293522844,0.8787943259892018,False,0.5202686495562485,0.08220576903434687,UBE2S
Reactome_2022,Neuronal System,1,0.8582578583674669,0.8804781265452654,False,0.5120031483667847,0.07826003472391078,ERBB4
Reactome_2022,Expression And Translocation Of Olfactory Receptors,1,0.8632404354540362,0.8827329614159014,False,0.502679859822717,0.07392511683923464,EBF1
Reactome_2022,Olfactory Signaling Pathway,1,0.8687227583110725,0.8844208410894158,False,0.49242424242424243,0.06929947421019975,EBF1
Reactome_2022,Cytokine Signaling In Immune System,2,0.8704709855517279,0.8844208410894158,False,0.5597667638483965,0.07765132190654439,LCN2;RHOU
Reactome_2022,Metabolism Of Proteins,5,0.9654274531193127,0.9777651841495913,False,0.5030015356694123,0.017697766548410442,UBE2S;IGFBP6;IGF1;KLHL13;MUC5B
Reactome_2022,Post-translational Protein Modification,3,0.9726483080775489,0.9797796065850027,False,0.4150605109816226,0.011510754127279142,UBE2S;KLHL13;MUC5B
Reactome_2022,Cellular Responses To Stress,1,0.9749277585490036,0.9797796065850027,False,0.26869247257596773,0.006822613610306226,UBE2S
Reactome_2022,Cellular Responses To Stimuli,1,0.9766888191825264,0.9797796065850027,False,0.26338212052497767,0.006212442575876731,UBE2S
Reactome_2022,Infectious Disease,1,0.9928201923325547,0.9928201923325547,False,0.1992845117845118,0.0014359857072674853,CLTC
