gene,mean_shap_rank,mean_attn_rank,combined_rank_score,n_folds,mean_shap_importance,mean_attention
ZNF521,409.00,147.00,556.00,3,2.8466e-05,0.000284715
PFKFB3,466.00,157.00,623.00,3,3.41342e-05,0.000220924
COL4A5,554.00,99.00,653.00,3,3.04241e-05,0.000267163
LPL,311.00,406.67,717.67,3,3.42439e-05,0.000703496
AFAP1-AS1,59.00,813.67,872.67,3,0.000733494,0.000135872
CDO1,233.33,846.33,1079.67,3,3.12535e-05,0.000146436
DPT,699.67,415.67,1115.33,3,1.99547e-05,0.000200456
LCN2,922.67,216.67,1139.33,3,0.00858278,0.000626685
COL11A1,369.00,808.67,1177.67,3,1.93933e-05,0.000317793
ABCA8,486.00,785.00,1271.00,3,8.3739e-05,0.00829992
ACADSB,973.67,300.67,1274.33,3,1.19645e-05,0.000257314
CLTC,677.33,618.00,1295.33,3,2.40658e-05,0.000140285
C2CD4A,670.67,627.33,1298.00,3,0.000141999,0.00954503
EBF1,713.00,593.33,1306.33,3,0.000165867,0.000148176
FLJ13744,464.33,845.00,1309.33,3,0.000133352,0.00127084
LEPR,277.00,1052.00,1329.00,3,4.2198e-05,0.000198443
AR,982.67,408.33,1391.00,3,1.78296e-05,0.000188932
EGR3,867.00,530.33,1397.33,3,2.53535e-05,0.000147929
CA4,1031.00,436.33,1467.33,3,2.44506e-05,0.000155209
DCN,909.67,567.33,1477.00,3,3.44329e-05,0.000137763
SRGAP2C,1222.00,258.33,1480.33,3,2.30136e-05,0.000228836
LOC285628,484.33,1008.67,1493.00,3,0.00010746,0.000129736
MAP2,830.00,667.67,1497.67,3,3.40071e-05,0.000824853
CCL8,1171.67,338.67,1510.33,3,1.76389e-05,0.000176493
UBE2QL1,1134.67,411.67,1546.33,3,2.42337e-05,0.000195939
MYBL2,522.33,1048.33,1570.67,3,0.000165026,0.00380918
LOC101929886,607.33,976.67,1584.00,3,2.67471e-05,0.000407477
GPM6B,1006.67,604.67,1611.33,3,2.61238e-05,0.000229992
SEMA3G,363.67,1249.33,1613.00,3,2.69213e-05,0.000128787
SOX7,677.67,946.33,1624.00,3,3.55076e-05,0.000146204
AC092620.2,841.00,783.33,1624.33,3,3.75891e-05,0.000193687
EFEMP1,823.00,827.67,1650.67,3,3.19121e-05,0.000272585
AOC3,999.00,662.00,1661.00,3,1.62363e-05,0.000273735
COL10A1,664.67,1025.00,1689.67,3,2.76999e-05,0.000127016
PDK4,560.00,1141.00,1701.00,3,1.57823e-05,0.000123751
GIMAP7,631.33,1095.67,1727.00,3,3.08227e-05,0.000369684
OXTR,209.00,1527.33,1736.33,3,2.79024e-05,0.000119399
CX3CL1,709.67,1038.33,1748.00,3,4.08188e-05,0.000437102
HES6,965.33,792.00,1757.33,3,1.75835e-05,0.00324204
FBLN2,768.00,997.33,1765.33,3,1.80466e-05,0.000131849
FOXA1,1020.00,750.67,1770.67,3,1.58295e-05,0.000143337
ZNF423,744.67,1051.33,1796.00,3,1.69713e-05,0.000185612
CCDC80,1233.00,571.00,1804.00,3,1.17841e-05,0.000180203
CGNL1,614.67,1194.67,1809.33,3,3.00332e-05,0.00560784
EXO1,772.00,1041.00,1813.00,3,1.40276e-05,0.000128856
ZNF667-AS1,1049.33,769.67,1819.00,3,1.72021e-05,0.000659209
DQ592442,623.33,1196.00,1819.33,3,6.03309e-05,0.0307481
ERBB4,476.00,1382.33,1858.33,3,1.73533e-05,0.000150084
CST1,1204.67,662.67,1867.33,3,0.0443476,0.00104252
KIFC1,1357.33,513.67,1871.00,3,1.46677e-05,0.000144801
IGF1,671.00,1207.00,1878.00,3,2.25183e-05,0.000122956
KLHL13,723.33,1156.67,1880.00,3,1.8018e-05,0.000126408
PCP4,1687.00,213.33,1900.33,3,1.00136e-05,0.000196955
ADIRF,1438.00,471.00,1909.00,3,1.77012e-05,0.000162586
MUC5B,799.00,1118.00,1917.00,3,0.000218082,0.0124378
PPL,1204.00,716.33,1920.33,3,1.82081e-05,0.000164512
GPAM,871.00,1057.67,1928.67,3,2.70355e-05,0.000310713
FABP4,570.00,1388.00,1958.00,3,2.15849e-05,0.000119002
CYYR1,884.00,1078.33,1962.33,3,2.69026e-05,0.000163623
ABI3BP,824.33,1153.67,1978.00,3,3.45843e-05,0.000130439
LAMB3,1434.33,556.33,1990.67,3,8.29173e-06,0.000144869
LINC00341,1047.33,950.00,1997.33,3,2.36069e-05,0.000129365
RHOU,355.33,1650.33,2005.67,3,0.000102206,0.000680083
CDH3,1302.67,709.33,2012.00,3,0.00170094,0.000278085
OGN,891.00,1143.33,2034.33,3,1.68636e-05,0.000141304
ZG16B,1438.00,603.67,2041.67,3,1.22905e-05,0.000143518
UGCG,1123.00,928.33,2051.33,3,1.22347e-05,0.000166422
C15orf48,1681.00,372.00,2053.00,3,1.85144e-05,0.000162008
S100P,1648.33,412.33,2060.67,3,1.98215e-05,0.000148043
MYZAP,1256.67,809.67,2066.33,3,9.32329e-06,0.000161581
AX746755,1794.00,293.00,2087.00,3,2.67823e-05,0.000679209
CARD6,1267.00,839.33,2106.33,3,2.05542e-05,0.000178901
PITX1,619.67,1504.33,2124.00,3,0.000387759,0.00156358
DPYSL2,1467.33,657.00,2124.33,3,3.07444e-05,0.000164485
LOC101929880,1686.67,453.67,2140.33,3,3.28876e-05,0.00114341
CLDN3,738.33,1414.67,2153.00,3,2.58889e-05,0.000118111
RAPGEFL1,961.33,1238.67,2200.00,3,1.31825e-05,0.000126064
PDGFRL,999.00,1206.33,2205.33,3,1.40539e-05,0.000125475
CLEC3B,1619.67,586.67,2206.33,3,5.53927e-05,0.000147097
ACKR4,926.33,1281.67,2208.00,3,1.38732e-05,0.000129976
GALNT7,1527.00,681.33,2208.33,3,0.0021403,0.00279503
GGTA1P,642.33,1576.33,2218.67,3,2.30341e-05,0.000118726
KIT,564.33,1669.67,2234.00,3,1.98026e-05,0.000147006
LINC00992,1517.67,725.33,2243.00,3,9.78575e-06,0.000139352
GRAMD1C,935.33,1311.00,2246.33,3,1.6005e-05,0.00017171
PTX3,517.67,1733.33,2251.00,3,2.18013e-05,0.000121306
PPAPDC1A,1656.33,602.33,2258.67,3,0.0001566,0.00291289
MIR29B2,1026.67,1236.00,2262.67,3,1.86283e-05,0.000127802
UBE2S,1358.67,914.00,2272.67,3,1.16828e-05,0.000134242
GSTM3,1147.67,1132.00,2279.67,3,1.07681e-05,0.00013875
ANKRD6,1498.00,788.00,2286.00,3,1.51518e-05,0.000149935
SCGB3A1,707.67,1583.00,2290.67,3,1.32985e-05,0.000160076
KRT5,1031.67,1264.00,2295.67,3,1.87144e-05,0.000139889
CTGF,1445.00,859.00,2304.00,3,8.43466e-06,0.000140191
BLACAT1,1365.33,944.67,2310.00,3,9.2404e-06,0.000138256
EDIL3,816.00,1494.00,2310.00,3,1.72375e-05,0.000782099
RUNDC3B,293.00,2019.00,2312.00,3,0.0012085,0.000464201
OMD,1666.33,652.33,2318.67,3,1.2247e-05,0.000166169
IGFBP6,407.00,1914.67,2321.67,3,0.000186527,0.000115864
SLC19A2,1621.67,703.00,2324.67,3,8.89852e-06,0.000152482
MEOX2,604.00,1723.33,2327.33,3,1.50558e-05,0.000114881
IRX2,1512.67,815.67,2328.33,3,1.8088e-05,0.000207188
GHR,787.00,1543.00,2330.00,3,1.70363e-05,0.000118251
LHFP,1137.33,1193.67,2331.00,3,2.67541e-05,0.000142259
CCL5,1188.33,1148.67,2337.00,3,1.20961e-05,0.000135424
GATA3,1027.67,1314.00,2341.67,3,1.87024e-05,0.00013094
ADH1B,1891.33,458.00,2349.33,3,1.38605e-05,0.000160792
PDZD2,1921.00,435.00,2356.00,3,2.40569e-05,0.000164684
ADH1C,1278.00,1084.33,2362.33,3,1.17214e-05,0.00012408
COL6A6,269.33,2099.00,2368.33,3,2.76196e-05,0.000113356
ATP1A2,362.33,2010.67,2373.00,3,1.98778e-05,0.000117013
LRP2,475.33,1902.33,2377.67,3,2.05883e-05,0.00011301
IL1R2,1679.33,708.33,2387.67,3,1.70278e-05,0.000150454
PALMD,607.67,1781.33,2389.00,3,1.72313e-05,0.000507367
TM4SF18,1306.67,1098.67,2405.33,3,1.94707e-05,0.000129316
LOC100509445,1399.67,1006.33,2406.00,3,1.92022e-05,0.000126767
TMEM47,1210.67,1198.00,2408.67,3,1.92313e-05,0.000130554
PLAU,1738.00,675.33,2413.33,3,3.62506e-05,0.000279987
EPB41L4A,967.33,1452.67,2420.00,3,1.37574e-05,0.000122568
TMEM100,492.67,1928.67,2421.33,3,2.98866e-05,0.00016205
WFDC2,1729.33,692.67,2422.00,3,8.40133e-06,0.000205784
RBMS3,916.33,1508.33,2424.67,3,3.36137e-05,0.00114522
CSTA,729.67,1697.33,2427.00,3,2.00401e-05,0.000115236
PCOLCE2,724.00,1705.33,2429.33,3,1.78432e-05,0.000115156
CLSTN2,1615.33,823.00,2438.33,3,1.57959e-05,0.00013814
RBP7,1065.00,1375.33,2440.33,3,3.41172e-05,0.000182934
SCARA5,773.00,1674.33,2447.33,3,0.027568,0.013468
LOC400043,1028.67,1437.00,2465.67,3,1.59211e-05,0.000124284
ANKRD35,786.67,1681.67,2468.33,3,1.51327e-05,0.000120203
MMP13,537.00,1937.33,2474.33,3,2.0324e-05,0.000127774
FAM114A1,1685.00,793.00,2478.00,3,8.17e-06,0.000150821
PTPRM,1613.67,881.00,2494.67,3,1.71918e-05,0.000254845
GREM1,940.67,1555.33,2496.00,3,1.42959e-05,0.00012916
PLEKHH2,798.00,1731.33,2529.33,3,2.4786e-05,0.000118712
CFD,892.67,1637.67,2530.33,3,1.98612e-05,0.00028034
FMO2,572.00,1961.33,2533.33,3,2.26674e-05,0.000121648
EGR2,1301.00,1247.67,2548.67,3,2.70665e-05,0.000129285
NUAK1,1763.00,793.33,2556.33,3,1.67641e-05,0.000203141
ITM2A,828.67,1728.67,2557.33,3,2.76529e-05,0.000925993
GIMAP6,1444.67,1118.33,2563.00,3,1.6431e-05,0.000131789
SLC16A6,826.33,1741.33,2567.67,3,1.28417e-05,0.00012165
LY6D,1423.33,1147.00,2570.33,3,1.44674e-05,0.000153374
NDN,1018.33,1562.67,2581.00,3,1.77442e-05,0.000191257
CRABP2,1497.33,1093.00,2590.33,3,1.39697e-05,0.00323909
MMP3,1616.00,975.67,2591.67,3,1.22615e-05,0.000154854
MAGEA2,1414.00,1186.67,2600.67,3,2.71726e-05,0.000311705
ZIC2,1797.67,808.33,2606.00,3,2.9134e-05,0.000239567
SPINK1,1857.67,750.33,2608.00,3,2.19629e-05,0.000205328
PPP1R14A,959.00,1659.00,2618.00,3,1.67678e-05,0.000173149
MUC15,1707.67,914.33,2622.00,3,9.95456e-06,0.000142098
CXCL11,1122.67,1506.67,2629.33,3,1.4459e-05,0.000123994
LINC00312,1123.33,1508.00,2631.33,3,2.65549e-05,0.000117794
MME,1004.33,1642.67,2647.00,3,2.32752e-05,0.000203407
UNC5CL,1032.00,1616.00,2648.00,3,0.000320069,0.000150166
AZGP1,1928.00,720.67,2648.67,3,1.67429e-05,0.000134784
MFAP4,686.67,1966.33,2653.00,3,1.71768e-05,0.000138237
DPEP1,1133.00,1521.67,2654.67,3,8.9008e-05,0.000116218
GJB2,700.33,1955.33,2655.67,3,2.0368e-05,0.000121644
LDB2,639.67,2016.00,2655.67,3,2.02014e-05,0.000112373
MMP9,1812.33,847.67,2660.00,3,9.86219e-06,0.000139579
MAOA,1369.00,1293.67,2662.67,3,1.20055e-05,0.000219594
PPP1R3C,1794.67,876.00,2670.67,3,1.74492e-05,0.000154498
HOXC6,1957.33,728.33,2685.67,3,1.43921e-05,0.000136654
CYBRD1,1457.67,1229.33,2687.00,3,1.23516e-05,0.000128747
ZNF177,1728.00,964.00,2692.00,3,1.75869e-05,0.000132321
TGFBR3,971.67,1720.67,2692.33,3,3.85576e-05,0.000112177
SPRR1B,1310.33,1389.33,2699.67,3,9.78133e-06,0.000172831
CD302,1551.67,1148.00,2699.67,3,1.88662e-05,0.000135249
CDH5,1059.00,1653.33,2712.33,3,3.02969e-05,0.000208551
INHBB,2211.33,504.33,2715.67,3,1.36131e-05,0.000195993
ID4,742.33,1975.67,2718.00,3,2.25695e-05,0.000126961
MMP1,1743.67,979.67,2723.33,3,8.62346e-06,0.000144567
CADM1,1267.67,1461.33,2729.00,3,1.9688e-05,0.000129597
SYNGR3,1632.33,1099.00,2731.33,3,2.00747e-05,0.000130753
SPP1,2004.33,729.33,2733.67,3,0.000372236,0.000153695
PCDHB2,785.67,1948.33,2734.00,3,1.31814e-05,0.000122292
AGR2,2384.00,352.00,2736.00,3,1.00893e-05,0.000197952
C3,1311.67,1429.33,2741.00,3,3.17111e-05,0.000834453
NRN1,614.33,2130.00,2744.33,3,2.25639e-05,0.000129424
SETBP1,1058.00,1697.67,2755.67,3,1.67639e-05,0.000595946
CDKN1C,745.67,2016.33,2762.00,3,2.13691e-05,0.00902531
SRGAP2B,1816.67,949.33,2766.00,3,1.28066e-05,0.000139435
PEG3,1065.33,1702.33,2767.67,3,1.34877e-05,0.000130131
EOGT,2187.00,584.00,2771.00,3,3.02775e-05,0.000196978
VCAM1,1560.00,1219.33,2779.33,3,1.34828e-05,0.000141999
PTN,886.67,1893.00,2779.67,3,2.59106e-05,0.000129669
TSPYL5,1426.33,1367.00,2793.33,3,1.94566e-05,0.000122981
MACC1,1231.00,1564.67,2795.67,3,1.03902e-05,0.000125983
ANKRD36B,2313.00,483.33,2796.33,3,2.04083e-05,0.000196026
JAM2,928.00,1870.67,2798.67,3,2.23326e-05,0.000157924
ITIH5,724.67,2084.00,2808.67,3,1.55173e-05,0.000152491
MUC16,916.00,1905.67,2821.67,3,5.97465e-05,0.000127859
EVI2A,1265.67,1559.00,2824.67,3,1.33449e-05,0.000124051
IFI44L,2073.33,751.67,2825.00,3,3.25833e-05,0.000133707
GBP5,1088.33,1748.00,2836.33,3,1.81486e-05,0.00012769
CYTIP,1189.67,1663.00,2852.67,3,1.08254e-05,0.000241752
OSR2,1588.67,1266.00,2854.67,3,1.16561e-05,0.000182427
PIP,1159.00,1696.33,2855.33,3,2.03291e-05,0.000137592
COMP,1378.33,1480.33,2858.67,3,9.07536e-06,0.000129006
CNRIP1,1132.67,1729.67,2862.33,3,2.04196e-05,0.000119711
SPARCL1,1278.00,1590.00,2868.00,3,2.81337e-05,0.000126946
SLC40A1,1831.33,1038.33,2869.67,3,6.81023e-06,0.000166869
IFIT1,1275.33,1613.33,2888.67,3,2.71191e-05,0.000116281
F8,1348.67,1542.67,2891.33,3,9.91254e-06,0.000155519
AC128677.4,1595.33,1296.33,2891.67,3,8.76013e-06,0.000125271
MX1,1074.67,1819.67,2894.33,3,4.65673e-05,0.000119543
ELTD1,1351.67,1542.67,2894.33,3,2.68653e-05,0.000305373
MGP,2402.33,496.67,2899.00,3,5.92688e-06,0.000152542
WISP2,351.33,2559.33,2910.67,3,2.07788e-05,0.000125192
TBC1D9,993.67,1924.67,2918.33,3,1.23793e-05,0.000112023
EP300-AS1,944.33,1975.33,2919.67,3,1.34404e-05,0.00012559
SERPINA3,1642.33,1284.33,2926.67,3,1.28457e-05,0.000124037
LOC285812,2243.33,684.00,2927.33,3,5.20809e-06,0.000152511
TRIL,1541.00,1388.67,2929.67,3,7.52027e-06,0.000125563
CR936796,1007.33,1922.67,2930.00,3,5.29554e-05,0.00452289
SEPP1,1600.67,1340.00,2940.67,3,1.03118e-05,0.000121169
DNAJC12,2043.00,916.67,2959.67,3,0.00701916,0.000828331
FCGR3A,1400.67,1562.33,2963.00,3,1.32803e-05,0.000136306
LRRN4CL,788.00,2182.67,2970.67,3,1.75196e-05,0.000116437
RP11-363E7.4,948.00,2023.67,2971.67,3,1.14027e-05,0.000193999
MAMDC2,949.33,2028.00,2977.33,3,1.86273e-05,0.000120235
MRC1,1215.33,1767.00,2982.33,3,1.21604e-05,0.000150542
KYNU,788.33,2202.00,2990.33,3,1.27591e-05,0.000141838
HBB,1346.33,1651.00,2997.33,3,1.1757e-05,0.000114776
SDPR,888.33,2114.33,3002.67,3,1.47846e-05,0.000117558
LTF,1428.33,1579.33,3007.67,3,1.05998e-05,0.000157118
TRIM6,1543.67,1467.33,3011.00,3,1.09737e-05,0.000123484
KISS1R,1845.67,1169.67,3015.33,3,1.05426e-05,0.00089435
SRD5A1,834.33,2185.67,3020.00,3,0.000536391,0.00011976
CHRDL1,978.33,2046.67,3025.00,3,1.34484e-05,0.000251548
CLDN1,1778.33,1248.33,3026.67,3,1.13954e-05,0.000132644
SRPX,376.00,2654.67,3030.67,3,0.000897163,0.000114887
CRYZ,1678.00,1352.67,3030.67,3,1.77253e-05,0.000158737
MIR100HG,1238.67,1797.00,3035.67,3,1.63866e-05,0.000115741
TCF7L1,746.67,2290.00,3036.67,3,2.32099e-05,0.0001112
SIX4,1258.33,1788.67,3047.00,3,2.42415e-05,0.000284756
NDC80,1409.33,1639.33,3048.67,3,1.36065e-05,0.000124629
GPR84,1400.33,1649.00,3049.33,3,8.71516e-06,0.000131953
CD36,1438.33,1613.33,3051.67,3,2.24294e-05,0.000116239
ST6GALNAC5,1055.67,1996.33,3052.00,3,1.41579e-05,0.00016388
SFRP2,2208.67,846.00,3054.67,3,8.69379e-06,0.000140781
AK025288,1608.00,1449.67,3057.67,3,1.24345e-05,0.000120487
XDH,2186.00,881.00,3067.00,3,1.25363e-05,0.000174222
TAC1,1188.67,1882.00,3070.67,3,1.77612e-05,0.000147955
ITGBL1,1333.00,1752.33,3085.33,3,1.3356e-05,0.000118461
MAP7D2,914.67,2175.00,3089.67,3,2.02162e-05,0.000115214
MIR17,1141.67,1950.00,3091.67,3,1.41261e-05,0.000142686
S100A2,1811.00,1282.67,3093.67,3,6.49988e-06,0.000130169
NCEH1,1018.33,2079.33,3097.67,3,1.22866e-05,0.000361804
RNASE6,1097.00,2002.33,3099.33,3,1.28817e-05,0.000130928
NTN4,1152.67,1948.00,3100.67,3,1.84881e-05,0.000120481
UGDH,1332.67,1770.67,3103.33,3,9.16826e-06,0.00012127
MT1M,767.00,2336.33,3103.33,3,2.02675e-05,0.000111563
ZC3H12C,955.33,2153.67,3109.00,3,1.62878e-05,0.000113696
GNAI1,1322.33,1790.67,3113.00,3,1.84029e-05,0.000120784
MFAP5,1750.00,1363.00,3113.00,3,0.000462143,0.000118369
VSIG2,1856.67,1261.00,3117.67,3,0.000578588,0.0409377
SCG5,1826.33,1296.67,3123.00,3,2.93705e-05,0.000143945
ADRB2,914.67,2224.00,3138.67,3,1.32318e-05,0.000131438
PCDH19,592.33,2547.00,3139.33,3,1.47942e-05,0.000125701
TMEM200B,1867.67,1282.33,3150.00,3,2.46272e-05,0.000188224
PPP1R1B,1519.67,1635.00,3154.67,3,1.02566e-05,0.00012146
RTP4,1491.67,1667.00,3158.67,3,9.33461e-06,0.000142523
CAV1,1432.67,1731.33,3164.00,3,2.36597e-05,0.00012753
SERPINI1,1200.00,1976.67,3176.67,3,1.6087e-05,0.000112324
QPRT,1816.00,1362.33,3178.33,3,0.000141974,0.000239159
AGPAT9,1530.67,1658.00,3188.67,3,1.25171e-05,0.00107878
FOXC1,1209.00,1981.00,3190.00,3,1.96627e-05,0.000119141
ZCCHC24,1715.00,1479.00,3194.00,3,1.8911e-05,0.000189458
DCLK1,856.67,2345.33,3202.00,3,2.3086e-05,0.000113517
SLPI,493.00,2719.00,3212.00,3,2.01312e-05,0.000110897
GNE,2286.00,927.00,3213.00,3,1.02571e-05,0.000140794
SLC2A10,1519.33,1695.67,3215.00,3,1.08973e-05,0.000131607
PNMAL1,1303.00,1913.00,3216.00,3,1.14361e-05,0.00011423
SERPINA1,2127.67,1091.33,3219.00,3,1.13058e-05,0.000128198
RERG,1600.00,1621.67,3221.67,3,1.45793e-05,0.000158272
NQO1,1967.67,1254.33,3222.00,3,0.000441936,0.000180656
SOSTDC1,1841.00,1383.33,3224.33,3,0.0059422,0.010616
RRM2B,1265.00,1969.00,3234.00,3,1.6238e-05,0.000115137
EPB41L3,1327.33,1907.33,3234.67,3,9.31141e-06,0.00022905
LAMA2,946.67,2289.00,3235.67,3,1.72504e-05,0.00011473
PLSCR4,1129.00,2110.67,3239.67,3,1.1824e-05,0.000111233
PIGR,1494.33,1753.00,3247.33,3,3.65585e-05,0.000213741
LCP1,1153.67,2094.00,3247.67,3,1.17024e-05,0.000127398
NEGR1,1198.00,2056.33,3254.33,3,1.14102e-05,0.000112602
HERC5,1377.00,1885.33,3262.33,3,9.26511e-06,0.000110856
NMU,2467.00,802.00,3269.00,3,5.34576e-06,0.000206943
CCDC69,1247.33,2022.67,3270.00,3,1.73773e-05,0.000110935
FMO5,1779.00,1505.67,3284.67,3,7.28816e-06,0.000171739
PLA2G2A,2615.67,670.67,3286.33,3,6.15645e-06,0.000146053
C2orf40,1306.67,1980.67,3287.33,3,2.33566e-05,0.00522893
HBA1,1756.00,1542.00,3298.00,3,8.62582e-05,0.000118212
TLR2,1552.67,1747.33,3300.00,3,1.08726e-05,0.000142044
WIF1,624.00,2676.67,3300.67,3,0.000179886,0.000117835
CNN3,1295.00,2020.00,3315.00,3,1.20421e-05,0.000197137
MAGEA6,2071.33,1247.67,3319.00,3,9.06122e-06,0.000145911
APOBEC3B,1058.33,2261.67,3320.00,3,1.35333e-05,0.000122775
PSD3,1694.33,1628.67,3323.00,3,7.40095e-06,0.000133518
BPGM,1274.00,2049.67,3323.67,3,1.38925e-05,0.000116409
DMKN,2096.67,1230.67,3327.33,3,6.69068e-06,0.0001463
INTU,1556.00,1777.00,3333.00,3,1.40329e-05,0.000117425
FAM189A2,1246.00,2098.33,3344.33,3,2.53464e-05,0.000151502
PROS1,784.33,2566.67,3351.00,3,1.63888e-05,0.000105473
SULF1,1138.33,2215.67,3354.00,3,0.000286097,0.0140697
MAGEA12,2065.00,1290.33,3355.33,3,1.11211e-05,0.000123897
IDO1,1643.33,1712.00,3355.33,3,7.10693e-06,0.000157958
EVA1C,2107.33,1252.00,3359.33,3,1.89709e-05,0.000126344
PSMB9,1444.00,1925.33,3369.33,3,8.10136e-06,0.000117677
SLC16A14,1652.33,1729.67,3382.00,3,7.53942e-06,0.000125493
ALOX15B,1375.00,2013.67,3388.67,3,9.33431e-06,0.000131777
AK021977,1207.00,2182.00,3389.00,3,1.5629e-05,0.000126066
AJ420595,1887.67,1508.00,3395.67,3,9.32794e-06,0.000139927
CNN1,1639.33,1762.33,3401.67,3,1.42862e-05,0.000120102
TRBC1,1623.33,1785.67,3409.00,3,1.41623e-05,0.000179869
IL32,1135.33,2282.00,3417.33,3,1.55257e-05,0.000128106
SGCE,2179.33,1240.00,3419.33,3,1.36969e-05,0.00013628
KRT6A,2777.00,652.67,3429.67,3,6.61428e-06,0.000135546
SPAG4,2328.67,1101.67,3430.33,3,5.8555e-06,0.000175818
IL10RA,1585.00,1854.00,3439.00,3,1.04211e-05,0.000116732
GCNT3,1216.67,2227.33,3444.00,3,1.59279e-05,0.000133064
S100A9,1765.33,1681.33,3446.67,3,7.79716e-06,0.000149641
LEMD1,2314.00,1133.67,3447.67,3,7.37974e-06,0.000134781
MAP1B,1606.67,1846.00,3452.67,3,1.53104e-05,0.000118615
RSPO3,766.67,2687.67,3454.33,3,3.30859e-05,0.0001153
TNMD,2065.33,1389.33,3454.67,3,7.04505e-06,0.000138287
MGC24103,2605.33,854.33,3459.67,3,1.22198e-05,0.000162228
SOX11,870.00,2593.33,3463.33,3,1.50352e-05,0.000111164
RAI2,907.00,2578.33,3485.33,3,1.38676e-05,0.000174488
SHC4,1386.33,2099.33,3485.67,3,9.26155e-06,0.000111594
FAM162B,599.67,2889.67,3489.33,3,1.55892e-05,0.000127995
FMOD,798.67,2708.67,3507.33,3,1.37671e-05,0.000146114
SLC51A,1758.33,1751.00,3509.33,3,9.10217e-06,0.000158518
GPR116,1713.67,1796.67,3510.33,3,1.03157e-05,0.00013102
LINC01279,1028.33,2486.67,3515.00,3,1.66821e-05,0.000110844
HMGB3,897.67,2618.33,3516.00,3,1.14528e-05,0.0001116
KLHL21,1776.00,1747.33,3523.33,3,3.44227e-05,0.00118684
TRIM59,2004.67,1519.33,3524.00,3,2.12982e-05,0.000146626
NR2F1,1389.67,2136.33,3526.00,3,1.49863e-05,0.000116359
CCL4,995.33,2534.33,3529.67,3,1.3316e-05,0.000124323
ATL1,1378.67,2153.33,3532.00,3,1.19547e-05,0.000118318
PHYHD1,1133.33,2402.33,3535.67,3,1.02585e-05,0.000160486
ZBTB16,1096.33,2440.67,3537.00,3,1.87588e-05,0.000113199
RHOH,1311.67,2225.67,3537.33,3,1.38615e-05,0.000120573
GPX3,776.33,2761.33,3537.67,3,0.000111604,0.000130484
RSAD2,1666.33,1873.67,3540.00,3,2.13472e-05,0.000109542
FIGF,481.33,3059.67,3541.00,3,1.76078e-05,0.000128374
FAM101B,1169.67,2374.00,3543.67,3,1.69073e-05,0.000188147
FMO1,2415.00,1131.33,3546.33,3,9.35728e-06,0.000128414
CTHRC1,2011.67,1536.67,3548.33,3,3.98613e-05,0.000151639
SLFN11,1624.67,1935.00,3559.67,3,7.18654e-06,0.000148647
FAM107B,2193.33,1370.67,3564.00,3,9.6714e-06,0.000133473
IFI44,2152.33,1415.00,3567.33,3,3.10813e-05,0.000124947
CTD-2292M16.8,1032.67,2538.67,3571.33,3,1.63102e-05,0.000115907
CXCL3,2038.00,1550.00,3588.00,3,9.09904e-06,0.000165705
FOXD1,1990.67,1598.00,3588.67,3,7.03379e-06,0.000139228
PCDHGA4,2076.67,1513.33,3590.00,3,5.74812e-06,0.000122633
SLC6A14,1146.33,2444.67,3591.00,3,1.09342e-05,0.000134808
PEAR1,343.33,3250.67,3594.00,3,1.96005e-05,0.000117218
MS4A7,1677.00,1919.00,3596.00,3,8.81553e-06,0.000111193
TLR3,1668.00,1928.33,3596.33,3,6.94047e-06,0.000211058
PYGL,1178.67,2418.33,3597.00,3,1.18642e-05,0.000137536
FHL1,1025.67,2581.00,3606.67,3,1.18433e-05,0.000108498
HOXD8,643.67,2966.67,3610.33,3,1.81924e-05,0.000131
FOXQ1,2251.00,1368.00,3619.00,3,6.49914e-06,0.000126332
LOC101927268,1061.00,2558.00,3619.00,3,1.09536e-05,0.000117396
EPHA4,2438.67,1184.00,3622.67,3,4.52347e-06,0.00014171
AKAP12,597.33,3029.33,3626.67,3,1.85334e-05,0.000113163
PTPN13,1683.67,1944.67,3628.33,3,1.63675e-05,0.000119757
ARHGAP44,2186.67,1447.33,3634.00,3,0.000160796,0.0037521
RAP2C,1334.00,2310.67,3644.67,3,1.10178e-05,0.000114061
BICC1,1271.33,2376.33,3647.67,3,1.56554e-05,0.000110124
HOXC10,1303.67,2345.33,3649.00,3,1.59394e-05,0.000127355
CD2,1028.00,2621.33,3649.33,3,1.42998e-05,0.000110995
CCL3,1754.67,1896.00,3650.67,3,1.10287e-05,0.000147157
FOLR1,1349.33,2302.00,3651.33,3,9.20943e-06,0.000135495
FKBP1B,1435.67,2217.33,3653.00,3,9.82133e-06,0.000158497
ZNF329,1828.00,1830.67,3658.67,3,1.03704e-05,0.000208001
IQCJ-SCHIP1,1721.67,1938.00,3659.67,3,1.74399e-05,0.00011664
LOC145837,1506.33,2157.33,3663.67,3,7.89978e-06,0.000143833
CRISP3,2075.00,1589.33,3664.33,3,1.14039e-05,0.000120024
CSF2RB,2010.67,1655.00,3665.67,3,6.46855e-06,0.000147351
TSPAN8,2294.67,1372.00,3666.67,3,1.87269e-05,0.000122999
FBLN5,1439.00,2230.67,3669.67,3,1.15128e-05,0.000110165
ZDHHC11,1791.33,1881.00,3672.33,3,1.01641e-05,0.000150663
INMT,474.33,3207.67,3682.00,3,1.77319e-05,0.000113831
COL4A2,2229.33,1453.67,3683.00,3,7.31037e-06,0.000130165
GPR160,1851.33,1832.67,3684.00,3,6.59853e-06,0.000123567
CD83,2726.33,960.67,3687.00,3,1.03362e-05,0.000132434
AMIGO2,2215.67,1472.67,3688.33,3,1.38381e-05,0.000137656
WLS,1565.67,2123.33,3689.00,3,8.21206e-06,0.000163168
AKR1C2,1867.33,1822.00,3689.33,3,1.31263e-05,0.00013633
ST6GALNAC2,1182.00,2517.33,3699.33,3,1.28934e-05,0.000114574
HMCN1,1348.33,2352.33,3700.67,3,1.33045e-05,0.000214848
STK31,1782.67,1921.33,3704.00,3,1.06309e-05,0.000129227
SERPINE1,1247.67,2460.00,3707.67,3,9.31687e-06,0.000115244
DEPDC7,2813.67,895.00,3708.67,3,4.60198e-06,0.000162538
VLDLR,1563.67,2154.67,3718.33,3,8.92616e-06,0.000126155
RNF182,651.33,3074.67,3726.00,3,2.12005e-05,0.000119789
IRX1,1385.00,2344.00,3729.00,3,2.57541e-05,0.000115001
IL18,2323.67,1406.33,3730.00,3,8.25231e-06,0.000216241
ADAMTS1,1867.00,1868.33,3735.33,3,1.48659e-05,0.000116942
ARNT2,1627.00,2110.33,3737.33,3,7.9079e-06,0.000123736
CNTNAP3,1919.67,1821.00,3740.67,2,4.34845e-05,0.00012827
FBN1,1963.67,1781.67,3745.33,3,7.09471e-06,0.000139009
EPYC,1044.67,2702.67,3747.33,3,1.99332e-05,0.000117064
PI15,1723.00,2030.00,3753.00,3,1.14014e-05,0.000142046
HAS2,794.67,2958.33,3753.00,3,1.7474e-05,0.000165741
HS6ST2,1991.33,1764.67,3756.00,3,6.74672e-06,0.000128954
RGS2,1229.00,2537.33,3766.33,3,1.74415e-05,0.000108785
FAP,1592.67,2174.33,3767.00,3,2.57475e-05,0.000122383
SGMS2,2005.33,1762.00,3767.33,3,6.31949e-06,0.000133219
ITGA3,1169.67,2602.00,3771.67,3,9.77675e-06,0.000195765
FAR2P2,1911.33,1860.67,3772.00,3,8.9748e-06,0.000138866
BMPR1B,1738.33,2034.00,3772.33,3,7.03246e-06,0.000140241
BC017398,1775.67,1998.33,3774.00,3,3.17052e-05,0.000126085
CDIP1,1589.00,2188.00,3777.00,3,1.43093e-05,0.000158132
CFL2,2229.67,1550.33,3780.00,3,1.03735e-05,0.000132597
LIMCH1,1545.33,2235.33,3780.67,3,1.22678e-05,0.000113867
GADD45G,1050.67,2730.33,3781.00,3,1.90536e-05,0.000163369
TNFSF15,2120.67,1665.00,3785.67,3,5.9598e-06,0.000147946
C3orf80,2029.00,1758.33,3787.33,3,1.16557e-05,0.000126571
LOC102725271,2628.00,1162.67,3790.67,3,4.83282e-06,0.000136781
PCED1B,1477.67,2314.33,3792.00,3,9.67145e-06,0.000121738
ADM,1519.33,2273.00,3792.33,3,1.50016e-05,0.000110022
LOC101928852,2025.33,1769.33,3794.67,2,1.43628e-05,0.000247232
RP11-174G6.5,1391.67,2403.33,3795.00,3,1.3014e-05,0.000120826
MEIS2,1600.67,2195.00,3795.67,3,1.43468e-05,0.000117282
CLIC6,1301.33,2500.67,3802.00,3,9.80146e-06,0.000136081
AIM1,1451.33,2352.67,3804.00,3,9.21057e-06,0.000115912
GPR34,2721.00,1084.00,3805.00,3,7.27725e-06,0.000147356
DDIT4,1529.33,2283.00,3812.33,3,8.10861e-06,0.000179821
RP11-127B20.2,826.00,2991.33,3817.33,3,1.24465e-05,0.000129657
PRSS3,2224.67,1601.00,3825.67,3,2.03028e-05,0.00011405
MUC1,1312.33,2513.33,3825.67,3,9.89628e-06,0.000123218
SPESP1,857.67,2968.67,3826.33,3,1.31091e-05,0.000115137
MMP12,1331.33,2495.33,3826.67,3,2.05889e-05,0.000114389
GPIHBP1,578.33,3248.67,3827.00,3,1.5558e-05,0.000109178
PI3,1395.67,2431.67,3827.33,3,1.65037e-05,0.000113129
NES,1013.33,2814.00,3827.33,3,1.80266e-05,0.000118505
LMOD1,1414.67,2415.33,3830.00,3,1.52697e-05,0.000110512
CCL14,1167.67,2664.00,3831.67,3,1.04888e-05,0.000121539
ECI2,2190.00,1642.00,3832.00,3,7.98798e-06,0.000117487
CPA3,1309.33,2529.00,3838.33,3,1.31522e-05,0.000141326
LOC100996717,1645.67,2197.33,3843.00,3,1.0257e-05,0.00011534
ZNF750,1734.67,2112.67,3847.33,3,1.28314e-05,0.000121977
IGLL3P,2380.00,1469.67,3849.67,3,8.66151e-06,0.000131576
TMEM170B,2082.67,1770.00,3852.67,3,9.92251e-06,0.000142217
MFSD4,2224.33,1631.33,3855.67,3,5.76383e-06,0.000119918
LINC00959,1633.33,2223.67,3857.00,3,2.70434e-05,0.010466
IYD,1892.00,1965.67,3857.67,3,6.38291e-06,0.000126419
KMO,1840.33,2018.33,3858.67,3,8.73439e-06,0.000160623
LCK,1844.33,2019.00,3863.33,3,7.1633e-06,0.00018858
FAM46B,1204.00,2666.00,3870.00,3,1.76061e-05,0.000123882
ANKRD20A1,2058.00,1814.00,3872.00,2,3.43215e-05,0.000100786
C10orf10,986.00,2889.33,3875.33,3,1.48064e-05,0.000108493
GFRA1,1730.33,2149.00,3879.33,3,1.00341e-05,0.000114647
MEOX1,508.00,3373.67,3881.67,3,2.09218e-05,0.000115585
RASD1,1289.33,2592.67,3882.00,3,1.28496e-05,0.000361717
BC052775,1549.33,2333.33,3882.67,3,1.59964e-05,0.000110377
SGPP2,1524.00,2359.33,3883.33,3,0.00149411,0.00018421
KANK4,1168.67,2716.33,3885.00,3,1.2458e-05,0.000114044
PLA2G7,1508.67,2388.33,3897.00,3,1.12895e-05,0.000127372
VAV3,1823.33,2074.33,3897.67,3,1.04645e-05,0.00013771
ANKRD36BP2,2732.67,1173.33,3906.00,3,1.90723e-05,0.000127752
GEM,2088.33,1822.33,3910.67,3,8.07982e-06,0.000162653
RRAGD,2032.00,1883.00,3915.00,3,7.15079e-06,0.000121806
FPR3,928.67,2994.00,3922.67,3,1.1594e-05,0.000119162
HLA-DQA1,1213.67,2711.00,3924.67,3,1.43675e-05,0.000122633
GCH1,1072.00,2854.00,3926.00,3,1.05276e-05,0.000118147
CEL,2951.00,976.00,3927.00,3,5.08814e-06,0.000141183
IGJ,2202.00,1725.33,3927.33,3,9.33066e-06,0.000114464
CIART,1203.00,2725.67,3928.67,3,1.55096e-05,0.00011471
RND1,1080.00,2849.33,3929.33,3,1.41618e-05,0.000138168
RARRES1,2608.00,1322.33,3930.33,3,9.83881e-06,0.000140735
RELN,1053.33,2878.67,3932.00,3,1.77653e-05,0.000115945
TNFSF13B,2358.67,1580.00,3938.67,3,2.33499e-05,0.000128022
LYZ,1506.33,2435.33,3941.67,3,1.20006e-05,0.000120943
MS4A1,2140.00,1802.33,3942.33,3,0.00019823,0.000117396
LOC101930067,2179.00,1766.33,3945.33,3,7.12951e-06,0.000145347
NHS,2351.00,1594.33,3945.33,3,1.57267e-05,0.000135545
ITGAM,2035.67,1918.67,3954.33,3,7.02768e-06,0.000165687
NINJ2,1113.33,2842.67,3956.00,3,1.07739e-05,0.000119435
DSG3,2629.67,1327.67,3957.33,3,0.000108991,0.000122971
F13A1,1270.33,2688.67,3959.00,3,1.05574e-05,0.000126003
NAT1,1717.00,2244.33,3961.33,3,1.62175e-05,0.00011231
CDC7,1278.33,2693.67,3972.00,3,9.53717e-06,0.000142863
GRP,2388.67,1584.67,3973.33,3,1.06811e-05,0.000127679
SELENBP1,2164.33,1814.67,3979.00,3,9.92139e-06,0.000123005
NR4A2,968.33,3013.67,3982.00,3,1.10959e-05,0.000125337
MUM1L1,1392.33,2590.67,3983.00,3,1.07582e-05,0.000108713
VANGL2,2352.00,1638.33,3990.33,3,4.7488e-06,0.000145019
OSBPL3,3059.33,932.33,3991.67,3,3.28085e-06,0.000142992
FGL2,1962.00,2030.67,3992.67,3,1.60977e-05,0.00012438
LGR6,1550.33,2445.33,3995.67,3,1.03469e-05,0.00014369
GSTM5,1421.33,2576.33,3997.67,3,1.64972e-05,0.000147374
LAMC2,1926.67,2072.00,3998.67,3,1.08337e-05,0.000121938
SLC18B1,1972.33,2027.00,3999.33,3,5.82672e-06,0.000139251
MRAP2,2022.33,1979.00,4001.33,3,2.40623e-05,0.00012099
ANXA1,2240.33,1767.33,4007.67,2,9.12231e-06,0.00041676
CP,1382.67,2626.67,4009.33,3,9.04039e-06,0.000110333
NAP1L5,790.33,3226.00,4016.33,3,1.82632e-05,0.000110813
DEFB1,1808.67,2214.33,4023.00,3,1.04949e-05,0.00011211
SGK1,2261.67,1763.33,4025.00,3,5.11513e-06,0.000126039
LOC102724870,1450.33,2577.00,4027.33,3,2.02025e-05,0.00177448
NOSTRIN,1217.67,2810.00,4027.67,3,1.19792e-05,0.000130164
IGK,2359.33,1668.67,4028.00,3,7.90909e-06,0.00014074
RAD51AP1,2069.33,1959.33,4028.67,3,1.57454e-05,0.000135624
ELF5,2260.00,1772.33,4032.33,3,9.38959e-06,0.000116646
AK021804,2483.67,1551.67,4035.33,3,3.09777e-05,0.00751044
GGTLC1,1390.67,2645.00,4035.67,3,1.69327e-05,0.000221013
ENO2,2676.33,1366.33,4042.67,3,5.02064e-06,0.000146704
LOC101929740,2150.33,1895.00,4045.33,2,1.20159e-05,0.000184344
SLFN13,1922.00,2123.67,4045.67,3,6.61097e-06,0.000125441
LAMB2,1389.00,2659.00,4048.00,3,1.61214e-05,0.000130483
MPDZ,2330.00,1719.33,4049.33,3,1.27283e-05,0.000117893
PCSK1N,1782.33,2271.33,4053.67,3,8.4481e-06,0.000123706
KLHDC1,2287.33,1768.00,4055.33,2,1.47919e-05,0.000445167
CX3CR1,2057.33,2000.00,4057.33,3,1.44289e-05,0.000117468
LRRN1,1520.67,2542.33,4063.00,3,1.36271e-05,0.000114422
AKR1C3,2066.00,1997.33,4063.33,3,8.56677e-06,0.000114836
FZD10,811.67,3253.33,4065.00,3,1.33547e-05,0.00013357
ITGB6,2500.33,1565.00,4065.33,3,6.24858e-06,0.000135175
HPGD,1517.67,2548.00,4065.67,3,1.24551e-05,0.000168223
KLF4,2128.00,1939.67,4067.67,3,7.36126e-05,0.000150918
MTMR6,2229.33,1838.67,4068.00,2,1.00574e-05,0.00021011
SYTL1,1978.67,2094.00,4072.67,3,1.07999e-05,0.000125042
LOXL1-AS1,2277.67,1796.00,4073.67,3,1.95106e-05,0.000124503
SELL,1855.33,2219.33,4074.67,3,6.82954e-06,0.000129743
AX747507,2150.67,1925.00,4075.67,2,1.38286e-05,0.000177154
HCP5,1474.33,2606.33,4080.67,3,1.06377e-05,0.000127399
HINT3,1875.67,2206.67,4082.33,3,0.00021244,0.00790542
DAPK1-IT1,2649.67,1433.33,4083.00,3,4.16872e-06,0.00013221
C4orf27,2326.00,1762.00,4088.00,2,9.23595e-06,0.000349309
ACTG1P4,2513.67,1574.33,4088.00,3,7.06335e-06,0.000195289
STXBP1,1425.67,2669.00,4094.67,3,1.21648e-05,0.000113668
CPE,1344.00,2754.33,4098.33,3,1.21846e-05,0.000139046
CPS1,1429.67,2669.00,4098.67,3,1.21148e-05,0.000127893
MST1,3208.67,892.67,4101.33,3,4.30479e-06,0.000530046
PRICKLE2,1857.00,2244.33,4101.33,3,9.92678e-06,0.000123041
BRINP3,1292.67,2809.33,4102.00,3,1.07465e-05,0.000111072
HSD11B2,2277.00,1825.33,4102.33,3,1.464e-05,0.000224939
RTN4,2286.33,1816.33,4102.67,2,9.2442e-06,0.00023499
NR3C1,1942.67,2162.67,4105.33,3,2.04459e-05,0.000117115
PMAIP1,2212.00,1896.67,4108.67,3,1.55459e-05,0.000123675
HSPA2,1725.67,2388.33,4114.00,3,7.24756e-06,0.000132822
PRO2852,1813.33,2301.67,4115.00,3,9.54128e-06,0.000164786
H19,2595.67,1519.67,4115.33,3,2.15521e-05,0.000268503
NDRG1,1531.00,2587.33,4118.33,3,1.09432e-05,0.000112247
SLC16A7,2536.33,1582.33,4118.67,3,9.41156e-06,0.000148986
FAM83B,1946.00,2173.33,4119.33,2,1.82137e-05,0.000158077
DUSP2,1656.33,2463.33,4119.67,3,8.32489e-06,0.000137029
CHI3L2,1200.33,2919.33,4119.67,3,1.08815e-05,0.000140782
GJA1,2369.67,1753.33,4123.00,2,9.23846e-06,0.000253451
ZBTB8A,2237.33,1887.00,4124.33,2,1.23625e-05,0.000234988
LYVE1,956.67,3168.00,4124.67,3,1.62433e-05,0.000118806
VASH2,2270.33,1861.00,4131.33,3,5.26916e-06,0.00016352
EPSTI1,1521.33,2613.67,4135.00,3,1.2216e-05,0.000119404
CXCL14,3240.00,898.33,4138.33,3,4.7112e-06,0.000159652
TSPAN7,1098.33,3041.33,4139.67,3,1.42692e-05,0.000116982
IGLV1-44,2388.67,1754.00,4142.67,3,8.58249e-06,0.000123358
GXYLT2,1272.00,2871.00,4143.00,3,1.92379e-05,0.00011026
PCDHB6,1205.67,2939.67,4145.33,3,1.43901e-05,0.000131528
SUSD3,2118.00,2027.33,4145.33,2,1.82663e-05,0.000414567
CA9,2890.67,1259.67,4150.33,3,5.81793e-06,0.000148492
HOXA10,2456.00,1696.00,4152.00,3,7.66027e-06,0.000137853
HIST1H4H,1792.00,2362.00,4154.00,3,1.83932e-05,0.000118543
TMSB15A,2648.33,1505.67,4154.00,3,6.01723e-06,0.000141735
HSPB8,932.33,3225.00,4157.33,3,1.58473e-05,0.000133672
FAM110C,2702.00,1456.67,4158.67,3,8.76943e-06,0.00960222
ADAMTS9-AS2,1799.67,2361.67,4161.33,2,3.65443e-05,0.00010024
MSMB,1223.00,2938.33,4161.33,3,1.38828e-05,0.000120635
MYO5C,1933.00,2230.67,4163.67,3,7.92456e-06,0.000134562
RCSD1,1407.00,2757.00,4164.00,3,9.1595e-06,0.000136961
NANOS1,2469.67,1695.67,4165.33,3,1.17745e-05,0.000147392
ENC1,2185.33,1981.67,4167.00,3,1.00413e-05,0.000110836
KCTD9,2369.33,1798.33,4167.67,2,7.91285e-06,0.00025033
ANXA8,2093.33,2074.67,4168.00,2,1.63868e-05,0.000166197
TMEM64,1721.67,2448.00,4169.67,3,1.00966e-05,0.000136509
PAMR1,1596.00,2575.67,4171.67,3,8.58445e-06,0.000123042
SLAMF8,2001.00,2175.67,4176.67,3,1.05457e-05,0.000132995
NPHP3,2450.67,1729.67,4180.33,2,1.1052e-05,0.00032457
REL,2260.67,1920.67,4181.33,2,1.05537e-05,0.000181178
SPDYE1,2261.67,1920.67,4182.33,2,8.99946e-06,0.000252907
GPX8,2254.33,1928.00,4182.33,3,1.0807e-05,0.000124619
CCNL1,2195.33,1988.33,4183.67,2,1.0502e-05,0.000183635
ERAP2,1655.33,2530.33,4185.67,3,8.91892e-06,0.000274585
SBSPON,1191.33,2997.00,4188.33,3,1.19619e-05,0.000127416
CEACAM7,1169.67,3021.00,4190.67,3,4.03775e-05,0.0013532
CCDC91,2221.33,1971.67,4193.00,2,9.57982e-06,0.000181472
RFTN1,2123.33,2073.00,4196.33,2,1.49345e-05,0.000162355
HACE1,1732.33,2464.67,4197.00,3,1.27288e-05,0.000112376
MDFIC,2231.33,1966.00,4197.33,3,6.59489e-06,0.000111987
ADHFE1,1162.67,3035.67,4198.33,3,1.15469e-05,0.000117985
ARRDC4,1573.67,2626.00,4199.67,3,9.55273e-06,0.000159252
NR3C2,1617.33,2584.67,4202.00,3,1.4817e-05,0.000119826
HMGCS2,1652.00,2552.33,4204.33,3,1.88672e-05,0.000127408
ABCA17P,1585.33,2619.33,4204.67,3,7.32536e-06,0.000105787
IGSF9,2411.33,1798.33,4209.67,2,8.1929e-06,0.000236506
CDC45,2529.33,1681.33,4210.67,3,7.13449e-06,0.000114951
CRISPLD1,1807.00,2405.67,4212.67,3,1.80281e-05,0.000115064
SLC5A1,3360.67,853.00,4213.67,3,3.45502e-06,0.000155412
IKZF3,1186.33,3028.67,4215.00,3,1.05279e-05,0.000121681
LY96,2178.00,2037.00,4215.00,3,1.89377e-05,0.000139702
ERP27,1277.67,2943.33,4221.00,3,9.38487e-06,0.000129902
ARMCX5-GPRASP2,1609.33,2615.00,4224.33,3,2.34333e-05,0.000155061
ALDH1A1,2189.00,2039.67,4228.67,3,1.15947e-05,0.00010985
ZMYM2,2166.67,2066.00,4232.67,2,1.30657e-05,0.00016325
IGLJ3,2584.00,1652.00,4236.00,3,7.31796e-06,0.000118774
TIFA,2296.67,1939.67,4236.33,2,1.11297e-05,0.000181037
ERI2,2131.67,2106.67,4238.33,2,1.26705e-05,0.000160304
KIAA1324L,1095.67,3142.67,4238.33,3,1.06617e-05,0.000134485
TNC,2157.33,2083.00,4240.33,3,6.63357e-06,0.00012748
MICB,1885.33,2356.00,4241.33,3,1.40978e-05,0.000121179
RAB27B,2375.00,1868.67,4243.67,3,1.05699e-05,0.000124732
PRKAR2B,1042.33,3207.00,4249.33,3,1.39616e-05,0.000123739
TNFRSF12A,2075.00,2174.67,4249.67,2,1.31987e-05,0.00019451
HPN,2205.67,2045.33,4251.00,3,5.1943e-06,0.000137873
CEP95,2080.00,2177.33,4257.33,2,1.07902e-05,0.000165085
CDH11,2186.33,2074.00,4260.33,3,1.28738e-05,0.000126621
MLPH,2203.00,2061.00,4264.00,3,5.83985e-06,0.000126595
AGL,2460.67,1806.33,4267.00,2,7.80352e-06,0.000430534
EDNRB,1371.67,2895.33,4267.00,3,1.58724e-05,0.000157401
PKP2,2430.33,1843.00,4273.33,2,1.45356e-05,0.000321875
VCAN,2588.00,1686.00,4274.00,3,2.30307e-05,0.000126361
SCUBE2,1860.67,2419.00,4279.67,3,7.42919e-06,0.000147602
CXCL17,1667.67,2613.00,4280.67,3,7.16581e-06,0.000130286
EFCAB7,2618.00,1665.67,4283.67,3,6.48206e-06,0.000122328
ZFC3H1,2243.67,2041.67,4285.33,2,1.4925e-05,0.000164223
IL1B,1508.67,2777.33,4286.00,3,1.24421e-05,0.00014144
CPEB4,1795.67,2492.67,4288.33,3,1.0599e-05,0.000117275
RBM24,1049.33,3244.67,4294.00,3,1.13315e-05,0.000116761
CXCR4,1675.67,2629.00,4304.67,3,1.44612e-05,0.000117052
CES1,1808.67,2498.00,4306.67,3,7.85185e-06,0.000118413
RP5-1092A3.4,2147.67,2160.00,4307.67,3,7.76762e-06,0.000114143
RB1CC1,2417.00,1890.67,4307.67,2,7.5927e-06,0.000245486
CXCL10,1876.00,2434.00,4310.00,3,1.25773e-05,0.00012295
CFH,2298.33,2012.67,4311.00,3,1.21783e-05,0.000186559
HDHD2,2355.00,1957.67,4312.67,2,8.34362e-06,0.000183917
ZNF671,1989.67,2323.67,4313.33,3,7.26129e-06,0.000151956
TFF3,2493.67,1823.33,4317.00,3,9.45247e-06,0.000159931
TWIST1,2324.00,1993.33,4317.33,3,8.52979e-06,0.000168381
DSEL,2301.33,2016.67,4318.00,2,3.41645e-05,0.000337113
SETDB2,2282.33,2037.33,4319.67,2,1.3496e-05,0.000179238
UBE2T,2382.00,1938.00,4320.00,2,2.00559e-05,0.000182617
FAT4,1255.00,3068.67,4323.67,3,1.00186e-05,0.000145794
UGT2B15,2093.00,2234.00,4327.00,3,6.63027e-06,0.000147221
ODAM,1192.67,3134.33,4327.00,3,1.07187e-05,0.000138495
IL33,1468.00,2864.67,4332.67,3,9.86391e-06,0.000152389
SLITRK6,2230.33,2103.33,4333.67,3,7.29247e-06,0.000118737
ALPK2,1233.00,3108.33,4341.33,3,9.27261e-06,0.000112249
BST2,2604.67,1737.00,4341.67,3,9.62531e-06,0.000137822
COL4A1,1837.67,2505.67,4343.33,2,0.000255804,0.000140634
CCL20,2902.00,1443.00,4345.00,3,8.14855e-06,0.000166721
LONRF2,1211.33,3134.00,4345.33,3,1.04545e-05,0.000110132
AKR1B10,2858.67,1488.67,4347.33,3,1.22227e-05,0.00014289
SOX8,1982.33,2367.67,4350.00,3,6.89838e-06,0.000133982
ENPP2,1370.67,2979.67,4350.33,3,1.16634e-05,0.0001163
RPL39L,2538.33,1816.00,4354.33,3,6.42875e-06,0.000133189
SLC39A10,1994.67,2360.33,4355.00,3,9.26296e-06,0.000120791
SLC28A3,2518.00,1840.33,4358.33,3,5.43169e-06,0.000141093
LPAR1,2350.00,2009.00,4359.00,2,1.99724e-05,0.000100241
MPPED2,2077.67,2287.33,4365.00,2,2.82408e-05,0.000100243
LACTB2,1951.33,2414.00,4365.33,3,9.90963e-06,0.000114637
FAM3D,2119.67,2249.33,4369.00,3,9.03805e-06,0.000124458
IFI6,2642.67,1726.67,4369.33,3,4.49129e-05,0.000129189
TFEC,2262.00,2108.33,4370.33,3,6.57159e-06,0.000107474
FERMT2,2389.67,1984.33,4374.00,3,7.71261e-06,0.00011273
INPP4B,2286.33,2088.00,4374.33,3,6.00689e-06,0.000204282
BEX4,2391.00,1987.33,4378.33,3,5.98775e-06,0.000112664
MIR6845,2441.33,1937.67,4379.00,2,7.49133e-06,0.000207223
RERGL,1852.00,2527.67,4379.67,2,3.13333e-05,0.000100229
SPRY4-IT1,854.33,3525.33,4379.67,3,1.25983e-05,0.000133521
LOC101927382,1331.67,3048.33,4380.00,3,1.45038e-05,0.000138315
TMEM87A,2148.67,2232.33,4381.00,2,1.01508e-05,0.000165661
KCNJ2,1090.33,3291.33,4381.67,3,1.35508e-05,0.000129021
AHI1,2543.00,1841.33,4384.33,2,9.97911e-06,0.000199852
ANKRD12,2331.00,2054.67,4385.67,3,5.31265e-06,0.000123576
PTGDS,1897.33,2491.67,4389.00,3,1.16538e-05,0.00012711
FAM3B,2503.67,1887.67,4391.33,3,5.78124e-06,0.000117916
LOC100652777,3141.33,1250.00,4391.33,3,1.81591e-05,0.000122632
FHOD3,2632.33,1759.67,4392.00,3,5.22106e-06,0.000133291
TFF1,2462.67,1930.33,4393.00,3,7.27977e-06,0.000119461
TC2N,2553.00,1846.67,4399.67,2,8.13031e-06,0.00020411
CLDN8,2212.33,2188.00,4400.33,3,5.91784e-06,0.000115214
VMP1,2239.00,2162.00,4401.00,3,9.03719e-06,0.000128143
LINC00467,1646.33,2755.33,4401.67,3,0.000358387,0.000114286
G0S2,1824.33,2577.67,4402.00,3,1.22488e-05,0.000325224
LRRC32,662.67,3741.33,4404.00,3,1.47498e-05,0.000129228
CPQ,2292.67,2114.33,4407.00,3,5.30761e-06,0.000124288
ROBO1,3356.00,1051.67,4407.67,3,6.04535e-06,0.000144956
C4A,2618.33,1790.00,4408.33,3,5.93705e-06,0.000113425
DHCR24,2256.00,2155.00,4411.00,3,6.37869e-06,0.000125729
PMEPA1,2290.67,2122.67,4413.33,3,9.02742e-06,0.000142955
TMPRSS4,1468.33,2946.67,4415.00,3,0.00509786,0.0375919
CYP4Z1,2301.00,2116.67,4417.67,3,5.8225e-06,0.00012033
KLHL29,1976.00,2441.67,4417.67,2,1.61012e-05,0.000144522
USP12,2357.33,2061.00,4418.33,2,1.08707e-05,0.000212701
FTX,1641.33,2778.33,4419.67,3,7.3058e-06,0.000129794
CD52,2416.33,2004.67,4421.00,3,5.78235e-06,0.000139329
VTCN1,2851.33,1570.33,4421.67,3,6.81661e-06,0.000119091
RNF150,1739.67,2683.67,4423.33,3,1.23383e-05,0.000150239
EZH1,2531.33,1894.00,4425.33,2,8.05515e-06,0.000286373
OLFML3,1982.00,2445.33,4427.33,3,1.48141e-05,0.00010863
IFIT2,2037.67,2396.00,4433.67,3,9.83608e-06,0.000117608
PLA2G2D,2630.00,1804.00,4434.00,2,6.54325e-05,0.00593346
HEPACAM2,2057.00,2379.33,4436.33,3,8.56284e-06,0.000113641
LOC100287497,2831.00,1607.00,4438.00,3,3.71835e-06,0.000142478
VWA5A,1484.67,2955.00,4439.67,3,1.4511e-05,0.000141895
MIR22,1296.00,3144.33,4440.33,3,1.33011e-05,0.000114613
ADAMDEC1,3168.33,1275.00,4443.33,3,1.15431e-05,0.000126291
FBP1,1666.33,2777.33,4443.67,3,8.66281e-06,0.000125975
MMRN2,1981.67,2463.00,4444.67,2,3.86111e-05,0.000103113
GPR64,2145.67,2306.33,4452.00,3,6.07687e-06,0.000149388
QPCT,2955.33,1498.67,4454.00,3,0.000168763,0.00147491
MS4A14,962.67,3491.67,4454.33,3,1.10985e-05,0.000126485
UBXN10-AS1,2081.33,2373.67,4455.00,3,5.97231e-06,0.000137623
FAM13A-AS1,2088.00,2371.00,4459.00,2,0.000163418,0.00242696
HIST3H2A,2492.33,1967.00,4459.33,2,1.3226e-05,0.000187155
TRIB2,1793.00,2666.67,4459.67,3,8.86109e-06,0.000125371
COL12A1,2391.33,2074.67,4466.00,2,2.30331e-05,0.000178116
AQP1,2109.67,2362.67,4472.33,3,1.27225e-05,0.000111567
ACN9,2705.00,1768.67,4473.67,3,4.26066e-06,0.000141642
LOC100506076,1564.67,2909.00,4473.67,3,9.30293e-06,0.000109718
YTHDC1,2055.33,2420.67,4476.00,2,1.18965e-05,0.000145785
RP1-142L7.8,2592.00,1885.33,4477.33,2,2.13131e-05,0.000102591
TSPAN1,2476.00,2003.33,4479.33,3,8.88884e-06,0.000140103
DDX43,1175.33,3304.67,4480.00,3,1.09931e-05,0.000138378
PKIB,1734.67,2745.67,4480.33,3,1.37434e-05,0.000116494
LINC01003,2239.67,2243.00,4482.67,3,5.62505e-06,0.000130894
TBC1D30,1382.00,3102.33,4484.33,3,8.24108e-06,0.000143978
ZNF415,1819.00,2665.33,4484.33,3,9.24874e-06,0.000153667
CYP4X1,1342.67,3142.00,4484.67,3,8.79621e-06,0.000109128
BEX5,966.00,3523.33,4489.33,3,1.13464e-05,0.000125503
PWAR6,1391.33,3098.33,4489.67,3,1.56599e-05,0.000124657
SYNPO2,2259.33,2231.67,4491.00,3,0.000126124,0.00519898
P2RX7,2404.00,2090.67,4494.67,3,6.69536e-06,0.000131462
FILIP1L,2110.00,2384.67,4494.67,2,1.30796e-05,0.000152433
CXCL9,1431.00,3064.67,4495.67,3,1.4348e-05,0.000114123
CD38,1610.00,2888.00,4498.00,3,9.01364e-06,0.00013238
COL8A2,1724.33,2775.00,4499.33,3,1.8036e-05,0.000115355
SCRN1,2319.67,2180.67,4500.33,3,1.0204e-05,0.000119913
SLC44A4,2930.67,1569.67,4500.33,3,1.31085e-05,0.000129209
CHN1,1992.67,2509.00,4501.67,3,7.50679e-06,0.000120735
STEAP1,2680.33,1825.33,4505.67,3,3.91669e-06,0.000129994
TPPP3,784.33,3729.67,4514.00,3,1.54945e-05,0.000121905
TOX3,2213.33,2306.33,4519.67,2,0.000619681,0.00164646
VGLL3,1613.00,2907.00,4520.00,3,1.22825e-05,0.000106984
ST6GAL2,2023.33,2499.00,4522.33,3,6.86378e-06,0.00011395
CKMT1A,2484.33,2038.00,4522.33,3,1.31162e-05,0.000115443
EYA2,2748.00,1776.00,4524.00,3,7.72999e-06,0.000163729
PCK1,2594.00,1930.33,4524.33,3,3.45933e-05,0.000121933
LIG4,2282.00,2243.00,4525.00,2,8.67582e-06,0.00016749
C15orf52,1608.33,2917.67,4526.00,3,1.34066e-05,0.000125203
ARMCX2,2500.33,2026.67,4527.00,3,5.16922e-06,0.000144624
C14orf132,1690.67,2841.33,4532.00,3,9.55856e-06,0.000138754
SLAIN1,1999.33,2533.00,4532.33,3,6.26144e-06,0.00012429
IGFL2,3091.33,1445.33,4536.67,3,5.27858e-06,0.000134444
GLYATL2,1745.33,2794.67,4540.00,3,1.23584e-05,0.000118559
HLA-DRA,2114.00,2426.00,4540.00,2,1.04448e-05,0.000157513
AEBP2,2349.00,2191.67,4540.67,2,9.17262e-06,0.000170974
TNFRSF19,2267.00,2274.00,4541.00,3,5.13224e-06,0.000114284
RP11-199F11.2,2430.00,2112.67,4542.67,3,5.18477e-06,0.000129984
TLR8,2057.67,2485.67,4543.33,3,6.88017e-06,0.000151218
HORMAD1,2767.33,1777.00,4544.33,3,5.32548e-06,0.000125266
F2R,1914.00,2631.00,4545.00,2,1.42983e-05,0.000136655
RASSF6,2141.00,2405.00,4546.00,3,8.27527e-06,0.000240217
REEP1,2137.33,2410.67,4548.00,3,7.23196e-06,0.000127846
MAGEA3,2904.67,1644.67,4549.33,3,6.39113e-06,0.000118722
KRT23,1852.33,2698.67,4551.00,3,8.81454e-06,0.000111883
INHBA,2762.00,1790.33,4552.33,3,3.44386e-05,0.000122335
MTCL1,2652.67,1900.33,4553.00,3,6.21979e-06,0.000147475
EVI2B,2221.33,2335.33,4556.67,3,7.40981e-06,0.000114779
ANXA3,1913.33,2643.67,4557.00,3,1.17636e-05,0.000126899
KLHL2,2681.00,1878.00,4559.00,3,6.06588e-06,0.000221574
COLEC12,1343.67,3216.33,4560.00,3,1.26737e-05,0.000128078
SELE,975.67,3587.67,4563.33,3,1.36956e-05,0.00013423
GLIPR1,2224.67,2339.00,4563.67,3,5.52023e-06,0.00018229
SMAD4,2719.00,1846.00,4565.00,2,7.06145e-06,0.000352568
MNX1,2772.67,1794.00,4566.67,2,2.10884e-05,0.000243903
COL9A3,2982.33,1591.00,4573.33,3,5.8391e-06,0.000123068
ME1,2172.00,2403.33,4575.33,3,6.47096e-06,0.000112651
SLIT2,1734.00,2844.00,4578.00,3,1.23045e-05,0.000113775
FCGR1B,1779.00,2799.00,4578.00,3,1.06262e-05,0.000117715
GPCPD1,2542.00,2038.00,4580.00,3,6.52398e-06,0.000130194
IRS1,2524.00,2056.00,4580.00,3,8.70497e-06,0.00012598
PRSS12,1186.67,3394.67,4581.33,3,1.132e-05,0.000122729
ELOVL7,1720.00,2863.67,4583.67,3,1.23077e-05,0.000125761
ADRA2A,1766.67,2818.33,4585.00,3,9.38344e-06,0.000113997
HCLS1,2503.67,2082.00,4585.67,3,4.4917e-06,0.000125224
CPAMD8,2391.33,2197.33,4588.67,2,2.1297e-05,0.000101293
NRCAM,1326.67,3263.67,4590.33,3,8.84381e-06,0.00011902
MX2,2967.33,1628.00,4595.33,3,1.38009e-05,0.000139627
CKS2,2049.67,2547.67,4597.33,2,1.53613e-05,0.000142542
PREX2,2178.67,2419.33,4598.00,2,2.69583e-05,0.000100151
SPINK5,2312.33,2288.67,4601.00,3,7.33666e-06,0.000133582
LOC730101,1469.00,3132.67,4601.67,3,8.60287e-06,0.000129163
NOX4,2320.00,2283.00,4603.00,3,2.84957e-05,0.000126292
BIK,1989.67,2615.67,4605.33,2,2.44322e-05,0.000139483
FXYD6,1143.00,3462.67,4605.67,3,1.66904e-05,0.000111512
ITGA10,1577.67,3028.33,4606.00,3,1.12724e-05,0.000145028
GBP3,2069.00,2537.33,4606.33,3,6.20593e-06,0.000152595
PGM5-AS1,2467.33,2140.00,4607.33,2,7.65802e-06,0.000186294
FAS,2686.00,1921.67,4607.67,3,6.41053e-06,0.000133906
HS3ST3A1,1989.67,2618.67,4608.33,3,8.16138e-06,0.000147568
GPR37,1909.67,2700.00,4609.67,3,0.00015055,0.000114776
BEX2,1785.00,2826.00,4611.00,3,9.1551e-06,0.000139428
GLDN,1732.67,2878.33,4611.00,3,8.81662e-06,0.000137732
ETV4,2443.00,2168.67,4611.67,2,0.000396208,0.000195375
LOC100049716,2372.67,2239.67,4612.33,2,8.19075e-06,0.000158674
LOC101928152,2452.67,2164.00,4616.67,2,1.42837e-05,0.000100161
ENOSF1,2563.67,2053.33,4617.00,2,7.98144e-06,0.000186664
NOD2,2988.67,1628.67,4617.33,3,7.18951e-06,0.000123284
CLDN5,1852.33,2765.67,4618.00,2,3.05585e-05,0.000100372
ABCA12,2360.33,2258.00,4618.33,3,8.89641e-06,0.000110527
PTGS2,1834.67,2792.67,4627.33,3,6.43199e-06,0.000174451
MB,3171.67,1457.33,4629.00,3,7.41092e-06,0.000128322
AX747630,2083.33,2546.00,4629.33,3,8.25e-06,0.000132568
CST4,2668.00,1963.67,4631.67,2,3.66231e-05,0.000217143
TCEAL7,824.00,3808.00,4632.00,3,1.20634e-05,0.000120565
MAP3K8,2729.33,1902.67,4632.00,2,6.29479e-06,0.000179145
SOWAHA,2696.00,1938.67,4634.67,3,5.53758e-06,0.000128799
SLC7A5,2298.67,2338.00,4636.67,2,1.17664e-05,0.000162487
TREM1,1173.00,3464.00,4637.00,3,1.04272e-05,0.00013423
BOK,2295.00,2344.00,4639.00,3,1.05679e-05,0.000116382
DCUN1D5,2360.33,2280.00,4640.33,2,1.42542e-05,0.000150779
LINC00086,1955.33,2685.33,4640.67,2,2.73685e-05,0.000100656
STOX2,2343.67,2300.33,4644.00,2,3.39208e-05,0.000119796
ATP6AP1L,2459.00,2185.33,4644.33,2,7.93254e-06,0.000159305
NGFRAP1,2411.67,2233.00,4644.67,3,6.33487e-06,0.00017753
GPX7,2425.33,2221.33,4646.67,3,5.80242e-06,0.000121388
KRT80,1213.00,3434.00,4647.00,3,1.26752e-05,0.00011744
DMXL1,2484.67,2166.67,4651.33,2,7.40161e-06,0.00016716
FCGR3B,1077.33,3574.33,4651.67,3,1.29479e-05,0.00012087
CCL2,2733.33,1919.67,4653.00,3,4.48871e-06,0.000233296
ZNF137P,1844.67,2808.67,4653.33,3,9.73253e-06,0.00015563
C6orf141,1195.33,3458.33,4653.67,3,9.55357e-06,0.000110934
HLF,2261.67,2394.33,4656.00,2,2.44295e-05,0.000100231
PLIN1,2616.33,2040.33,4656.67,2,1.12694e-05,0.000174257
IL17RD,2710.67,1951.33,4662.00,3,1.23035e-05,0.000152183
LOC101928620,1930.67,2733.00,4663.67,3,1.09444e-05,0.00011602
FNDC1,2501.33,2162.67,4664.00,3,1.72419e-05,0.00011545
HSD11B1,979.33,3689.00,4668.33,3,1.35386e-05,0.000130267
SNORD114-3,2409.00,2259.67,4668.67,2,2.30522e-05,0.000100113
PCSK5,1608.67,3062.00,4670.67,3,8.87029e-06,0.000134765
GZMK,1690.00,2982.00,4672.00,3,8.5583e-06,0.000106627
PAK6,2385.33,2291.33,4676.67,3,5.32722e-06,0.000196523
DMD,2919.67,1757.67,4677.33,3,2.18488e-05,0.000214765
GNG11,2024.33,2653.00,4677.33,2,1.30463e-05,0.000136612
RBP4,2515.00,2163.00,4678.00,2,8.49043e-06,0.000185812
HECTD2,2302.00,2376.00,4678.00,2,1.65624e-05,0.000144993
DIO1,1185.67,3493.67,4679.33,3,1.01134e-05,0.000109805
XIST,1621.33,3059.67,4681.00,3,1.67304e-05,0.000119126
ARRDC3,2279.67,2401.67,4681.33,3,5.92727e-06,0.000166217
SHISA2,2771.33,1910.00,4681.33,3,3.76606e-06,0.000134946
SLC16A4,3202.00,1482.00,4684.00,3,7.30572e-06,0.000167169
C1orf168,1129.33,3555.00,4684.33,3,1.02318e-05,0.000120046
ITK,1663.00,3024.00,4687.00,3,9.79275e-06,0.000123609
CA3,2203.00,2486.00,4689.00,2,2.29385e-05,0.000100073
KCNJ8,2233.00,2456.67,4689.67,3,1.05776e-05,0.000131047
TOX,2322.00,2368.00,4690.00,3,5.38868e-06,0.00011135
RIT1,2317.67,2372.67,4690.33,3,4.87551e-06,0.000113266
CLIP4,1761.00,2930.67,4691.67,3,1.20968e-05,0.000133727
PNMA2,1947.33,2747.33,4694.67,3,9.5983e-06,0.000149314
TMX4,2299.00,2396.00,4695.00,2,8.64023e-06,0.000146782
EEF1A2,2711.33,1983.67,4695.00,2,0.000240402,0.000174157
RASGEF1A,2964.00,1732.67,4696.67,3,7.43942e-06,0.000120649
CST6,1826.33,2872.00,4698.33,3,6.9125e-06,0.000121949
LMO3,1961.00,2738.67,4699.67,3,7.69989e-06,0.00012269
SCN3A,2331.33,2368.33,4699.67,2,1.72095e-05,0.000100092
BBOX1,1199.33,3502.33,4701.67,3,1.02378e-05,0.000120114
SGTB,2533.33,2168.33,4701.67,2,8.60291e-06,0.000168782
GSPT2,1690.00,3012.00,4702.00,3,7.00617e-06,0.000135592
CDK1,2748.33,1954.67,4703.00,2,9.43895e-06,0.000215087
WASF3,1701.33,3003.33,4704.67,3,1.12182e-05,0.000128821
PPM1K,2481.67,2223.67,4705.33,2,8.60704e-06,0.000194903
DOCK8,2018.33,2687.33,4705.67,3,7.64006e-06,0.000107054
AKR1C1,2074.00,2644.00,4718.00,2,2.17547e-05,0.000100081
HIST1H2AM,2391.00,2327.00,4718.00,2,1.21072e-05,0.000166643
RAD54B,2307.33,2413.00,4720.33,2,1.05538e-05,0.000150568
LOC100505549,2199.67,2525.00,4724.67,2,9.428e-06,0.000144589
SYCP2,2390.00,2336.00,4726.00,2,1.38652e-05,0.000159627
ANKRD44,2409.00,2319.33,4728.33,2,7.66357e-06,0.000155022
MAFF,1910.33,2824.00,4734.33,2,2.95152e-05,0.000100355
RNF103,2016.33,2718.33,4734.67,2,1.35846e-05,0.000134767
CXCL8,2951.67,1783.33,4735.00,3,5.56157e-06,0.000120059
HSPA6,1907.33,2828.67,4736.00,3,6.67567e-06,0.000114191
RP11-769O8.3,2504.00,2234.33,4738.33,2,1.85449e-05,0.000151333
RASGRP1,2009.67,2729.00,4738.67,3,6.04129e-06,0.000108779
PRPF38B,2446.00,2299.33,4745.33,2,7.60324e-06,0.000153395
SLFN5,2255.67,2490.00,4745.67,3,6.48874e-06,0.00015812
SASH3,1984.00,2762.00,4746.00,3,6.98078e-06,0.000135719
APOD,2135.00,2612.67,4747.67,3,1.49068e-05,0.000117663
ZSCAN31,1839.00,2914.67,4753.67,3,1.23304e-05,0.00011363
ST8SIA1,3303.33,1456.00,4759.33,3,2.53041e-06,0.000140975
RUNX1T1,2335.00,2424.67,4759.67,2,2.61968e-05,0.00010071
SUGCT,2484.00,2276.67,4760.67,2,3.41468e-05,0.00121573
ZFAND6,2800.67,1960.00,4760.67,2,5.5616e-06,0.000292218
FGG,2764.33,1997.00,4761.33,3,4.97068e-06,0.000130596
NEDD4,3054.67,1708.33,4763.00,3,1.86492e-05,0.000160993
SNX18,2883.33,1881.33,4764.67,2,1.37864e-05,0.000197332
ERO1L,1743.33,3021.67,4765.00,3,8.53476e-06,0.000114795
FAM46C,1169.67,3596.00,4765.67,3,9.49406e-06,0.000110264
GJB6,3684.33,1081.67,4766.00,3,2.10724e-06,0.000132687
CAPZA1,2970.33,1796.33,4766.67,2,1.15955e-05,0.00023092
FOXO1,2354.67,2413.00,4767.67,2,8.48431e-06,0.000145349
ZFAND5,2399.33,2368.67,4768.00,2,7.84259e-06,0.000169872
SLC15A3,2429.00,2340.33,4769.33,3,6.96869e-06,0.0001293
STK32B,1782.00,2989.00,4771.00,3,1.61933e-05,0.000117866
DNAJC13,2113.00,2659.33,4772.33,2,1.07115e-05,0.000137318
GRAMD2,829.00,3944.00,4773.00,3,1.55453e-05,0.000123156
ELOVL5,2903.00,1871.33,4774.33,2,1.3364e-05,0.000186886
FZD6,2466.67,2308.33,4775.00,3,4.52905e-06,0.000120661
MYEF2,2472.33,2305.33,4777.67,2,9.13852e-06,0.000150377
KIF16B,2416.67,2362.67,4779.33,2,1.54264e-05,0.000100091
DNAJB4,2660.67,2118.67,4779.33,2,6.29861e-06,0.00019381
TM7SF2,2525.00,2258.33,4783.33,2,8.89966e-06,0.000167485
RP1-86D1.3,2242.33,2543.67,4786.00,3,6.00377e-06,0.000127454
TIGD2,2795.33,1991.00,4786.33,3,9.7173e-06,0.000123156
THBS2,1541.00,3245.33,4786.33,3,3.70662e-05,0.000113037
RHOBTB2,1706.33,3083.00,4789.33,3,1.36987e-05,0.000128095
RNF168,2622.33,2168.33,4790.67,2,1.26193e-05,0.000155883
SLC38A6,2314.33,2477.33,4791.67,3,1.04903e-05,0.000125584
TLE2,1890.00,2902.00,4792.00,3,1.33648e-05,0.000120969
PLLP,1269.67,3522.67,4792.33,3,1.46413e-05,0.000133034
ESAM,2237.00,2556.67,4793.67,2,3.09221e-05,0.0001078
HEY2,2296.33,2498.33,4794.67,2,1.73412e-05,0.000100177
RPS16P5,2595.33,2199.67,4795.00,2,1.14183e-05,0.000154411
ACAD8,2401.33,2394.33,4795.67,2,1.49994e-05,0.000100104
AQP9,1605.00,3192.67,4797.67,3,2.1706e-05,0.000151692
UBE2C,2346.67,2452.67,4799.33,2,1.51356e-05,0.000179128
VSIG4,2475.00,2330.33,4805.33,3,5.04303e-06,0.000121616
TMPRSS3,3108.67,1698.67,4807.33,3,4.9556e-06,0.000130702
PLEKHG1,2214.67,2593.00,4807.67,3,1.49439e-05,0.000154308
HECW2,2766.67,2041.33,4808.00,2,6.19932e-06,0.000184734
TNFRSF17,2459.33,2348.67,4808.00,3,4.39693e-06,0.000124018
ZNF385B,1296.33,3518.67,4815.00,3,8.98581e-06,0.00011245
NPY1R,2308.67,2507.67,4816.33,3,1.01991e-05,0.000126116
GSTT1,2424.00,2394.67,4818.67,3,6.77728e-06,0.000126943
ANXA9,2898.67,1920.33,4819.00,2,6.90842e-06,0.000432879
CSGALNACT1,2697.00,2122.67,4819.67,3,8.68067e-06,0.00014166
FNIP1,2719.00,2103.33,4822.33,2,1.68745e-05,0.000159186
CHST15,2676.67,2146.67,4823.33,2,6.26679e-06,0.00072552
PDE2A,2396.67,2427.33,4824.00,2,0.000130015,0.000154797
CEMIP,2567.33,2258.00,4825.33,2,1.13861e-05,0.00015303
IGF2BP3,2040.00,2788.00,4828.00,3,9.91603e-06,0.000115523
NBEA,1957.00,2874.00,4831.00,3,1.09071e-05,0.000121141
MATN3,2901.00,1930.00,4831.00,3,3.371e-06,0.000129372
DENND4C,2212.00,2620.33,4832.33,2,1.02633e-05,0.000138255
KANK3,2483.00,2350.00,4833.00,2,3.29514e-05,0.000167143
RPA1,2560.00,2273.33,4833.33,2,8.96037e-06,0.000154173
LRRC31,3022.33,1814.00,4836.33,3,5.43323e-06,0.000124539
ZNF471,2508.00,2329.00,4837.00,2,3.51636e-05,0.000121372
IGKV1-37,2612.33,2225.67,4838.00,3,7.0403e-06,0.000123991
PRIMA1,2023.33,2814.67,4838.00,2,0.000108319,0.00305352
DPYD,2668.67,2170.00,4838.67,2,8.28701e-06,0.000162009
GIMAP8,1904.33,2937.67,4842.00,2,1.45833e-05,0.000128685
MAGI2,2263.33,2582.67,4846.00,2,8.90017e-06,0.000141762
MYH10,1539.33,3312.00,4851.33,3,1.18836e-05,0.000111637
GPD1L,1363.67,3488.00,4851.67,3,8.86868e-06,0.000106672
BACE2,3384.67,1467.33,4852.00,3,2.41683e-06,0.00013637
PROM1,3390.00,1463.33,4853.33,3,2.47047e-06,0.000147752
IRX3,2039.33,2814.00,4853.33,2,1.14265e-05,0.000139195
MPP1,1456.67,3398.67,4855.33,3,8.46882e-06,0.000125568
ZNF793,2206.00,2650.67,4856.67,2,1.01071e-05,0.000138479
CDCA8,1994.00,2864.00,4858.00,2,1.71671e-05,0.000135094
NELL2,1976.67,2884.00,4860.67,3,9.74842e-06,0.000195486
CAB39L,1523.00,3338.00,4861.00,3,9.06438e-06,0.000134555
DPP10-AS1,2028.67,2832.33,4861.00,3,6.19718e-06,0.000121866
NPTX2,2599.00,2262.67,4861.67,3,4.27177e-06,0.000134186
RASL12,767.67,4094.67,4862.33,3,1.53994e-05,0.000114392
FAM150B,1440.00,3423.33,4863.33,3,1.65292e-05,0.000115481
HSPB2,2143.33,2721.00,4864.33,2,1.21184e-05,0.000142718
CAPN3,2421.67,2443.00,4864.67,2,2.24183e-05,0.000100193
TSHZ2,2358.67,2506.67,4865.33,2,1.78829e-05,0.000118889
CTSF,2310.67,2554.67,4865.33,2,9.86916e-06,0.000149027
SASH1,2007.00,2858.33,4865.33,2,1.2468e-05,0.000129883
NAPSB,1956.33,2915.33,4871.67,3,6.83841e-06,0.000147141
FAM214A,2492.67,2381.67,4874.33,3,5.4232e-06,0.000107046
NCAPH,2625.00,2253.67,4878.67,2,8.08926e-06,0.0002201
SPOCK1,3240.67,1640.67,4881.33,3,7.46962e-06,0.000138623
AHNAK2,2353.00,2529.00,4882.00,3,6.45735e-06,0.000190621
TMTC1,2859.67,2022.33,4882.00,2,2.16658e-05,0.000100213
TDRP,2773.33,2110.00,4883.33,2,1.26855e-05,0.000100533
LRRC17,2105.00,2778.67,4883.67,2,1.82988e-05,0.000135388
PSPH,2797.00,2087.00,4884.00,3,3.98609e-06,0.000125945
MUC4,2793.67,2093.67,4887.33,3,6.46958e-06,0.000171593
LGR5,2678.00,2209.33,4887.33,3,5.409e-06,0.000118503
BIRC3,2574.33,2313.00,4887.33,3,6.96442e-06,0.00012353
NAP1L3,1918.67,2971.00,4889.67,3,6.56083e-06,0.000125876
COL16A1,2718.67,2171.67,4890.33,2,6.53616e-06,0.00016987
OLFML2A,1640.67,3251.00,4891.67,3,1.72972e-05,0.000110437
PTPRZ1,2719.33,2173.00,4892.33,3,8.82309e-06,0.000110831
PID1,2656.00,2236.67,4892.67,2,7.58322e-06,0.000163061
FREM2,2408.67,2486.00,4894.67,3,5.6748e-06,0.000112354
TBC1D24,3221.33,1673.67,4895.00,3,6.56795e-06,0.000143837
GCNT2,2163.33,2732.67,4896.00,3,5.74417e-06,0.000109899
DMTF1,2989.67,1908.67,4898.33,2,4.85358e-06,0.000235384
MAGED4,2862.67,2036.33,4899.00,3,9.16616e-06,0.000122458
PARD6B,2581.67,2320.00,4901.67,2,1.44819e-05,0.000185555
ACSM5,1872.33,3034.00,4906.33,2,4.76399e-05,0.000539912
OPN3,2049.33,2857.00,4906.33,3,7.97584e-06,0.000121849
MARCH7,2390.67,2516.33,4907.00,2,1.22778e-05,0.000141423
NEXN,1486.00,3428.00,4914.00,3,1.44641e-05,0.000132125
BNIPL,2731.33,2183.67,4915.00,2,1.10194e-05,0.000100141
LOC439911,2865.67,2049.33,4915.00,2,1.9841e-05,0.000542979
ZNF43,1818.33,3099.67,4918.00,2,0.0270804,0.000125891
TRIM68,1899.33,3020.00,4919.33,3,6.6685e-06,0.000124852
FBXO4,2495.67,2424.33,4920.00,2,7.19971e-06,0.00014781
NRK,2350.00,2570.33,4920.33,3,3.52649e-05,0.000122645
ABCB1,1859.67,3061.33,4921.00,3,1.91918e-05,0.000121312
TAB3,2539.33,2383.33,4922.67,2,1.18227e-05,0.000145301
ZSCAN18,2471.67,2453.33,4925.00,2,7.36304e-06,0.00015449
MEIS1,1118.67,3806.67,4925.33,3,9.86192e-06,0.000107848
LRRC49,1041.67,3885.33,4927.00,3,1.35147e-05,0.000129599
TTC28,2724.00,2203.00,4927.00,2,4.07861e-05,0.000133381
TMEM255A,1852.00,3075.67,4927.67,3,8.89091e-06,0.000111971
TPX2,2669.33,2259.00,4928.33,2,3.08261e-05,0.0167201
LOC100996668,2373.67,2556.00,4929.67,3,6.94782e-06,0.000212156
SLC38A2,2415.33,2515.33,4930.67,2,7.60589e-06,0.000146524
ECSCR,2064.33,2868.00,4932.33,2,2.39713e-05,0.000100927
GLIS2,3186.67,1746.00,4932.67,3,2.73813e-06,0.000129971
CCL21,3071.67,1861.67,4933.33,2,5.23868e-06,0.000271959
DUSP5,2458.33,2479.67,4938.00,3,1.00086e-05,0.000111866
TUBE1,2604.33,2334.00,4938.33,2,9.02846e-06,0.000147971
PDE4B,2222.33,2716.00,4938.33,3,7.18291e-06,0.000192361
RP11-403P17.4,2792.00,2147.00,4939.00,2,7.20437e-06,0.000158549
THAP9-AS1,2544.00,2395.33,4939.33,2,6.86922e-06,0.00016072
HOXB13,2872.00,2067.67,4939.67,2,9.38605e-06,0.000162791
CRY1,2616.67,2323.33,4940.00,2,7.1436e-06,0.000160645
DPP4,3173.67,1766.33,4940.00,3,2.76133e-06,0.000120727
AGR3,2993.00,1947.33,4940.33,3,8.55245e-06,0.000140396
SACS,2491.33,2449.33,4940.67,3,1.31276e-05,0.000115069
LINC00478,3017.33,1925.33,4942.67,2,2.7364e-05,0.000100879
MAP9,2669.67,2273.67,4943.33,3,5.03351e-06,0.000139062
TCN1,3082.33,1861.00,4943.33,3,4.98559e-06,0.000124672
RTTN,2737.67,2208.33,4946.00,2,7.51861e-06,0.000159712
ADAM9,2572.00,2375.33,4947.33,2,7.78182e-06,0.000210458
TP53INP1,2749.33,2199.67,4949.00,2,9.97274e-06,0.000176717
NCAPD2,2058.00,2891.33,4949.33,2,1.6749e-05,0.000139564
RASSF8,2950.00,2000.67,4950.67,2,7.10031e-06,0.000210231
LTBP2,2625.67,2333.33,4959.00,3,1.54995e-05,0.00011645
ENTPD3,1850.33,3109.67,4960.00,3,7.5191e-06,0.000133452
PCNT,2939.67,2020.67,4960.33,2,5.68121e-06,0.00017856
TACC1,2146.33,2815.67,4962.00,2,9.99307e-06,0.000131558
RP11-747H7.3,2682.33,2280.67,4963.00,3,5.18734e-06,0.000110534
LRRC6,1748.33,3216.00,4964.33,3,1.18615e-05,0.000127744
LOC642236,2299.33,2665.00,4964.33,2,1.70288e-05,0.000100157
HIST2H2BE,2882.00,2084.33,4966.33,3,1.23856e-05,0.000120114
TM4SF1,1994.33,2974.00,4968.33,3,6.94661e-06,0.000109793
TUBB6,2875.67,2096.00,4971.67,2,5.26039e-06,0.000163879
SMOC2,2308.00,2665.00,4973.00,3,8.73432e-06,0.000126221
LOC100507217,3094.00,1881.33,4975.33,2,1.03356e-05,0.000358581
MMP7,2824.00,2156.67,4980.67,3,4.93112e-06,0.000117592
ZNF529,2890.33,2090.33,4980.67,2,6.12148e-06,0.00017479
MARC2,969.67,4011.33,4981.00,3,1.18056e-05,0.000111331
RP3-428L16.2,2814.33,2167.00,4981.33,3,5.44571e-06,0.000111532
CXCL13,2247.33,2734.00,4981.33,3,8.24334e-06,0.000129087
ANK3,2969.67,2014.67,4984.33,2,5.66822e-06,0.000268099
QKI,3158.67,1826.00,4984.67,2,6.24375e-06,0.000229616
OLFML1,1212.67,3772.67,4985.33,3,1.17043e-05,0.00011927
DHX29,2986.33,1999.33,4985.67,2,4.8775e-06,0.000204937
GPR171,1428.67,3558.00,4986.67,3,9.74494e-06,0.000136858
CA2,2659.00,2329.33,4988.33,3,8.09821e-06,0.000125651
PGR,1491.00,3501.67,4992.67,3,1.28259e-05,0.00012097
IL6,1210.33,3783.33,4993.67,3,2.35845e-05,0.000129462
MET,2966.67,2028.00,4994.67,2,8.16981e-06,0.000201172
NUSAP1,2556.33,2439.00,4995.33,2,1.01345e-05,0.000149488
ANGPTL1,2056.67,2943.00,4999.67,2,2.31103e-05,0.000100039
ZFPM2,2052.67,2947.67,5000.33,3,6.19278e-06,0.000127215
RNASEL,1785.00,3215.67,5000.67,2,2.81396e-05,0.00012587
RAI14,1974.67,3026.00,5000.67,3,1.23809e-05,0.000116125
ANKIB1,2585.33,2416.67,5002.00,2,7.41357e-06,0.000151171
PHF3,2356.67,2647.33,5004.00,2,8.69242e-06,0.000146365
C4orf32,2340.00,2664.33,5004.33,2,2.02616e-05,0.00010085
STMN2,2594.33,2414.67,5009.00,2,1.60552e-05,0.00014556
PIFO,1646.00,3364.33,5010.33,3,9.70884e-06,0.000130017
PHYH,2448.00,2563.00,5011.00,2,8.1446e-06,0.000139905
C1QB,2497.67,2514.33,5012.00,2,7.14241e-06,0.000158645
RHOB,2981.33,2031.67,5013.00,2,5.65085e-06,0.000297208
C8orf44-SGK3,3134.00,1881.00,5015.00,2,1.00909e-05,0.000191961
ARHGAP11B,2725.67,2291.00,5016.67,2,5.777e-06,0.000241011
DEGS1,2591.67,2426.33,5018.00,2,6.94194e-06,0.000157072
FAM129A,3229.00,1790.67,5019.67,3,1.16537e-05,0.00011779
ZWINT,2986.67,2033.33,5020.00,2,6.96786e-06,0.000217968
BNC2,1293.33,3727.33,5020.67,3,1.16426e-05,0.00011471
EMC7,2594.67,2426.67,5021.33,2,1.54953e-05,0.000143049
ZBTB20,2362.67,2660.00,5022.67,2,8.45726e-06,0.00013956
RP11-391M1.4,1141.33,3881.33,5022.67,3,1.04798e-05,0.000112924
RBPMS2,1972.00,3051.67,5023.67,3,1.28384e-05,0.000141303
LOC254057,1245.00,3783.33,5028.33,3,1.7036e-05,0.000116559
SLC27A3,2515.67,2517.33,5033.00,2,2.3107e-05,0.000100209
ZNF652,2635.00,2400.00,5035.00,2,7.82642e-06,0.000237208
GPT2,2664.00,2378.33,5042.33,2,1.54132e-05,0.000174199
FAXDC2,2426.00,2616.67,5042.67,2,1.21354e-05,0.00047341
TLR1,2526.00,2517.33,5043.33,3,9.86535e-06,0.000105866
MARCO,1182.00,3862.00,5044.00,3,1.41443e-05,0.000121643
RTN1,1762.33,3284.00,5046.33,3,1.025e-05,0.00010861
SELP,1555.00,3492.00,5047.00,3,1.29357e-05,0.000128802
CENPK,2610.67,2436.67,5047.33,3,1.15152e-05,0.000121157
PKIA,1573.00,3474.67,5047.67,3,8.24048e-06,0.000114823
LOC102724788,1697.33,3350.33,5047.67,3,7.47504e-06,0.000119404
LOC100507501,2739.33,2310.33,5049.67,2,5.96852e-06,0.000230126
RP11-774O3.3,2852.00,2198.33,5050.33,2,5.8187e-06,0.000246725
FAM149A,898.00,4155.33,5053.33,3,1.20315e-05,0.000114467
CXCL12,2336.33,2717.33,5053.67,2,9.26078e-06,0.000134227
APLP1,2796.33,2261.33,5057.67,2,5.58732e-06,0.000167624
SIGLEC1,2311.33,2746.67,5058.00,2,8.64672e-06,0.0001453
CTSO,1908.67,3150.00,5058.67,3,7.39396e-06,0.000131479
SLC4A4,1668.67,3390.33,5059.00,3,1.31451e-05,0.000113057
SMAD9,2430.00,2629.33,5059.33,2,1.35816e-05,0.000153251
NSMF,3232.00,1828.67,5060.67,2,6.93198e-06,0.000310807
NME5,2292.33,2770.67,5063.00,3,6.0325e-06,0.000129914
LURAP1L,1509.67,3554.33,5064.00,3,1.46776e-05,0.000127648
ARHGEF15,2937.33,2129.00,5066.33,2,5.1749e-06,0.000201816
SYBU,839.00,4228.33,5067.33,3,1.90606e-05,0.000119484
RP11-247L20.4,2197.33,2870.33,5067.67,3,5.45999e-05,0.000125226
MAN1C1,1692.00,3376.33,5068.33,3,1.05082e-05,0.000120247
PALM3,3170.33,1898.33,5068.67,3,2.86403e-06,0.000126524
ISG15,2817.00,2252.33,5069.33,2,2.21648e-05,0.000162018
EPHX4,2888.67,2181.33,5070.00,3,4.63672e-06,0.00012477
MED24,3007.33,2064.67,5072.00,2,9.82248e-06,0.000198434
ACADL,2267.67,2806.00,5073.67,2,8.56634e-05,0.000102089
KCNS3,2330.67,2743.00,5073.67,3,4.87339e-06,0.000129349
HIST2H2AA3,2901.67,2172.00,5073.67,2,8.00638e-06,0.000215799
KAT2B,1677.00,3397.67,5074.67,3,9.36307e-06,0.000113815
EZH2,2845.67,2235.33,5081.00,2,1.05455e-05,0.000159043
NSUN6,3201.00,1880.67,5081.67,2,4.25983e-06,0.000364478
ND6,2261.33,2821.33,5082.67,2,8.86028e-06,0.000145711
IGLL5,3676.67,1406.67,5083.33,3,5.18079e-06,0.000169766
CCDC3,1835.00,3248.67,5083.67,3,1.63331e-05,0.000118354
SMC5,3000.67,2083.67,5084.33,2,5.49812e-06,0.000174892
C16orf89,1686.00,3399.33,5085.33,3,9.66778e-06,0.000118737
UGT2B28,2396.33,2690.67,5087.00,3,1.21905e-05,0.000127854
BUB1B,2775.67,2312.33,5088.00,2,8.24526e-06,0.000176977
AFF1,2130.00,2959.00,5089.00,2,2.15435e-05,0.000126645
KHDRBS3,2811.67,2278.67,5090.33,2,9.71812e-06,0.000149463
EGLN3,1689.33,3403.33,5092.67,3,7.49557e-06,0.000129007
PTH2R,2298.67,2797.00,5095.67,2,9.92856e-06,0.000168032
ST5,2682.67,2414.67,5097.33,2,2.62571e-05,0.000112892
CARD16,1886.67,3211.67,5098.33,2,1.44712e-05,0.000119169
SBK1,2385.00,2713.33,5098.33,2,2.63208e-05,0.000100175
SCN4B,1949.33,3150.00,5099.33,2,2.91494e-05,0.000100084
DEPDC1,2944.33,2155.00,5099.33,2,7.48734e-06,0.000176048
POU2F3,2878.33,2221.67,5100.00,2,1.50498e-05,0.000100128
ITPR1,1150.00,3951.67,5101.67,3,1.4166e-05,0.000103936
CIRBP,2629.00,2475.00,5104.00,2,2.37272e-05,0.000100446
LOC101930415,3182.67,1921.67,5104.33,2,4.39514e-06,0.000310188
TMEM158,2513.00,2593.33,5106.33,2,8.31985e-06,0.000147798
GNLY,1927.00,3179.67,5106.67,3,1.00592e-05,0.000139801
PCDHB16,1918.00,3189.00,5107.00,3,8.82484e-06,0.000114375
RASGRF2,2537.00,2570.00,5107.00,2,1.28636e-05,0.000100578
LIX1L,3255.00,1853.33,5108.33,2,7.57637e-06,0.000210269
RP11-305O6.3,2268.67,2841.67,5110.33,2,1.99095e-05,0.000100105
STEAP4,2249.33,2862.67,5112.00,3,8.59445e-06,0.00012041
GPC3,2219.00,2894.67,5113.67,2,1.72576e-05,0.00013773
CAPN2,3242.00,1872.00,5114.00,2,1.27955e-05,0.000198331
FIGNL1,2533.67,2582.67,5116.33,2,9.51601e-06,0.000146548
AY940074,2840.33,2278.00,5118.33,2,5.91878e-06,0.000154543
EFHD1,3080.67,2038.67,5119.33,3,5.90359e-06,0.000114473
STAT4,1834.67,3285.00,5119.67,3,1.01246e-05,0.000127417
CADPS2,1899.33,3221.00,5120.33,3,6.13516e-06,0.000113437
LIPA,2874.00,2246.33,5120.33,2,1.0643e-05,0.000156115
GSTA1,2002.33,3118.67,5121.00,3,7.34797e-06,0.000123881
ZNF680,2793.33,2328.33,5121.67,2,6.31305e-06,0.000212277
BMP2,2410.67,2711.33,5122.00,3,1.77111e-05,0.000180722
RP11-124L9.5,2317.33,2804.67,5122.00,2,8.37209e-06,0.000136989
PRKACB,2793.00,2331.67,5124.67,2,5.95135e-06,0.00016218
HGF,2568.33,2561.00,5129.33,2,2.31671e-05,0.000100219
TNS1,2650.33,2479.33,5129.67,2,1.65945e-05,0.00010141
TMX3,2511.00,2619.33,5130.33,2,9.61094e-06,0.000140451
CDX1,1996.00,3134.33,5130.33,2,1.37121e-05,0.000122557
RP11-690I21.2,2042.00,3089.00,5131.00,2,2.1919e-05,0.00010004
C17orf58,2393.00,2738.33,5131.33,2,8.2607e-06,0.000134881
PP14571,2516.33,2617.00,5133.33,2,8.22954e-06,0.000147716
EMCN,900.00,4234.00,5134.00,3,1.29455e-05,0.00010903
ZNF165,1414.67,3721.33,5136.00,3,8.26161e-06,0.000114427
DYNC2LI1,3010.33,2125.67,5136.00,2,7.17411e-06,0.000161602
RWDD1,2585.67,2550.67,5136.33,2,8.02291e-06,0.000164324
FNBP1L,2747.00,2392.67,5139.67,2,5.81417e-06,0.000164764
ENDOD1,2209.33,2934.33,5143.67,3,8.53486e-06,0.000126421
EIF3M,2221.67,2924.33,5146.00,2,1.01429e-05,0.000129092
CIPC,3317.67,1828.33,5146.00,2,4.27218e-06,0.00020602
SFPQ,2584.00,2564.00,5148.00,2,8.09728e-06,0.00014117
abParts,3447.33,1704.33,5151.67,3,3.8668e-06,0.000185768
MRGPRF,1860.67,3292.00,5152.67,3,8.71599e-06,0.000119531
APLNR,2689.00,2464.67,5153.67,2,9.83256e-06,0.000170917
MCAM,2234.67,2923.67,5158.33,2,2.40411e-05,0.000100039
WDR41,2784.33,2375.67,5160.00,2,1.22126e-05,0.00014497
OSBPL6,951.67,4209.67,5161.33,3,1.30567e-05,0.000112738
ZNF304,2327.00,2834.33,5161.33,3,6.47565e-06,0.000121038
KCNK5,2937.67,2224.00,5161.67,3,3.3984e-06,0.000116825
FGF9,2449.33,2712.33,5161.67,3,1.26026e-05,0.00014509
NPTN-IT1,2711.00,2451.00,5162.00,3,4.9257e-06,0.000130044
TNFRSF11B,2665.67,2497.67,5163.33,3,4.70666e-06,0.000140886
LAX1,3154.33,2009.00,5163.33,3,8.05417e-06,0.000143778
ZMAT1,2228.00,2936.00,5164.00,2,9.20966e-06,0.000135934
SEP15,2674.67,2495.67,5170.33,2,6.17639e-06,0.000152801
ADTRP,1697.67,3474.00,5171.67,3,1.72925e-05,0.000117447
FIBIN,1294.67,3878.67,5173.33,3,1.36828e-05,0.000113531
RP11-401P9.4,2075.00,3098.67,5173.67,3,1.25337e-05,0.000138316
H2BFS,3060.00,2114.33,5174.33,2,8.89037e-06,0.000184393
MANEAL,2581.33,2595.67,5177.00,2,6.72197e-06,0.000151166
GPR124,2328.67,2850.67,5179.33,2,1.07712e-05,0.000131615
GFOD1,3331.67,1850.00,5181.67,2,1.03708e-05,0.000196502
MAFB,2869.00,2313.67,5182.67,2,6.24426e-06,0.000154566
PER3,3260.33,1922.33,5182.67,2,5.17083e-06,0.000184169
KIDINS220,2957.00,2226.00,5183.00,2,4.96964e-06,0.000313585
MREG,2754.00,2430.33,5184.33,2,6.37538e-06,0.000190149
ATF7IP,2911.67,2273.33,5185.00,2,6.18609e-06,0.000158074
CD55,2287.67,2899.67,5187.33,3,4.89972e-06,0.000116544
LOC101927458,2199.67,2988.33,5188.00,2,1.21559e-05,0.000129453
SLC2A14,2182.67,3005.67,5188.33,3,5.22008e-06,0.000113148
FUT3,2780.67,2408.33,5189.00,2,3.09567e-05,0.000164669
LOC102725263,2164.33,3024.67,5189.00,3,8.28695e-06,0.000125083
LOC102724364,2559.67,2630.33,5190.00,2,7.20829e-06,0.000145126
CNTN3,2799.67,2391.67,5191.33,3,3.80424e-06,0.000121567
CCBE1,2669.00,2522.33,5191.33,2,1.29795e-05,0.000100082
PRIM1,2510.33,2683.33,5193.67,2,7.28715e-06,0.000149366
TMEM125,2157.67,3037.33,5195.00,3,7.6875e-06,0.000115488
DEPDC1B,2268.33,2927.00,5195.33,2,0.000460322,0.00195476
ALDH1A2,2756.67,2439.00,5195.67,2,5.76503e-06,0.00014971
PAPSS2,1638.33,3559.00,5197.33,3,1.06701e-05,0.000121743
TNFAIP3,1724.67,3476.67,5201.33,3,1.27269e-05,0.000135391
LRRC69,2748.00,2454.33,5202.33,2,6.1488e-06,0.000145952
FAM169A,2717.00,2485.67,5202.67,3,3.96921e-06,0.000159412
CHST7,996.00,4208.67,5204.67,3,1.93623e-05,0.000118948
NETO2,2686.67,2518.67,5205.33,3,6.16964e-06,0.000151983
IER3,2701.33,2505.67,5207.00,2,6.92836e-06,0.000161602
STXBP3,2435.67,2772.33,5208.00,2,1.2007e-05,0.000132203
MIEN1,2873.33,2335.00,5208.33,2,1.54588e-05,0.000158121
DCHS1,2227.67,2981.33,5209.00,2,1.17338e-05,0.000134219
CCNB1,2652.67,2557.33,5210.00,2,1.06217e-05,0.000142443
ZNF37BP,3289.00,1922.33,5211.33,2,5.49049e-06,0.000215396
CTB-167B5.2,1248.33,3964.67,5213.00,3,1.19906e-05,0.000107654
TMEM45A,2187.67,3027.67,5215.33,3,1.12225e-05,0.000108928
PRKG1,3365.67,1850.67,5216.33,2,6.20527e-06,0.000223788
ZNF704,2753.00,2464.67,5217.67,2,5.92329e-06,0.000147403
HCK,2420.00,2798.00,5218.00,3,5.6393e-06,0.000133987
GPR158,2087.67,3131.67,5219.33,3,8.06125e-06,0.000123957
CAPN9,2103.33,3116.33,5219.67,3,0.0073788,0.000173006
C6orf211,2611.33,2611.00,5222.33,2,7.66468e-06,0.000143511
FXYD1,3332.33,1891.33,5223.67,2,3.08213e-06,0.000189377
CCL19,3782.00,1441.67,5223.67,3,3.42725e-06,0.00013604
PLK2,2755.33,2469.00,5224.33,2,5.78933e-06,0.000173936
TMEM237,2823.33,2404.33,5227.67,2,1.50568e-05,0.000100328
CCDC113,2331.00,2898.67,5229.67,3,4.9371e-06,0.000140383
SERPINB5,3033.00,2197.33,5230.33,3,4.08157e-06,0.00011591
DDIAS,2900.00,2331.00,5231.00,2,5.40236e-06,0.000173857
FIGN,2709.00,2523.00,5232.00,2,2.83637e-05,0.000100906
KLB,2229.00,3003.67,5232.67,2,1.81411e-05,0.000100251
PON3,2255.67,2977.00,5232.67,3,5.41981e-06,0.000143994
AMZ2,3066.67,2166.33,5233.00,2,4.80542e-06,0.000201654
CPNE5,1788.67,3444.67,5233.33,3,1.10792e-05,0.000122782
RP4-714D9.5,1871.33,3362.33,5233.67,3,1.26839e-05,0.000161969
GZMB,2117.67,3116.33,5234.00,3,8.73409e-06,0.000135393
IGLC1,2767.67,2467.67,5235.33,2,0.000349689,0.000374566
MNDA,3122.33,2113.00,5235.33,3,2.96211e-06,0.000128951
GPR110,1669.00,3566.67,5235.67,2,0.0640739,9.99477e-05
FDCSP,2144.00,3091.67,5235.67,3,7.71994e-06,0.000133141
IL2RG,3202.00,2035.00,5237.00,2,1.35255e-05,0.000173022
PTPN20B,2767.33,2469.67,5237.00,3,4.39747e-06,0.000128136
CXCL2,2644.67,2595.67,5240.33,2,2.83532e-05,0.000332109
ANP32E,2214.67,3026.67,5241.33,3,1.13559e-05,0.000133586
HNRNPDL,2831.33,2410.00,5241.33,2,5.94242e-06,0.000152574
SPRY1,2293.33,2950.33,5243.67,3,8.55995e-06,0.000125401
ERLEC1,2589.33,2654.33,5243.67,2,6.61815e-06,0.000147674
ZNF662,2637.00,2608.00,5245.00,2,1.34096e-05,0.000100071
ASB9,1483.33,3762.67,5246.00,3,1.11751e-05,0.00011683
CXCL16,1529.00,3718.00,5247.00,3,7.94444e-06,0.000128293
SOCS2,1580.67,3667.00,5247.67,3,1.49927e-05,0.000119259
FGB,2598.00,2654.00,5252.00,3,5.79671e-06,0.000107594
BEND5,2162.67,3089.33,5252.00,2,2.2174e-05,0.000100068
FES,2737.67,2516.33,5254.00,2,8.50914e-06,0.000221938
DKK1,1958.33,3295.67,5254.00,3,1.20866e-05,0.000115844
DNALI1,2737.00,2520.00,5257.00,3,5.59239e-06,0.000120568
P2RY14,1919.33,3338.00,5257.33,3,8.77876e-06,0.000137391
HLA-DPA1,2856.33,2402.00,5258.33,2,6.45468e-06,0.000157469
TCEAL3,3114.00,2145.00,5259.00,3,4.57983e-06,0.00013091
IVNS1ABP,2834.33,2424.67,5259.00,2,6.28267e-06,0.000182333
GRB14,2123.00,3136.33,5259.33,3,1.07943e-05,0.00011328
AGT,3698.00,1563.67,5261.67,3,1.92792e-06,0.000125182
KIF1B,2587.33,2675.33,5262.67,2,6.73894e-06,0.000136582
CLCA2,2401.00,2862.33,5263.33,3,9.12133e-06,0.000125318
C5orf34,2629.67,2638.00,5267.67,2,6.38067e-06,0.000158433
LOC100506990,2369.33,2905.00,5274.33,2,1.60499e-05,0.000100062
CCM2L,2274.33,3000.33,5274.67,2,1.00756e-05,0.000216175
NFIL3,1948.33,3329.00,5277.33,3,8.46724e-06,0.00011041
BANK1,2047.67,3230.33,5278.00,3,6.1517e-06,0.00012324
RRAGB,1536.00,3742.33,5278.33,3,1.25978e-05,0.000120917
SUZ12P,2380.33,2899.33,5279.67,2,8.44089e-06,0.000130095
CYP4F12,3333.00,1947.67,5280.67,2,6.61962e-06,0.000225005
HNRNPD,2934.33,2347.33,5281.67,2,6.31995e-06,0.000158475
CMAHP,2672.33,2611.67,5284.00,2,6.62289e-06,0.000139592
GAS6,2100.00,3184.00,5284.00,2,2.1025e-05,0.000100005
TMEM200A,2305.00,2979.67,5284.67,3,6.25089e-06,0.000130995
POGK,1887.67,3397.00,5284.67,2,1.45862e-05,0.000115088
PGM1,2699.00,2586.67,5285.67,2,1.11168e-05,0.000100116
JAK2,2395.00,2891.00,5286.00,2,9.40115e-06,0.000134262
FGFR4,3254.00,2032.33,5286.33,2,6.2732e-06,0.000181879
SEPT7,1978.00,3308.67,5286.67,2,1.55132e-05,0.000118017
NUP155,2651.33,2637.00,5288.33,2,2.02291e-05,0.000100099
AOX1,1263.67,4025.00,5288.67,3,1.07233e-05,0.000108322
MED29,2923.33,2365.33,5288.67,2,5.32403e-06,0.0001593
LOC100507311,2338.67,2950.67,5289.33,2,2.63057e-05,0.000100354
ZNF160,2331.33,2958.00,5289.33,2,8.26323e-06,0.000132503
RNF14,2287.00,3002.67,5289.67,2,8.61885e-06,0.000132547
CENPM,2692.33,2600.00,5292.33,2,7.75177e-06,0.000161504
CEACAM1,3246.00,2046.67,5292.67,2,2.82488e-05,0.00503493
CST7,1773.33,3519.33,5292.67,3,7.66054e-06,0.000121805
SIDT1,3171.67,2122.67,5294.33,3,4.09718e-06,0.00270798
UPP1,2616.00,2678.33,5294.33,3,1.38723e-05,0.000142048
CILP,2425.00,2870.33,5295.33,3,6.99408e-06,0.000123178
ENPP4,1678.00,3617.67,5295.67,3,1.02091e-05,0.000127968
FCN1,1364.67,3931.33,5296.00,3,1.1217e-05,0.00012758
IGKV1OR2-108,3062.33,2235.67,5298.00,3,4.31071e-06,0.000125351
LRRC59,3211.33,2086.67,5298.00,2,1.46642e-05,0.000192829
MAP4K5,2917.67,2381.00,5298.67,2,5.88226e-06,0.000163616
GBAS,3275.67,2023.67,5299.33,2,4.09901e-06,0.000207558
CTA-384D8.35,2306.67,2992.67,5299.33,3,6.28386e-06,0.000116547
RP11-469M7.1,1392.67,3907.00,5299.67,3,1.657e-05,0.000125971
FLRT3,2036.00,3264.67,5300.67,3,9.14039e-06,0.000118913
PTPRK,2740.00,2562.33,5302.33,2,6.00654e-06,0.000254836
GLB1L2,2269.33,3033.33,5302.67,2,1.39196e-05,0.000202172
SOCS4,2654.33,2650.33,5304.67,2,1.0601e-05,0.000136223
SYNM,3035.67,2270.33,5306.00,3,0.000115856,0.000111907
TCF4,3213.67,2095.33,5309.00,2,4.25672e-06,0.000421048
NDP,2084.33,3226.33,5310.67,3,6.07027e-06,0.00011309
ARL9,3014.67,2296.33,5311.00,2,5.59322e-06,0.000213598
STC2,3348.00,1964.33,5312.33,2,2.427e-05,0.000243229
MYLIP,2537.33,2777.00,5314.33,2,8.67773e-06,0.000136738
EFEMP2,2719.00,2596.00,5315.00,2,5.95445e-06,0.00016463
GINS1,3274.00,2043.00,5317.00,2,1.66448e-05,0.000176225
MEF2C,2610.67,2706.33,5317.00,2,7.0875e-06,0.00013537
CYLD,2814.67,2502.67,5317.33,2,5.51113e-06,0.000154519
TMOD2,2417.67,2900.00,5317.67,2,7.61673e-06,0.000131048
LMCD1,2985.33,2332.33,5317.67,2,9.69679e-06,0.000100118
C12orf5,1326.00,3992.33,5318.33,3,1.03926e-05,0.000117403
TMEM178A,1056.67,4263.00,5319.67,3,1.15109e-05,0.000118115
FAM228B,2673.33,2646.67,5320.00,2,2.66e-05,0.000101443
CTPS1,2306.33,3014.33,5320.67,3,6.34687e-06,0.000131623
PLCB4,2334.00,2990.00,5324.00,3,1.03561e-05,0.000122531
SMS,2342.00,2982.33,5324.33,2,8.16667e-06,0.000141746
EPS15,2857.67,2469.33,5327.00,2,6.11899e-06,0.000147435
MLF1,2661.67,2668.33,5330.00,3,4.41956e-06,0.000118515
AQP5,2765.33,2565.33,5330.67,3,4.05587e-06,0.000121594
EREG,1881.67,3450.67,5332.33,3,9.912e-06,0.000117386
RP11-532F12.5,3281.33,2051.00,5332.33,2,5.45627e-06,0.000181228
IAH1,2871.00,2462.00,5333.00,2,8.19714e-06,0.000141753
MT2A,3058.67,2275.00,5333.67,2,5.21237e-06,0.000150736
MMP28,2992.00,2344.00,5336.00,2,9.34663e-06,0.000100099
TUBG2,2855.67,2480.67,5336.33,2,6.47204e-06,0.000184511
DFNA5,1818.00,3519.00,5337.00,3,5.51981e-05,0.000114588
OSR1,1999.00,3338.67,5337.67,2,2.33489e-05,0.000100001
RARRES2,2893.67,2444.00,5337.67,2,6.18521e-06,0.000146939
SLC16A2,2282.67,3055.33,5338.00,3,8.13106e-06,0.000119864
RNF144B,2833.67,2504.67,5338.33,2,6.27981e-06,0.000151121
NR4A3,2448.33,2890.00,5338.33,2,1.38526e-05,0.000100056
HLA-DPB1,2307.00,3033.33,5340.33,2,9.50427e-06,0.000140072
SHCBP1,2593.33,2748.00,5341.33,2,1.59184e-05,0.000137818
RNF125,1327.33,4015.00,5342.33,3,1.04407e-05,0.000110367
SEC61B,3191.00,2153.33,5344.33,2,2.32679e-05,0.000155766
PCYOX1,2973.33,2371.33,5344.67,2,1.06744e-05,0.000100275
DCP2,3147.00,2198.00,5345.00,2,5.63023e-06,0.00016278
ALG5,3075.33,2270.67,5346.00,2,1.28162e-05,0.000154992
CEACAM6,2762.67,2583.67,5346.33,3,4.72667e-06,0.000130849
RP11-212P7.2,3136.33,2213.00,5349.33,2,6.53413e-06,0.000175738
SNRNP200,2819.67,2530.00,5349.67,2,5.59976e-06,0.000143788
CTSL,3017.00,2332.67,5349.67,3,3.21173e-06,0.000131893
NKTR,2365.33,2985.00,5350.33,2,8.06912e-06,0.000128501
SYT1,3364.33,1987.00,5351.33,3,2.64364e-06,0.000142088
NCAPG,2844.33,2507.67,5352.00,2,1.21015e-05,0.000143617
NFKBIZ,2176.67,3177.33,5354.00,3,5.54855e-06,0.00011624
SMA4,2621.33,2732.67,5354.00,2,7.62458e-06,0.000138821
HOXA7,3281.33,2072.67,5354.00,2,4.38373e-06,0.000348362
FABP3,1556.33,3801.33,5357.67,3,9.8684e-06,0.000117047
AIG1,3087.67,2270.67,5358.33,2,6.77717e-06,0.000157685
HIST1H2AC,3126.00,2233.33,5359.33,2,5.55764e-06,0.000186593
LUC7L3,2880.00,2480.00,5360.00,2,5.23569e-06,0.00016418
CHI3L1,2010.00,3351.67,5361.67,3,8.85777e-06,0.000132071
LOC100506558,2626.67,2736.00,5362.67,2,1.49205e-05,0.000136646
ENKD1,2294.67,3068.33,5363.00,2,2.10786e-05,0.00010004
BTG1,2997.00,2366.00,5363.00,2,1.81517e-05,0.00014519
MIR143HG,2000.67,3363.33,5364.00,2,2.08998e-05,0.000122098
FAM174A,1569.33,3799.33,5368.67,3,8.59038e-06,0.00011685
ASPN,3140.67,2232.33,5373.00,3,1.6247e-05,0.000135801
FUT8,2549.33,2824.00,5373.33,2,7.01822e-06,0.000147856
ZNF655,3078.33,2296.00,5374.33,2,4.53763e-06,0.000158809
TYMP,2726.33,2649.00,5375.33,2,1.1477e-05,0.000175695
FAM126A,2975.33,2400.33,5375.67,2,1.51935e-05,0.00010025
MMP11,3303.67,2072.33,5376.00,2,3.35644e-05,0.00016563
ADAM1A,2150.33,3228.00,5378.33,3,8.9688e-06,0.00012881
LRG1,3026.33,2352.00,5378.33,3,3.12854e-06,0.000165695
FBXL7,1626.67,3752.67,5379.33,3,1.23093e-05,0.000115323
NRIP1,2385.00,2994.33,5379.33,2,9.13536e-06,0.000131537
C3orf17,2986.33,2393.67,5380.00,2,1.08845e-05,0.000145629
SGCG,2285.00,3098.67,5383.67,2,2.18001e-05,0.000101467
GTF2H1,3260.67,2123.33,5384.00,2,4.63546e-06,0.0002065
TSPAN5,2161.33,3223.67,5385.00,3,7.74174e-06,0.000115036
GPRASP1,2708.00,2679.00,5387.00,3,7.7775e-06,0.000122378
ALCAM,2854.67,2532.67,5387.33,3,3.45308e-06,0.000116411
SFT2D2,2752.67,2636.67,5389.33,2,1.0598e-05,0.000100087
RRM2,3032.00,2357.67,5389.67,2,8.00425e-06,0.00015716
PTPLA,2642.33,2748.00,5390.33,3,5.05965e-06,0.000121785
HLA-DMA,3541.67,1850.33,5392.00,3,3.96192e-06,0.000140653
ZNF566,3109.67,2283.00,5392.67,2,7.08774e-06,0.000164649
HPRT1,2939.00,2454.33,5393.33,2,1.58577e-05,0.000157987
SPIB,2977.33,2420.00,5397.33,2,9.24245e-06,0.000162775
GZMA,3203.67,2195.33,5399.00,3,5.95255e-06,0.000130887
SMCHD1,3123.00,2279.33,5402.33,2,5.03457e-06,0.000159022
PLAC8,2101.67,3302.00,5403.67,3,2.74922e-05,0.000117747
LGALS2,2602.33,2802.33,5404.67,3,1.6642e-05,0.000125126
MYCT1,2181.67,3223.67,5405.33,2,1.83664e-05,0.000100272
AK055910,2880.67,2525.00,5405.67,2,5.91044e-06,0.000163119
KIAA1377,2243.00,3163.33,5406.33,2,2.35685e-05,0.000100313
YOD1,2255.00,3152.00,5407.00,2,8.95208e-06,0.000124191
ITGA7,3035.33,2373.33,5408.67,2,6.75175e-06,0.000208903
C11orf52,2966.33,2443.33,5409.67,3,6.06658e-06,0.000121516
IL6ST,2612.33,2797.67,5410.00,2,6.88348e-06,0.000142632
ZMYM1,3136.33,2274.67,5411.00,2,4.50635e-06,0.000235632
ALPK3,1743.33,3670.00,5413.33,3,7.44976e-06,0.000128257
SYNC,1601.33,3812.00,5413.33,3,7.5212e-06,0.000120816
NEK5,911.67,4504.67,5416.33,3,1.17115e-05,0.000108231
MPEG1,1854.33,3563.00,5417.33,3,6.67775e-06,0.000110215
FOSB,2058.00,3360.00,5418.00,3,9.27659e-06,0.000118175
GPAT2,2838.67,2579.33,5418.00,3,6.86261e-06,0.000116805
BDH2,2625.33,2793.33,5418.67,2,9.04991e-06,0.000132412
RBPJ,3457.33,1962.33,5419.67,2,5.96558e-06,0.000177307
MELK,3313.33,2107.67,5421.00,2,7.21354e-06,0.000166246
SRSF11,3347.33,2074.00,5421.33,2,6.33214e-06,0.000232446
ACSS3,2146.00,3277.67,5423.67,3,1.38219e-05,0.000121371
B3GALT5,2907.67,2516.33,5424.00,2,7.48523e-06,0.000146755
CTSS,2899.00,2525.33,5424.33,2,1.12431e-05,0.000100075
FAM83D,2525.00,2899.33,5424.33,2,7.58198e-06,0.000147546
ECM2,3003.67,2421.00,5424.67,2,2.61274e-05,0.000101428
OSCP1,1294.67,4130.00,5424.67,3,9.19491e-06,0.000112984
CDC6,3113.33,2313.33,5426.67,2,7.24153e-06,0.000153473
RHOQ,2602.00,2825.33,5427.33,2,6.61529e-06,0.000142339
RAB18,2336.33,3091.33,5427.67,2,9.13195e-06,0.000124086
MED1,2762.33,2666.67,5429.00,2,6.99413e-06,0.000140651
MBD4,2982.00,2449.00,5431.00,2,4.88754e-06,0.000166171
CLGN,3034.00,2398.00,5432.00,3,5.08673e-06,0.000128137
LOC102724517,1824.67,3607.67,5432.33,3,1.01717e-05,0.000136153
RNF43,2691.00,2741.33,5432.33,2,4.66339e-05,0.00373793
DOCK4,2329.00,3104.00,5433.00,2,1.03415e-05,0.000124413
FBXL20,2319.00,3114.33,5433.33,2,8.47749e-06,0.000134339
RIMS3,3006.67,2430.67,5437.33,2,5.29537e-06,0.000153306
LINC00663,2398.67,3039.67,5438.33,2,7.89199e-06,0.000126923
BCL6,2654.67,2784.00,5438.67,2,6.27495e-06,0.000138683
IVL,3064.33,2374.33,5438.67,2,1.25746e-05,0.000100153
POLB,2381.33,3059.00,5440.33,2,1.83062e-05,0.000124555
LOC283070,2243.33,3199.00,5442.33,3,6.7635e-06,0.000117787
RGL2,2905.67,2538.00,5443.67,2,5.20994e-06,0.000147303
RBM45,2034.67,3411.33,5446.00,2,1.12779e-05,0.000113079
N4BP2L2,3138.67,2310.00,5448.67,2,4.55776e-06,0.000187639
HPS5,2789.33,2660.00,5449.33,2,5.84184e-06,0.00014426
CLU,2741.00,2709.33,5450.33,2,1.21058e-05,0.000134512
STOM,2656.33,2794.67,5451.00,2,1.30645e-05,0.000131497
CDCA5,2642.33,2809.00,5451.33,2,9.95689e-06,0.000188598
BCAT1,2169.33,3282.33,5451.67,3,1.60132e-05,0.000111063
TMEM71,1906.67,3545.67,5452.33,3,9.03374e-06,0.000127642
TMEM150C,1474.33,3978.00,5452.33,3,8.65999e-06,0.000109314
AL928768.3,2226.67,3228.33,5455.00,3,1.13682e-05,0.00011182
LRRC15,2972.33,2483.33,5455.67,2,1.38418e-05,0.000144007
CYP2B7P,1943.33,3512.33,5455.67,3,7.02496e-06,0.000128089
IRS2,2178.00,3278.00,5456.00,2,1.4657e-05,0.000123475
CASP1,2519.67,2936.67,5456.33,3,7.36496e-06,0.000136325
SLC7A7,1459.33,4001.00,5460.33,3,9.82665e-06,0.000127244
DLGAP5,2854.33,2608.00,5462.33,2,8.71429e-06,0.000144664
FOXN2,2216.67,3246.67,5463.33,2,1.1797e-05,0.00011834
FGD6,2785.33,2678.00,5463.33,2,1.34512e-05,0.000100079
EGFL7,2703.00,2761.67,5464.67,2,1.09906e-05,0.000143191
PMP22,2615.33,2852.67,5468.00,2,1.00182e-05,0.000130666
PCSK1,3863.00,1609.00,5472.00,3,3.56719e-06,0.000142986
NPB,3000.00,2474.00,5474.00,2,7.90396e-06,0.000146037
SESN1,1826.00,3649.00,5475.00,3,1.25522e-05,0.00013145
THBS4,2806.67,2671.00,5477.67,3,3.82113e-06,0.000116321
SLC16A5,2398.33,3080.00,5478.33,2,1.49199e-05,0.000100022
CDCA3,2317.33,3161.33,5478.67,2,1.51511e-05,0.000128568
LOC102724387,3111.33,2367.67,5479.00,2,4.97188e-06,0.000145449
DPY19L3,3240.33,2239.00,5479.33,2,4.19704e-06,0.000164935
STARD4,1591.33,3888.33,5479.67,3,1.02631e-05,0.000114303
FOS,2220.67,3261.33,5482.00,3,5.95335e-06,0.000129131
MAN2A1,2625.00,2857.67,5482.67,2,1.1914e-05,0.000100064
RBM43,2926.33,2556.67,5483.00,2,1.03748e-05,0.000100099
SERPINB2,1982.33,3501.00,5483.33,3,8.14303e-06,0.000119289
C5AR1,2028.00,3455.67,5483.67,2,1.14302e-05,0.000151564
CH25H,1572.00,3912.33,5484.33,3,1.07245e-05,0.000122994
LOC100996760,3012.33,2473.00,5485.33,2,1.61838e-05,0.000100628
RIMKLB,3121.33,2366.67,5488.00,2,1.47765e-05,0.000102212
FKBP3,3297.67,2191.33,5489.00,2,1.36554e-05,0.000164086
DOCK7,2214.67,3275.33,5490.00,2,1.19873e-05,0.000122259
GPC4,2420.33,3069.67,5490.00,3,4.60835e-06,0.000111881
BLM,2626.67,2864.00,5490.67,2,6.45888e-06,0.000147451
ZNF721,3347.00,2144.67,5491.67,2,3.67257e-06,0.000327619
LOC100505874,2305.67,3189.33,5495.00,2,1.29544e-05,0.000160757
WDR47,2635.00,2860.00,5495.00,2,7.3078e-06,0.000133268
TSNAX,3374.67,2120.33,5495.00,2,3.65567e-06,0.000203181
RCAN2,1547.33,3948.67,5496.00,3,1.62196e-05,0.000115918
SLC1A3,2881.67,2615.67,5497.33,2,7.71056e-06,0.000187004
ZNF569,2199.33,3298.33,5497.67,2,9.40447e-06,0.000123166
TMCC3,2529.33,2969.67,5499.00,3,1.45124e-05,0.0001188
ARHGAP25,2825.67,2674.67,5500.33,2,1.81534e-05,0.000100226
SLAMF7,2208.00,3292.67,5500.67,3,6.62838e-06,0.000115325
LIFR,2982.67,2519.67,5502.33,2,2.49328e-05,0.000100734
CLDN10,1855.67,3647.00,5502.67,3,1.10599e-05,0.000113894
TNFSF4,2213.67,3292.33,5506.00,3,8.3869e-06,0.000107042
TIMP4,3467.00,2041.33,5508.33,2,3.76707e-06,0.000225612
SNX10,2877.00,2631.67,5508.67,2,5.26511e-06,0.000182933
RP11-506O24.2,2733.67,2778.00,5511.67,2,1.61874e-05,0.000132015
ABCA6,2429.00,3084.33,5513.33,2,1.69659e-05,0.00010002
HMGN5,3819.33,1697.00,5516.33,2,4.28184e-06,0.000328438
CFI,2607.33,2909.33,5516.67,3,4.30765e-06,0.000112804
SCARNA15,3540.67,1979.00,5519.67,2,3.76569e-06,0.000209451
APOLD1,3013.00,2508.00,5521.00,2,2.02787e-05,0.00010007
ZNF506,2921.00,2600.33,5521.33,2,8.89038e-06,0.000157451
GIMAP1,2738.00,2783.67,5521.67,2,1.66487e-05,0.000102971
TMEM99,2531.00,2991.00,5522.00,3,1.26591e-05,0.000115747
CENPA,3066.33,2456.67,5523.00,2,8.06494e-06,0.000164761
FAM92A1,3026.33,2497.00,5523.33,2,4.71235e-06,0.000200613
STK39,2713.00,2812.00,5525.00,3,4.40564e-06,0.000119591
KIF2C,2971.67,2554.00,5525.67,2,7.15248e-06,0.000142268
LTBR,3223.33,2302.33,5525.67,2,4.71475e-06,0.000181584
PARP12,1795.67,3730.33,5526.00,3,7.12593e-06,0.000109877
RCN2,2530.33,2996.00,5526.33,2,7.27282e-06,0.000132615
FUT2,2850.33,2676.00,5526.33,2,9.82244e-06,0.00021455
YBX3,3240.00,2287.67,5527.67,2,1.14612e-05,0.000171867
RBM20,1769.00,3759.00,5528.00,3,1.11959e-05,0.000111044
TMEM54,2742.00,2786.33,5528.33,2,2.0254e-05,0.000151818
TUBB2B,3501.33,2027.00,5528.33,3,2.39116e-06,0.000128609
GLCE,1909.67,3619.00,5528.67,3,7.08868e-06,0.000128972
VEGFC,2122.67,3406.33,5529.00,3,8.95172e-06,0.00013257
SLC22A4,2133.00,3397.00,5530.00,3,9.70814e-06,0.000121401
KMT2C,3241.00,2289.33,5530.33,2,5.23226e-06,0.000153528
NEK2,2696.00,2834.67,5530.67,2,1.20069e-05,0.000135322
TP63,2755.67,2776.00,5531.67,2,1.15968e-05,0.000221619
CTNNAL1,2408.33,3123.67,5532.00,2,2.10014e-05,0.000100192
SLC16A10,1966.67,3566.00,5532.67,3,1.02366e-05,0.000124674
MAGEA10-MAGEA5,3330.00,2203.67,5533.67,2,2.89645e-06,0.000263133
AGTPBP1,2556.33,2977.67,5534.00,2,7.07286e-06,0.000134905
HDGFRP3,3066.33,2469.33,5535.67,2,5.63245e-06,0.000177954
EHHADH,1920.33,3616.33,5536.67,3,1.14609e-05,0.000128452
TLCD2,2399.33,3138.00,5537.33,2,1.56525e-05,0.000100074
CHAC2,2160.00,3377.67,5537.67,3,9.56639e-06,0.000124798
CCR5,3320.67,2217.00,5537.67,3,3.45414e-06,0.000176391
ADI1,2496.33,3042.33,5538.67,2,7.91747e-06,0.000129004
ATXN7,2172.33,3367.33,5539.67,2,1.11811e-05,0.000118512
GSDMC,4152.67,1387.00,5539.67,3,1.75364e-06,0.000154949
ALDH5A1,3043.33,2496.33,5539.67,2,5.41227e-06,0.000215947
RRAGC,3397.67,2142.33,5540.00,2,9.09775e-06,0.000158699
RP11-517B11.7,2573.00,2968.67,5541.67,2,1.23317e-05,0.000100113
SLC12A6,2475.00,3067.67,5542.67,2,7.2773e-06,0.000125187
SERPINF1,3144.00,2401.00,5545.00,2,4.67279e-06,0.000159565
FCGBP,3473.67,2071.67,5545.33,3,4.40232e-06,0.000128115
CCNA2,3381.00,2164.67,5545.67,2,6.97761e-06,0.000158291
C9orf72,2125.00,3421.33,5546.33,2,1.03523e-05,0.000111235
CLEC11A,2865.67,2681.00,5546.67,2,5.92616e-06,0.00014896
IGKV1-17,3119.67,2428.33,5548.00,3,6.39886e-06,0.000117023
LOC100506639,2863.00,2686.00,5549.00,2,5.55172e-06,0.000148522
LAMP5,2222.67,3326.33,5549.00,3,6.14602e-06,0.000123263
LOC283588,2409.33,3140.33,5549.67,2,1.4637e-05,0.00010002
GPR146,2032.67,3520.33,5553.00,2,2.25816e-05,9.99653e-05
ITGA1,2963.33,2593.67,5557.00,2,1.35847e-05,0.00010006
GOLGA6L4,2868.00,2689.33,5557.33,2,6.02969e-06,0.000138868
ZC3H12D,2521.67,3036.67,5558.33,3,8.61906e-06,0.000110497
EIF5B,2951.00,2607.33,5558.33,2,5.58132e-06,0.000144423
PPAP2A,2373.33,3186.00,5559.33,2,1.65538e-05,0.000100059
SDHD,2727.33,2833.33,5560.67,2,1.94904e-05,0.000132005
PHF14,2897.00,2664.00,5561.00,2,1.4488e-05,0.000135745
WWP1,3053.67,2508.00,5561.67,2,6.39356e-06,0.000149341
SPON1,1523.67,4038.33,5562.00,3,1.13871e-05,0.000110957
ARHGAP24,2163.00,3400.67,5563.67,2,9.78216e-06,0.000116308
BC022047,2886.33,2677.67,5564.00,2,2.00016e-05,0.000100118
TESC,3461.33,2103.33,5564.67,2,5.72915e-06,0.000189424
SNORD50A,2519.00,3048.33,5567.33,2,7.07454e-06,0.000127769
CCL11,4037.33,1531.33,5568.67,3,1.64512e-06,0.000132948
NMT2,2579.00,2990.00,5569.00,2,1.91565e-05,0.00010003
ZNF790-AS1,2849.67,2719.67,5569.33,2,9.20351e-06,0.000136072
C8orf59,2870.67,2698.67,5569.33,2,8.07444e-06,0.0001345
CWH43,3171.00,2398.33,5569.33,2,1.29122e-05,0.000153046
AK090844,3315.67,2254.67,5570.33,3,2.73695e-06,0.00015755
TTK,3480.33,2093.00,5573.33,2,9.99175e-06,0.000238696
KIAA1244,2856.67,2718.00,5574.67,3,4.61213e-06,0.00011963
ECHDC3,3039.00,2536.33,5575.33,2,6.02975e-06,0.000146792
TCRDV2,2206.33,3369.67,5576.00,3,6.03669e-06,0.000121572
HHEX,954.67,4621.67,5576.33,3,1.34875e-05,0.000107324
CTC-429P9.3,2356.00,3221.33,5577.33,2,2.1787e-05,0.000100025
WDR26,3537.00,2042.33,5579.33,2,4.97583e-06,0.000306938
DRAM1,2638.67,2940.67,5579.33,3,4.66622e-06,0.000117088
CYR61,2855.00,2724.33,5579.33,2,5.46529e-06,0.000147915
NUP153,2847.67,2732.00,5579.67,2,6.26958e-06,0.000140829
PRR15,2341.67,3238.00,5579.67,3,1.0096e-05,0.000131284
DZIP1,3219.33,2361.00,5580.33,2,1.19364e-05,0.000100245
MMGT1,3284.67,2296.00,5580.67,2,9.7527e-06,0.000100239
AK026714,2386.00,3195.00,5581.00,2,7.9538e-06,0.000122605
PSMD6,2597.00,2984.67,5581.67,2,1.18314e-05,0.000125929
LMBRD2,2217.00,3366.67,5583.67,2,1.63e-05,0.000108371
IL13RA1,2258.33,3329.33,5587.67,2,1.66281e-05,0.000100011
STEAP2,1450.67,4137.67,5588.33,3,9.20806e-06,0.000115697
SFRP4,3151.67,2438.33,5590.00,3,7.26738e-06,0.000117792
ARID4B,2559.00,3031.00,5590.00,2,7.14034e-06,0.000129557
STXBP4,3287.67,2303.33,5591.00,2,4.99114e-06,0.000153804
TBCEL,2456.33,3135.00,5591.33,2,7.40187e-06,0.000124884
TRIM22,3146.33,2445.00,5591.33,2,4.60147e-06,0.000189414
GULP1,2883.67,2708.00,5591.67,2,5.22828e-06,0.00015741
NCL,3483.67,2108.67,5592.33,2,4.44399e-06,0.000176476
ZNF271,3150.00,2442.67,5592.67,2,9.47031e-06,0.000144188
LBH,2105.33,3488.33,5593.67,3,5.90769e-06,0.000116488
CECR1,2885.67,2708.33,5594.00,3,5.73452e-06,0.000114547
CRIM1,2719.00,2875.67,5594.67,2,6.50637e-06,0.000147728
OTUD6B,3017.33,2578.00,5595.33,2,5.33399e-06,0.000145477
GNL2,3005.00,2592.00,5597.00,2,7.18467e-06,0.000196469
BAG2,2580.67,3016.67,5597.33,3,4.32626e-06,0.000129606
BNIP2,3162.00,2436.67,5598.67,2,6.91233e-06,0.000192371
ZNF667,2807.67,2791.33,5599.00,2,6.11967e-06,0.000135159
IFI30,2291.67,3307.33,5599.00,2,9.12393e-06,0.000136726
CXCL5,1549.33,4051.67,5601.00,3,9.77038e-06,0.000119555
RNASE4,2928.33,2674.33,5602.67,2,5.44598e-06,0.000148831
XAF1,2678.00,2926.00,5604.00,2,6.17321e-06,0.00016003
FAM107A,2880.33,2724.00,5604.33,3,5.56586e-06,0.000135132
SMIM22,3264.33,2340.67,5605.00,2,1.82418e-05,0.000176463
SLC25A43,2217.67,3387.33,5605.00,2,9.49023e-06,0.000165927
CHRM3,2930.00,2676.33,5606.33,2,4.71521e-06,0.000139361
PLEK,2734.67,2872.00,5606.67,3,5.16772e-06,0.000129172
ENPP3,2281.67,3325.67,5607.33,3,1.66493e-05,0.000131328
TIE1,3189.00,2419.33,5608.33,2,1.35102e-05,0.000155889
P4HA1,3116.33,2492.33,5608.67,2,7.10294e-06,0.000142601
NID2,2324.00,3285.00,5609.00,2,8.30635e-06,0.00013795
CCDC68,2783.67,2826.00,5609.67,3,1.80805e-05,0.000203725
POF1B,2861.67,2749.33,5611.00,2,2.06645e-05,0.000134872
IL7,1666.00,3946.67,5612.67,3,1.02131e-05,0.000115346
PTGER2,1192.67,4420.00,5612.67,3,1.5079e-05,0.00011649
ASPM,3343.67,2269.33,5613.00,2,1.17481e-05,0.000100109
AQP7,3149.00,2464.00,5613.00,2,8.184e-06,0.000200749
CGN,2834.00,2780.00,5614.00,3,8.98329e-06,0.00014015
LAMP3,1167.33,4447.33,5614.67,3,1.00705e-05,0.000115389
SGMS1,2929.00,2686.00,5615.00,3,3.2772e-06,0.000108185
LINC00277,3216.67,2398.67,5615.33,2,7.03775e-06,0.000154965
TTC18,2890.00,2725.33,5615.33,2,1.64461e-05,0.00010013
HOXA3,2969.00,2647.00,5616.00,2,1.52077e-05,0.000183168
C16orf59,2481.33,3137.33,5618.67,2,1.36905e-05,0.000146233
EGF,2743.67,2875.33,5619.00,3,5.92306e-06,0.000119493
SEC11C,3344.00,2276.00,5620.00,2,7.37422e-06,0.000155662
SALL4,3116.67,2504.67,5621.33,2,0.000196341,0.000327731
AX747132,2637.00,2985.33,5622.33,2,1.53573e-05,0.00010006
PCDH9,2084.33,3538.33,5622.67,2,2.17422e-05,9.99872e-05
GRB7,3248.33,2375.33,5623.67,2,6.79534e-06,0.000152199
LRIF1,3118.00,2507.00,5625.00,2,4.61096e-06,0.000402825
LPCAT1,3141.67,2485.00,5626.67,3,2.7582e-06,0.000127266
SEPT11,2847.33,2779.67,5627.00,2,1.51083e-05,0.00010004
PPAT,3313.00,2314.67,5627.67,2,1.42706e-05,0.000160721
COPG2IT1,2159.67,3468.67,5628.33,2,1.13401e-05,0.000112982
WIPF1,2978.33,2651.33,5629.67,2,4.89714e-06,0.000140183
CORO1A,2222.33,3407.33,5629.67,2,1.05196e-05,0.000134036
CTTNBP2,3045.67,2585.00,5630.67,2,4.96588e-06,0.000181022
DNAJC6,2090.33,3540.33,5630.67,3,6.63126e-06,0.000115867
ABLIM3,3415.67,2215.33,5631.00,2,1.31254e-05,0.000166139
WDR7,3156.00,2475.33,5631.33,2,6.67767e-06,0.000200692
RGCC,2118.67,3513.00,5631.67,2,1.04356e-05,0.000109404
APOBEC3A,2473.33,3158.67,5632.00,3,8.9658e-06,0.000114925
NLRC3,2442.33,3191.33,5633.67,3,5.19798e-06,0.000140639
CCL18,1693.33,3940.33,5633.67,3,1.32162e-05,0.00012627
ZNF718,3368.33,2266.67,5635.00,2,5.10278e-06,0.000199285
LOC158402,1751.00,3884.33,5635.33,3,1.2512e-05,0.000119327
RUFY3,3274.33,2363.00,5637.33,2,3.90129e-06,0.000177548
ARV1,3383.67,2254.67,5638.33,2,5.37493e-06,0.000163245
GPR137C,3093.67,2545.33,5639.00,2,8.67137e-06,0.000100106
FERMT1,3293.67,2346.00,5639.67,2,9.1854e-06,0.000150521
RP11-5C23.1,1159.67,4483.00,5642.67,3,1.07144e-05,0.000106343
MZB1,2966.33,2676.33,5642.67,3,5.82424e-06,0.000133704
PTTG1,3084.00,2559.00,5643.00,2,9.91475e-06,0.000145527
LIMS2,3437.67,2206.67,5644.33,2,1.67257e-05,0.000162772
CRYM,4027.00,1618.00,5645.00,3,1.52549e-06,0.000167451
INPP5A,3133.00,2512.33,5645.33,2,4.24015e-06,0.000171418
TMTC2,3430.67,2215.67,5646.33,2,2.82481e-06,0.000194266
LINC00998,3073.00,2574.00,5647.00,2,6.3923e-06,0.000185023
ACVR1C,3763.33,1884.67,5648.00,2,6.78691e-06,0.00034802
PLA2G16,2765.00,2883.33,5648.33,2,1.40209e-05,0.000129276
BBS10,3432.67,2217.67,5650.33,2,3.66557e-06,0.000180503
LINC00674,2634.67,3019.33,5654.00,2,9.40236e-06,0.000125689
CD3D,2548.67,3107.33,5656.00,2,8.94097e-06,0.000128975
FLRT2,2990.67,2665.67,5656.33,2,1.40209e-05,0.000100056
MAN1A1,2528.33,3128.00,5656.33,2,7.15454e-06,0.000127483
CELSR1,3132.67,2524.33,5657.00,2,3.43366e-05,0.000144667
LOC101060391,1730.67,3926.67,5657.33,3,1.4982e-05,0.000119665
ZNF184,3085.00,2572.33,5657.33,2,4.65796e-06,0.000143643
KRT15,2627.67,3030.00,5657.67,3,7.92456e-06,0.000163553
FAM13A,2752.33,2906.67,5659.00,2,1.17651e-05,0.000102049
JADE1,3122.33,2536.67,5659.00,2,3.12629e-05,0.000101104
HLA-DQB1,2732.67,2926.33,5659.00,2,5.94342e-06,0.000137902
PEX13,2638.00,3021.33,5659.33,2,1.41515e-05,0.000100058
TENC1,2629.00,3031.00,5660.00,2,1.24475e-05,0.000100018
PLEKHS1,3474.67,2187.00,5661.67,3,2.37981e-06,0.000124518
TBC1D10C,2067.33,3594.33,5661.67,3,8.89187e-06,0.000120979
SH3GL3,2918.00,2745.00,5663.00,2,8.17452e-06,0.000160521
CD247,2580.33,3084.00,5664.33,3,1.00081e-05,0.000129499
CRMP1,3398.00,2270.33,5668.33,2,2.78816e-06,0.000267981
CHL1,2948.00,2720.67,5668.67,2,9.07583e-06,0.000100046
NPNT,953.33,4715.33,5668.67,3,1.52358e-05,0.000110371
NFE2L3,3594.67,2074.33,5669.00,2,1.02242e-05,0.000180395
CELF2,2778.67,2892.00,5670.67,2,2.29492e-05,0.00010019
APBA1,3317.67,2353.33,5671.00,2,3.59092e-06,0.000167553
COCH,2709.67,2962.00,5671.67,2,6.29222e-06,0.000143123
LOC728392,2551.67,3120.67,5672.33,2,2.10413e-05,0.000100524
ELMSAN1,2941.33,2731.00,5672.33,2,8.25297e-06,0.000134802
MSR1,3129.00,2543.67,5672.67,2,8.35604e-06,0.000100141
PIM2,3470.67,2202.00,5672.67,2,4.05959e-06,0.000269336
AFF3,2150.00,3523.00,5673.00,2,1.26224e-05,0.000117943
PALD1,1417.33,4255.67,5673.00,3,1.17732e-05,0.000110646
RSPH1,2030.33,3646.00,5676.33,3,1.23963e-05,0.00012715
ZNF883,2747.00,2929.33,5676.33,3,3.92246e-06,0.000125873
SCIN,2585.67,3096.00,5681.67,3,1.633e-05,0.000119914
FRK,2887.00,2796.00,5683.00,2,9.89376e-06,0.000100051
ZNF493,2302.33,3381.00,5683.33,2,9.5947e-06,0.000120075
ENPP5,2255.67,3428.33,5684.00,3,8.22222e-06,0.000111708
SAMD11,3355.00,2329.00,5684.00,2,3.38927e-06,0.000179655
SLC6A6,3623.67,2061.67,5685.33,2,7.82703e-06,0.000210695
VNN1,3856.67,1828.67,5685.33,3,1.82252e-06,0.00013141
NDRG4,3365.33,2320.33,5685.67,2,2.78538e-06,0.000168511
RAB38,1925.00,3762.00,5687.00,3,8.17156e-06,0.000108036
NAMPT,2122.67,3564.67,5687.33,2,1.05709e-05,0.000161882
ABCC6,3299.00,2389.00,5688.00,2,7.53981e-06,0.000235815
CT83,3437.33,2251.00,5688.33,3,4.52743e-06,0.00012785
AGTR1,2548.67,3141.33,5690.00,3,1.00267e-05,0.000116541
SNX21,2326.00,3365.67,5691.67,2,2.44704e-05,0.0001
PRKX,2274.67,3418.00,5692.67,3,5.74911e-06,0.000119719
SLC38A5,3409.00,2284.00,5693.00,2,3.34968e-06,0.000242164
CDC42-IT1,2895.00,2798.00,5693.00,2,1.07458e-05,0.000136026
HPSE,2875.67,2817.67,5693.33,3,1.05585e-05,0.000136059
MALL,1972.33,3721.33,5693.67,3,1.28456e-05,0.00012104
PIK3R1,2686.67,3007.67,5694.33,2,7.38227e-06,0.000129414
KRT6B,3755.33,1939.33,5694.67,3,2.69254e-06,0.000119492
KIF20A,3269.67,2426.00,5695.67,2,1.06204e-05,0.000149391
FBXW7,2519.00,3176.67,5695.67,2,6.99307e-06,0.000137059
E2F8,2960.00,2737.33,5697.33,2,7.07358e-06,0.000137457
CCDC88B,3601.67,2096.67,5698.33,2,3.98078e-06,0.000234004
GLIPR2,1944.67,3755.67,5700.33,3,6.74577e-06,0.000110223
IRF1,1655.00,4045.33,5700.33,3,1.21446e-05,0.000113375
GOSR1,3280.00,2421.67,5701.67,2,3.99465e-06,0.000151408
DLC1,2372.33,3329.33,5701.67,2,8.37971e-06,0.00011898
FAM89A,1874.67,3827.00,5701.67,3,7.29341e-06,0.000129043
PARP8,3195.33,2507.33,5702.67,3,5.35617e-06,0.000132636
SCNN1G,2615.00,3088.33,5703.33,2,1.4828e-05,0.00010012
C17orf62,3412.67,2292.00,5704.67,2,3.9321e-06,0.000172737
ONECUT2,3480.67,2225.00,5705.67,2,5.20688e-06,0.000155493
CXorf21,2952.00,2757.67,5709.67,2,6.62954e-06,0.000149034
P2RY13,2381.67,3328.33,5710.00,3,1.14238e-05,0.000121675
MRVI1,2779.00,2931.33,5710.33,2,5.47307e-06,0.000155933
SAMHD1,3066.33,2647.00,5713.33,2,5.36652e-06,0.000155665
GPR143,2942.00,2771.33,5713.33,3,1.05283e-05,0.000113359
SPRR2B,3375.67,2338.00,5713.67,2,2.74265e-06,0.000218839
ZNF770,2558.00,3156.33,5714.33,2,1.62917e-05,0.000120825
LOC102724880,2986.67,2728.33,5715.00,2,4.47701e-06,0.00018516
CPEB2,2315.00,3400.00,5715.00,2,1.60549e-05,0.000113636
GALNT10,3550.00,2165.00,5715.00,2,1.02545e-05,0.000100144
ANLN,2673.33,3042.67,5716.00,2,1.17913e-05,0.000134333
PARM1,2500.67,3216.33,5717.00,3,1.52706e-05,0.00012886
TLR5,2438.00,3281.00,5719.00,2,7.56135e-06,0.000120331
KRT19,3596.33,2123.33,5719.67,2,3.52863e-06,0.000193247
HLA-DRB1,3538.00,2182.33,5720.33,3,6.71935e-06,0.000124108
SLC39A4,2838.00,2884.00,5722.00,2,8.22712e-06,0.000141852
AASDH,3104.33,2618.67,5723.00,2,1.61212e-05,0.000100062
ZNF785,3063.33,2660.33,5723.67,2,4.90129e-06,0.000150058
NXPH1,2943.33,2782.33,5725.67,2,6.29659e-06,0.000160877
CLDN22,3337.00,2390.67,5727.67,2,1.12261e-05,0.000101167
HPS3,2722.00,3005.67,5727.67,2,1.36014e-05,0.000100051
LOC100996740,2455.33,3272.33,5727.67,3,6.23659e-06,0.000133961
PHOSPHO2,3650.33,2078.33,5728.67,2,3.23295e-06,0.00022023
MRPS21,3008.67,2721.00,5729.67,2,4.87215e-06,0.000149821
GZMH,1339.00,4392.00,5731.00,3,1.10224e-05,0.00011268
OGT,2782.00,2949.00,5731.00,2,6.3627e-06,0.000158524
C1orf54,2966.67,2766.00,5732.67,2,5.11462e-06,0.000143195
MT1G,2788.67,2944.67,5733.33,2,7.4365e-06,0.000151809
WASF1,3010.33,2723.67,5734.00,3,3.46619e-06,0.000145343
HJURP,2764.33,2970.00,5734.33,2,1.25932e-05,0.000132488
CCT8,2927.67,2807.67,5735.33,2,1.08294e-05,0.000131024
PDE4D,2578.67,3157.33,5736.00,2,1.32677e-05,0.000100011
ZNF573,3139.33,2597.33,5736.67,2,1.60995e-05,0.00013735
LOC100129518,2808.67,2928.33,5737.00,3,6.13492e-06,0.000128929
HCAR3,1558.33,4179.33,5737.67,3,1.25338e-05,0.000121967
ZNF268,2419.33,3319.67,5739.00,2,8.82067e-06,0.000122069
BIRC5,3336.67,2402.67,5739.33,2,9.71444e-06,0.000148898
CLDN11,2595.67,3144.00,5739.67,2,1.08832e-05,0.000172371
FAM208A,2843.67,2896.33,5740.00,2,8.46997e-06,0.000129336
ZSCAN16,3305.33,2435.00,5740.33,2,3.83037e-06,0.000207033
SAA1,2023.00,3718.00,5741.00,2,2.26762e-05,0.000139932
CCNE1,3001.33,2740.33,5741.67,2,4.7126e-06,0.000153919
CRISP2,2708.00,3035.00,5743.00,2,1.53534e-05,0.000100278
IFNG,3167.33,2577.67,5745.00,3,3.52541e-06,0.000149519
PPP1R15A,3028.00,2717.33,5745.33,2,4.22405e-06,0.000161152
RNF217,1968.00,3777.67,5745.67,3,7.7424e-06,0.000123162
THRB,2965.00,2780.67,5745.67,2,1.91986e-05,0.000100336
HOXA5,1879.67,3870.00,5749.67,3,1.50227e-05,0.000114701
ATR,2714.33,3035.67,5750.00,2,6.18865e-06,0.000130242
CD163,2397.33,3355.33,5752.67,3,5.15503e-06,0.000115917
C7,1497.00,4256.33,5753.33,3,1.04215e-05,0.000110968
TPRG1,1669.67,4083.67,5753.33,3,1.18919e-05,0.000116594
LOC101929787,3366.00,2387.67,5753.67,2,1.1046e-05,0.000100194
HSD17B6,3018.67,2736.67,5755.33,3,3.56249e-06,0.00012512
PTPLAD2,2588.33,3167.00,5755.33,2,9.06166e-06,0.000121277
SLCO4A1,3448.33,2307.67,5756.00,2,4.17928e-06,0.000163695
IQGAP2,3269.00,2487.67,5756.67,2,9.48081e-06,0.000141394
EDN1,1651.33,4106.67,5758.00,3,1.49649e-05,0.000119748
IGDCC4,2556.00,3202.67,5758.67,3,4.62224e-06,0.000120572
CMTR2,3332.33,2427.67,5760.00,2,3.90591e-06,0.000182762
STYK1,3561.00,2200.67,5761.67,3,4.92347e-06,0.000164052
SAA2-SAA4,3527.33,2236.67,5764.00,2,2.23793e-06,0.000191689
DHRS11,3414.67,2350.00,5764.67,2,1.08737e-05,0.00015844
NATD1,2872.33,2894.67,5767.00,2,6.82612e-06,0.000134507
A2M,2671.00,3099.33,5770.33,2,1.89722e-05,0.000122849
CRYAB,2798.33,2972.33,5770.67,2,2.54753e-05,0.00023682
EMC2,2448.67,3322.67,5771.33,2,1.25945e-05,0.000143316
PPIL4,2870.67,2901.00,5771.67,2,5.46352e-06,0.000134697
LOC100505715,2601.67,3171.00,5772.67,2,6.64785e-06,0.000140641
STAT5A,2074.00,3699.00,5773.00,2,2.08414e-05,9.9912e-05
KIAA1324,2147.67,3627.67,5775.33,3,9.01732e-06,0.000124659
LOC100506098,2396.33,3379.00,5775.33,3,4.89719e-06,0.000110988
RPA3OS,3468.33,2307.67,5776.00,2,1.01136e-05,0.000100114
ABCA3,2396.33,3379.67,5776.00,2,1.67317e-05,0.000100038
ERG,2040.67,3736.33,5777.00,2,2.2041e-05,9.99041e-05
SLC7A2,3064.67,2712.67,5777.33,2,1.30456e-05,0.000151124
MBOAT1,3787.33,1990.33,5777.67,2,4.60349e-06,0.000178894
CPED1,2640.67,3137.67,5778.33,2,6.35263e-06,0.000143218
FCER1G,2725.00,3053.67,5778.67,2,8.04989e-06,0.00013484
IFT80,3477.33,2301.33,5778.67,2,6.61781e-06,0.000151724
SORCS2,1762.33,4017.33,5779.67,3,6.97778e-06,0.000112211
TRIP6,3292.00,2488.33,5780.33,2,5.67951e-06,0.000382549
PIM1,2540.33,3240.33,5780.67,2,1.32807e-05,0.000100382
SOD3,3318.33,2462.33,5780.67,2,3.27157e-05,0.000154603
MYPOP,3325.33,2457.67,5783.00,2,4.76521e-06,0.000186827
TRIP13,3333.00,2450.33,5783.33,2,5.20283e-06,0.000152645
SERTAD4,2729.33,3054.00,5783.33,2,6.64897e-06,0.000127856
NMRK1,2508.33,3277.33,5785.67,2,9.71282e-06,0.000116779
CBR4,3002.00,2784.67,5786.67,2,4.84922e-06,0.000163891
KGFLP2,2512.67,3276.33,5789.00,2,1.66706e-05,0.000100003
DOK5,3680.33,2108.67,5789.00,3,2.59975e-06,0.000139065
RPGR,2411.67,3378.00,5789.67,2,1.48406e-05,0.000100013
ERCC6L,3030.33,2760.33,5790.67,2,6.09024e-06,0.000141714
MUSTN1,1984.00,3807.33,5791.33,2,2.39023e-05,9.99524e-05
KLK10,2580.33,3215.67,5796.00,3,9.63329e-06,0.00012501
TFPI2,2037.00,3759.00,5796.00,3,6.1327e-06,0.000130737
DDX60L,2757.33,3039.33,5796.67,2,1.35117e-05,0.000124641
VPS13C,2626.00,3172.67,5798.67,2,8.61632e-06,0.000127164
RHOJ,1318.67,4480.00,5798.67,3,9.4457e-06,0.000111928
UROD,2781.33,3017.67,5799.00,2,9.27675e-06,0.000126304
SLC46A3,2541.00,3259.33,5800.33,3,9.40743e-06,0.000121307
VAMP7,2743.33,3057.33,5800.67,2,1.07574e-05,0.000100031
ATP8A1,2447.33,3353.33,5800.67,2,1.39952e-05,0.00010006
RP11-499E18.1,2109.33,3694.33,5803.67,3,1.00222e-05,0.000120721
SLC1A1,3156.33,2647.33,5803.67,3,1.29727e-05,0.000135162
CENPW,3394.67,2410.00,5804.67,2,1.11185e-05,0.00014834
IRX5,2505.33,3299.33,5804.67,2,8.09952e-06,0.000116901
TCTEX1D2,3029.67,2775.33,5805.00,2,4.74958e-06,0.000166038
CPNE8,2704.00,3102.00,5806.00,2,1.3272e-05,0.000100018
ASCL2,2767.00,3040.00,5807.00,2,6.09248e-06,0.000124809
TF,2977.67,2832.00,5809.67,2,5.53949e-06,0.00016059
TMEM56,1787.33,4022.67,5810.00,3,1.10789e-05,0.000110328
LOC102724356,3237.00,2573.67,5810.67,2,8.33726e-06,0.000139735
STK17B,2220.67,3590.33,5811.00,2,9.38929e-06,0.000111376
TNFAIP2,2866.00,2947.00,5813.00,2,5.31125e-06,0.000148494
CYP4Z2P,2664.33,3149.00,5813.33,2,7.27551e-06,0.000137581
IQSEC1,2629.00,3184.67,5813.67,2,1.59586e-05,0.000100014
NRD1,3933.00,1881.00,5814.00,2,3.61406e-06,0.000232435
WISP1,2417.33,3397.33,5814.67,2,9.59045e-06,0.000147493
ARL15,3566.67,2248.33,5815.00,2,4.9881e-06,0.000169769
PRSS21,2220.67,3595.00,5815.67,3,5.45985e-06,0.000118368
FMO3,2828.67,2987.33,5816.00,3,5.59473e-06,0.000143781
SLC22A15,2430.33,3386.33,5816.67,3,7.88266e-06,0.000109874
CLTC-IT1,2721.67,3095.33,5817.00,2,7.77508e-06,0.000124131
BBX,2786.67,3030.33,5817.00,2,6.1144e-06,0.00013925
GRHL1,3258.00,2559.67,5817.67,2,3.95329e-06,0.000177307
AP006222.2,2583.67,3234.67,5818.33,2,1.28101e-05,0.000100008
F3,1550.33,4268.67,5819.00,3,1.27239e-05,0.000110737
EN1,2677.00,3144.67,5821.67,2,2.00363e-05,0.0001259
LCT,3072.00,2750.67,5822.67,3,2.91303e-06,0.000129952
NDNF,2943.00,2880.00,5823.00,3,5.49901e-06,0.000187663
HLA-DMB,3297.67,2525.33,5823.00,2,4.67598e-06,0.000152594
ADM5,2991.33,2832.00,5823.33,2,4.40747e-06,0.000140249
GNB4,3451.33,2373.33,5824.67,2,5.14366e-06,0.000151608
HIST1H4J,2702.67,3123.67,5826.33,2,7.11332e-06,0.00014132
AGA,2868.33,2958.33,5826.67,2,6.72734e-06,0.000377657
PNISR,2525.33,3302.33,5827.67,2,6.97282e-06,0.000118867
MIR101-1,2572.33,3255.67,5828.00,2,1.52899e-05,0.000100001
LINC01061,2822.67,3006.00,5828.67,2,1.16341e-05,0.000100079
KIAA0922,3211.33,2617.67,5829.00,3,4.47616e-06,0.000118447
LOC102724257,3245.33,2583.67,5829.00,3,3.26646e-06,0.000129075
SCAF4,2523.00,3307.33,5830.33,2,7.94883e-06,0.000119384
KIAA0485,2663.33,3167.67,5831.00,2,1.08888e-05,0.000137449
RP11-554J4.1,3090.67,2741.00,5831.67,2,4.58709e-06,0.000288859
ACTA2,3077.67,2754.33,5832.00,2,7.17285e-06,0.000144866
LOC101928054,3447.67,2384.67,5832.33,2,7.57275e-06,0.000100088
SLC27A1,3138.67,2695.67,5834.33,2,2.4476e-05,0.000101949
LOC101927841,2478.00,3358.33,5836.33,2,2.14087e-05,9.99876e-05
C3orf14,2709.33,3127.67,5837.00,2,1.05549e-05,0.000123769
UBE2W,2298.00,3540.33,5838.33,2,8.52967e-06,0.000111185
IKBKAP,3113.67,2726.33,5840.00,2,1.00786e-05,0.000134619
MYCBP2,3853.00,1987.00,5840.00,2,3.27645e-06,0.000283489
FCRLB,3293.67,2547.00,5840.67,2,5.90007e-06,0.000224565
NINL,2617.00,3225.33,5842.33,3,8.68939e-06,0.000121365
MOB1B,3223.00,2620.00,5843.00,2,4.89542e-06,0.000160401
HOPX,2974.33,2869.00,5843.33,2,1.72075e-05,0.000100036
BIRC2,3218.00,2625.67,5843.67,2,4.56798e-06,0.000154277
ZBTB34,2643.00,3200.67,5843.67,2,1.21418e-05,0.000100104
MLLT3,2740.00,3104.00,5844.00,3,6.53656e-06,0.000113859
EDNRA,3647.67,2196.67,5844.33,3,3.62988e-06,0.000119345
RP11-642D21.1,3050.67,2793.67,5844.33,2,1.94438e-05,0.000100245
GABRP,3304.00,2540.33,5844.33,3,4.29806e-06,0.000114681
SPIN1,2795.00,3051.00,5846.00,2,5.63343e-06,0.00012836
PIAS3,2730.33,3116.00,5846.33,2,1.23737e-05,0.000100051
PCDHB10,2089.00,3757.33,5846.33,3,6.2024e-06,0.000115708
DSERG1,2548.67,3298.33,5847.00,2,1.25931e-05,0.000100006
MAGI3,3179.33,2667.67,5847.00,2,6.23727e-06,0.000137343
SOCS6,2991.67,2855.33,5847.00,2,0.000293318,0.00853751
FAM216A,2884.67,2963.00,5847.67,2,4.8129e-06,0.000167197
PGAP3,2478.33,3369.67,5848.00,2,9.55309e-06,0.000122498
FST,2516.33,3334.00,5850.33,2,1.58408e-05,0.000126852
CIDEC,3373.33,2478.67,5852.00,2,8.12707e-06,0.000146324
KDSR,2432.67,3419.33,5852.00,2,9.41196e-06,0.000113955
ARG2,2802.33,3050.00,5852.33,2,5.89136e-06,0.000155554
SERPINA6,3298.67,2554.00,5852.67,2,4.0045e-06,0.000147488
CXCL1,3877.33,1976.67,5854.00,3,1.36282e-06,0.000123228
TMTC3,2981.33,2875.33,5856.67,2,5.59504e-06,0.000138295
MYO5A,2585.00,3272.33,5857.33,2,6.64792e-06,0.000124191
S100PBP,3371.67,2487.67,5859.33,2,1.92744e-05,0.000100111
FAM72A,2306.67,3554.00,5860.67,2,1.12746e-05,0.000120089
SYNE1,3332.33,2528.67,5861.00,2,1.62636e-05,0.000100576
UBR7,2618.67,3242.33,5861.00,2,1.26774e-05,9.99995e-05
AMPH,1802.00,4061.33,5863.33,3,1.32222e-05,0.000109977
KLF2,2772.00,3092.00,5864.00,2,1.18846e-05,0.000134586
MXRA8,2297.67,3567.33,5865.00,3,4.99018e-06,0.000109115
LTN1,2882.00,2985.00,5867.00,2,9.15651e-06,0.000126983
SEMA6A,3229.00,2638.67,5867.67,2,6.34053e-06,0.000151746
CDCA7,2650.33,3218.33,5868.67,2,7.67079e-06,0.000142442
BTN3A3,3460.67,2411.33,5872.00,2,3.54343e-06,0.000161083
ACACB,2607.33,3265.33,5872.67,2,1.38305e-05,0.000127823
CCL28,3668.33,2207.00,5875.33,2,5.49984e-06,0.00016869
PRC1,3191.00,2685.00,5876.00,2,8.17566e-06,0.000144802
AX747652,3402.00,2475.00,5877.00,2,4.72924e-06,0.000161901
GIMAP1-GIMAP5,2445.00,3432.67,5877.67,2,1.47276e-05,9.99836e-05
RBMS1,3274.67,2603.33,5878.00,2,4.46416e-06,0.000187875
KBTBD8,2587.67,3291.67,5879.33,2,1.24236e-05,0.000100045
TMEM182,3429.00,2451.00,5880.00,2,6.95211e-06,0.000100077
SH3BP5,2612.33,3268.67,5881.00,2,9.77193e-06,0.000120556
C1QTNF3,2743.33,3138.00,5881.33,2,6.08207e-06,0.000133174
FAM63B,3207.33,2675.00,5882.33,2,5.43495e-06,0.000164164
ZNF611,3262.33,2620.33,5882.67,2,1.41584e-05,0.000136805
TMEM65,2921.00,2962.00,5883.00,2,5.10674e-06,0.000138711
ACTG2,3847.67,2036.00,5883.67,2,3.44618e-06,0.000201203
RBM5,3563.67,2320.33,5884.00,2,3.48087e-06,0.000161467
FGR,2465.33,3419.00,5884.33,2,1.39977e-05,9.99996e-05
TMEM246,3781.00,2104.00,5885.00,2,4.69179e-06,0.000172227
NR2F2-AS1,2698.00,3188.67,5886.67,2,1.99097e-05,0.000100004
NXPH3,3454.00,2433.33,5887.33,2,2.59098e-06,0.000175563
LYRM5,3427.00,2461.67,5888.67,2,4.09485e-06,0.000152663
TACC3,2682.00,3207.67,5889.67,2,7.28971e-06,0.000132073
CYCS,2819.33,3070.67,5890.00,2,1.08552e-05,0.000100027
ROPN1,2521.67,3369.33,5891.00,2,1.05318e-05,0.000169712
ECM1,2714.33,3177.00,5891.33,2,1.13274e-05,0.000130747
DKFZP586I1420,3065.00,2827.67,5892.67,2,4.64292e-06,0.000140083
CAPS2,2565.00,3328.00,5893.00,2,1.63232e-05,9.9999e-05
THSD7A,2314.00,3579.67,5893.67,2,1.61209e-05,9.99696e-05
VPS26A,3120.33,2773.33,5893.67,2,1.15346e-05,0.00013211
SH3RF2,3590.67,2305.00,5895.67,2,3.37397e-06,0.000209113
ICAM1,1458.33,4437.67,5896.00,3,1.12738e-05,0.000109949
CCR1,3649.00,2247.67,5896.67,3,2.17334e-06,0.000119423
SLA,2666.00,3231.00,5897.00,3,4.03896e-06,0.000110393
ITGA2,3148.33,2752.33,5900.67,3,3.27294e-06,0.000130213
CYP26A1,3224.00,2677.67,5901.67,2,1.2073e-05,0.000100176
IER5,3388.33,2513.67,5902.00,2,3.88912e-06,0.000149379
KANSL1,2815.33,3087.00,5902.33,2,6.05805e-06,0.00012649
POM121L9P,2895.67,3008.00,5903.67,2,1.24008e-05,0.000100324
NUF2,3011.00,2894.67,5905.67,2,1.09889e-05,0.000130858
CCR7,2504.67,3401.33,5906.00,3,8.47877e-06,0.000135037
ARMCX3,3228.67,2678.33,5907.00,2,4.17091e-06,0.000139593
EIF2AK4,2999.67,2908.00,5907.67,2,8.87555e-06,0.000251575
ZFP82,2692.33,3216.67,5909.00,2,6.13461e-06,0.000127081
ATP6V1C2,3228.00,2681.67,5909.67,2,5.42018e-06,0.000150814
ZNF141,2770.00,3141.00,5911.00,2,1.61468e-05,0.000100026
CYP2J2,3583.33,2327.67,5911.00,2,6.50464e-06,0.000232858
SLCO3A1,2403.33,3508.67,5912.00,2,1.45412e-05,9.99624e-05
GDF15,2870.33,3042.33,5912.67,2,4.96347e-06,0.000153816
PVRL3,2213.33,3699.33,5912.67,3,1.14385e-05,0.000108499
TPK1,2508.67,3405.67,5914.33,3,1.60376e-05,0.000120558
GPNMB,2706.67,3207.67,5914.33,2,6.56202e-06,0.000121951
C1orf213,3123.00,2792.67,5915.67,2,3.77935e-06,0.000190437
LPHN3,2152.67,3763.33,5916.00,2,1.90383e-05,9.99724e-05
LPIN2,3071.33,2844.67,5916.00,2,8.4398e-06,0.000100039
CRNDE,3215.67,2701.33,5917.00,2,4.37792e-06,0.000139174
PARP9,2351.67,3568.00,5919.67,2,9.0995e-06,0.00012538
MEST,2820.00,3101.33,5921.33,2,6.17766e-06,0.000128649
TMEM38A,3497.00,2426.67,5923.67,2,2.55488e-06,0.00018994
GALC,2548.00,3377.00,5925.00,2,7.23025e-06,0.000116482
LOC102724441,3447.67,2478.00,5925.67,2,4.20637e-06,0.00015562
SCNN1B,2243.00,3683.67,5926.67,3,0.000251047,0.000115857
AKR1B1,2956.67,2971.00,5927.67,3,3.58484e-06,0.000131758
ZNF300,2355.67,3572.00,5927.67,3,5.94279e-06,0.000123772
POLI,2553.67,3375.00,5928.67,2,6.81296e-06,0.000122436
SLC20A1,2880.67,3048.67,5929.33,2,8.39745e-06,0.000126249
SPRY2,2768.33,3161.00,5929.33,2,5.9561e-06,0.000138034
BCL2A1,2561.67,3370.33,5932.00,3,7.90915e-06,0.000110408
KRT14,2237.67,3694.67,5932.33,3,2.00229e-05,0.000121799
ANKRD39,3298.67,2633.67,5932.33,2,3.0993e-06,0.00018178
EID2B,2803.33,3130.33,5933.67,2,1.14639e-05,0.00010001
RAPGEF3,2771.67,3162.33,5934.00,2,9.43569e-06,0.000124789
RP11-589P10.5,2271.00,3664.67,5935.67,2,1.68325e-05,9.9954e-05
TWF1,3542.67,2394.00,5936.67,2,7.10445e-06,0.000148999
STAG3,3286.67,2650.33,5937.00,2,3.34786e-06,0.000160339
LBP,3502.33,2435.00,5937.33,2,2.82779e-06,0.000197109
EPHB1,3251.33,2686.33,5937.67,2,4.07636e-06,0.000161243
FBXO6,2128.33,3809.67,5938.00,3,7.27422e-06,0.000115716
ZFYVE16,2551.67,3386.33,5938.00,2,6.8537e-06,0.00011518
CAPN8,3211.33,2726.67,5938.00,3,4.25035e-06,0.00011688
NCOA6,2744.33,3194.33,5938.67,2,9.79317e-06,0.000121292
RGL1,2852.67,3087.33,5940.00,2,2.16285e-05,0.000100042
SRGN,2909.67,3032.33,5942.00,2,6.53036e-06,0.000139142
BTNL9,2801.67,3140.33,5942.00,2,5.55475e-06,0.000124192
TDRKH,3457.33,2485.00,5942.33,2,3.32341e-06,0.000162878
ASNS,3244.00,2699.00,5943.00,2,9.10154e-06,0.000144094
ARSJ,2012.00,3931.67,5943.67,3,6.44964e-06,0.000110817
CAV2,2577.00,3367.00,5944.00,2,7.31846e-06,0.00011356
KREMEN2,2741.67,3202.33,5944.00,2,2.47638e-05,0.000121674
SERTAD4-AS1,2534.00,3412.00,5946.00,3,8.25431e-06,0.00011236
ATP6V0A4,3144.67,2802.67,5947.33,2,8.00344e-06,0.000100039
EMILIN1,3503.67,2444.00,5947.67,2,2.55401e-06,0.00020989
CENPE,3057.33,2890.67,5948.00,2,8.23328e-06,0.000136789
ZNF765,3308.33,2640.00,5948.33,2,6.47899e-06,0.000143883
PRF1,2911.33,3037.33,5948.67,2,5.4019e-06,0.0002027
SEMA3C,3411.67,2537.67,5949.33,3,3.06357e-06,0.000121347
FKBP10,2900.67,3049.00,5949.67,2,7.12085e-06,0.000173196
FGGY,3429.33,2520.67,5950.00,2,2.53697e-06,0.000182789
OSTM1,2893.67,3057.00,5950.67,2,1.03882e-05,0.000100017
RP6-99M1.2,2529.33,3421.67,5951.00,2,1.31236e-05,9.99872e-05
LUM,3899.00,2052.00,5951.00,2,4.83224e-06,0.000189341
ZNF512B,3277.00,2674.33,5951.33,2,4.69594e-06,0.000142244
CCDC132,2837.33,3114.33,5951.67,2,1.39143e-05,0.000122824
LOC283357,3321.67,2632.00,5953.67,2,3.75326e-06,0.000148101
CXCL6,3143.67,2810.67,5954.33,3,2.99457e-06,0.000139294
KCNT2,2224.00,3730.67,5954.67,2,2.04456e-05,9.99678e-05
PMPCB,2944.67,3011.00,5955.67,2,1.45787e-05,0.000125993
ABAT,2324.33,3631.67,5956.00,3,6.12736e-06,0.000107912
PECAM1,2307.00,3650.33,5957.33,2,3.75358e-05,9.99302e-05
COG6,2610.67,3347.00,5957.67,2,9.45937e-06,0.000115897
MS4A6A,2543.67,3414.00,5957.67,2,6.88748e-06,0.000133072
PRR15L,3106.33,2851.33,5957.67,2,3.92478e-06,0.000213399
CD14,3252.33,2706.00,5958.33,2,4.01629e-06,0.000147714
SERINC1,3291.67,2667.33,5959.00,2,4.28156e-06,0.000142887
EEF2K,3550.00,2409.33,5959.33,2,7.99704e-06,0.000100125
C16orf87,3049.00,2910.67,5959.67,2,9.51966e-06,0.000100039
CRLF1,3140.33,2820.00,5960.33,3,4.7478e-06,0.000128887
IL27RA,3252.67,2708.33,5961.00,3,2.99419e-06,0.000114237
KIAA1804,2194.67,3767.67,5962.33,3,5.27568e-06,0.000118827
LINC01207,3370.33,2592.00,5962.33,3,6.26971e-06,0.000145862
LINC00176,3247.00,2716.00,5963.00,2,3.2031e-06,0.000160051
APITD1,2908.67,3054.67,5963.33,2,1.50214e-05,0.000100019
LINC00597,3218.67,2745.00,5963.67,2,4.62873e-06,0.000138683
PRUNE2,2633.33,3330.33,5963.67,2,9.31244e-06,0.000137646
KDM7A,3225.33,2738.67,5964.00,2,3.33131e-06,0.000162067
S100A8,2247.00,3717.67,5964.67,3,7.606e-06,0.000111769
ARSG,2765.00,3200.00,5965.00,2,1.05648e-05,0.000100003
TMEM68,2843.33,3121.67,5965.00,2,9.82712e-06,0.000100029
HIATL1,3508.00,2457.33,5965.33,2,4.25409e-06,0.000154881
ZCCHC8,2722.33,3243.67,5966.00,2,6.02996e-06,0.000129938
GGT6,3499.33,2467.33,5966.67,2,4.27852e-06,0.000207569
SLC7A11,3202.00,2765.67,5967.67,2,5.47908e-06,0.000142508
CTSH,3589.67,2379.67,5969.33,2,8.91529e-06,0.000100206
RP11-271C24.3,2895.33,3074.33,5969.67,2,5.30128e-06,0.000139925
TFPI,2498.00,3473.33,5971.33,2,1.43839e-05,9.99821e-05
TSPYL1,2458.67,3513.00,5971.67,2,7.73691e-06,0.000107487
CDK14,2447.33,3524.67,5972.00,2,7.47006e-06,0.000113542
SMOC1,3789.33,2183.67,5973.00,2,1.56197e-06,0.000172583
FAM20A,2646.00,3327.00,5973.00,2,1.16574e-05,0.000100013
EVPL,3204.00,2769.33,5973.33,2,3.39444e-06,0.000184933
LINC00849,2713.67,3260.67,5974.33,2,1.26531e-05,0.000100015
TXNDC16,3131.00,2844.00,5975.00,2,6.07651e-06,0.000133032
C16orf54,2652.00,3323.67,5975.67,3,5.7129e-06,0.000110249
CUL3,2883.33,3093.67,5977.00,2,7.17735e-06,0.000124811
RP4-758J24.5,3146.67,2831.33,5978.00,2,8.32954e-06,0.000841494
LOC101926951,2391.33,3587.67,5979.00,3,1.26411e-05,0.000119807
HMGN2P46,3253.33,2725.67,5979.00,2,3.30422e-06,0.000225218
PLAT,2275.67,3704.00,5979.67,3,7.59571e-06,0.000106315
MBNL1-AS1,2966.33,3013.33,5979.67,2,9.0023e-06,0.000100022
IL21R,3079.33,2900.67,5980.00,2,1.73222e-05,0.000100059
HEY1,3200.33,2780.00,5980.33,2,1.00782e-05,0.000100048
PPP1R14C,2380.00,3600.67,5980.67,3,2.00473e-05,0.000126217
PCOLCE,3708.33,2272.33,5980.67,2,4.14877e-06,0.000220825
CEP85L,2891.00,3090.33,5981.33,2,8.64263e-06,0.000123927
IMPACT,3121.00,2860.67,5981.67,2,5.21905e-06,0.0001576
ASRGL1,2221.00,3761.67,5982.67,3,1.18971e-05,0.000120793
MRPL39,2569.33,3414.33,5983.67,2,7.75825e-06,0.00012609
RPP30,2621.00,3363.00,5984.00,2,6.92814e-06,0.000112755
THEMIS2,1980.33,4004.33,5984.67,3,7.03428e-06,0.000119854
GOLM1,3517.67,2468.33,5986.00,2,1.24245e-05,0.000166236
HLA-DRB4,3528.33,2457.67,5986.00,3,3.16658e-06,0.000141033
COLCA2,2626.67,3360.00,5986.67,3,6.87208e-06,0.000123036
SHROOM4,2593.67,3394.33,5988.00,2,6.6443e-06,0.000136294
IGFBP3,2359.33,3628.67,5988.00,3,6.38027e-06,0.00010913
WNT5A,2889.00,3099.67,5988.67,3,3.54681e-06,0.000110379
ITGAV,2924.33,3064.67,5989.00,2,5.13947e-06,0.000136527
KLRC1,2982.33,3006.67,5989.00,3,5.13175e-06,0.000143199
FCHSD2,3178.00,2811.67,5989.67,2,5.33356e-06,0.000136301
AASS,2586.67,3404.00,5990.67,2,1.41483e-05,9.99885e-05
ZNF217,3562.67,2428.00,5990.67,2,3.5621e-06,0.00020266
ABCA1,2929.00,3062.67,5991.67,2,9.57429e-06,0.00012492
AURKA,3069.33,2923.67,5993.00,2,8.15543e-06,0.00013243
P2RY8,2141.67,3851.67,5993.33,3,8.60934e-06,0.000122501
CD3G,2073.00,3922.67,5995.67,3,1.06664e-05,0.000117173
POLQ,3687.67,2308.00,5995.67,2,3.50191e-06,0.000217957
MND1,3550.67,2445.33,5996.00,2,8.29123e-06,0.000146965
CDKN3,3046.33,2950.67,5997.00,2,1.51661e-05,0.000129224
LDLRAD3,3633.67,2364.00,5997.67,2,2.8542e-06,0.000163191
CLUL1,3395.00,2603.00,5998.00,2,7.23681e-06,0.000100059
BC038731,2319.33,3678.67,5998.00,3,9.58681e-06,0.000123393
AP000347.2,3322.00,2676.67,5998.67,2,4.26636e-06,0.000143988
SYNE4,2699.33,3299.33,5998.67,2,7.93711e-06,0.000217211
SNAPC1,3548.00,2451.33,5999.33,2,3.11047e-06,0.000220068
SLC6A4,3031.33,2971.00,6002.33,2,1.21486e-05,0.000100037
MIR155,2776.67,3226.00,6002.67,3,4.42929e-06,0.000122248
BEX1,1912.33,4090.33,6002.67,3,9.73323e-06,0.000108426
PHGDH,3432.00,2571.33,6003.33,2,8.1327e-06,0.000150228
PDZD4,3105.00,2898.33,6003.33,2,3.81617e-06,0.000176135
KIAA1841,3293.00,2710.67,6003.67,2,9.29507e-06,0.000134936
RASSF2,2851.00,3153.00,6004.00,3,6.22274e-06,0.000118081
SGPP1,3341.33,2662.67,6004.00,3,4.40679e-06,0.000120362
PPM1A,3211.00,2793.67,6004.67,2,7.4335e-06,0.00010004
SPRYD7,2927.67,3077.33,6005.00,2,5.604e-06,0.000159902
LOC101927027,3173.67,2831.67,6005.33,2,4.48792e-06,0.000140438
ANGPT2,1589.67,4416.00,6005.67,3,1.25061e-05,0.000117292
DAB2,2804.67,3201.67,6006.33,2,5.75201e-06,0.000125728
ANAPC11,3321.33,2686.00,6007.33,2,1.63557e-05,0.000137514
LOC101929855,2781.33,3226.33,6007.67,2,6.50972e-06,0.000122174
ZFYVE9,3602.33,2405.67,6008.00,2,2.13678e-06,0.000201479
PDCD4,2803.67,3204.33,6008.00,2,1.02329e-05,0.00010003
FCER1A,2456.67,3551.33,6008.00,2,1.36773e-05,9.9985e-05
RBM6,3380.33,2629.33,6009.67,2,3.59048e-06,0.000184043
RNFT2,3308.33,2701.67,6010.00,2,3.17298e-06,0.000169413
DPYSL3,3387.00,2623.33,6010.33,3,4.3106e-06,0.000134827
LOC100996579,2670.67,3340.33,6011.00,3,7.77781e-06,0.000134464
ZNF30,3446.33,2564.67,6011.00,2,3.33571e-06,0.000229222
HTRA1,3594.33,2417.00,6011.33,2,3.78506e-06,0.000260103
C11orf96,1338.33,4674.00,6012.33,3,1.09835e-05,0.000108809
B3GALNT1,2701.00,3312.33,6013.33,2,6.05699e-06,0.000134819
TNFRSF10D,2303.67,3711.00,6014.67,2,9.53478e-06,0.000132278
C8orf76,3032.00,2982.67,6014.67,2,4.77935e-06,0.000135595
SEL1L3,1984.33,4030.67,6015.00,2,1.52275e-05,0.000113149
KIF13B,2301.33,3715.00,6016.33,2,1.73298e-05,9.99227e-05
ALAS1,3032.00,2984.67,6016.67,2,9.87215e-06,0.000100038
SNX2,2955.67,3061.00,6016.67,2,8.78434e-06,0.000128621
GPR183,2532.67,3485.00,6017.67,3,4.81935e-06,0.000107995
TYRP1,1914.00,4104.33,6018.33,3,8.0888e-06,0.000107183
RPL18A,3581.33,2437.00,6018.33,2,2.80005e-06,0.000170246
TNFRSF10A,3502.33,2517.33,6019.67,2,2.54284e-06,0.000196817
DKK3,3028.33,2991.33,6019.67,2,4.72837e-06,0.00014
RBMXL1,2646.00,3374.67,6020.67,2,6.32469e-06,0.00012088
PRPF3,3671.00,2350.00,6021.00,2,3.27381e-06,0.000158497
GGNBP2,2646.67,3374.67,6021.33,2,9.72141e-06,0.000115087
LYN,2732.33,3289.00,6021.33,2,1.08691e-05,0.000100171
SF3B6,3367.00,2655.33,6022.33,2,1.20726e-05,0.000140421
PC,3695.33,2327.00,6022.33,2,1.78585e-06,0.000188166
POSTN,2738.00,3284.67,6022.67,3,3.46436e-05,0.000115368
KIF11,3198.67,2824.00,6022.67,2,7.65159e-06,0.000171975
TMEM119,2529.67,3494.00,6023.67,3,5.12589e-06,0.000115956
TMEM91,3375.33,2649.33,6024.67,2,1.65201e-05,0.000100293
MGLL,2684.33,3341.00,6025.33,2,6.28388e-06,0.000126956
HSD17B14,3511.00,2515.33,6026.33,2,2.6737e-06,0.00016105
CNTN4,2403.67,3623.33,6027.00,2,1.52775e-05,9.99784e-05
SKA3,3246.67,2780.33,6027.00,2,5.32392e-06,0.000141403
FAM221A,2466.33,3561.00,6027.33,3,1.48431e-05,0.000118708
RP11-138A9.1,3150.67,2877.00,6027.67,2,4.46303e-06,0.000194458
PRTFDC1,2672.33,3356.67,6029.00,2,7.59161e-06,0.000119213
ICOS,2540.67,3489.00,6029.67,2,1.34433e-05,9.99726e-05
KMT2E,3321.67,2708.33,6030.00,2,3.90307e-06,0.000141405
CCDC19,3181.33,2848.67,6030.00,2,4.29952e-06,0.000146457
CAPN13,3452.67,2578.33,6031.00,2,6.28306e-06,0.000100091
CMPK2,2779.33,3254.00,6033.33,2,7.50907e-06,0.000129046
PAPLN,4003.33,2031.00,6034.33,2,2.37395e-06,0.000207268
PLAUR,3212.00,2822.67,6034.67,2,3.47796e-06,0.000150399
SECISBP2L,2938.00,3096.67,6034.67,2,5.96182e-06,0.000126781
FAIM2,3598.00,2437.00,6035.00,2,2.22827e-06,0.000184732
OXCT1,3053.00,2982.33,6035.33,2,4.87664e-06,0.000136309
KIF14,2667.00,3369.00,6036.00,2,1.28783e-05,0.000124188
EBLN3,2626.33,3410.00,6036.33,2,9.91325e-06,0.000126043
TDRD12,3632.33,2404.33,6036.67,2,1.9715e-06,0.00017243
PTPRT,3715.33,2322.33,6037.67,2,1.86963e-06,0.000181163
RMI2,3029.00,3009.00,6038.00,2,1.62485e-05,0.000364907
MICU2,2658.67,3380.00,6038.67,2,6.56808e-06,0.000130294
SLC2A3,2437.33,3601.33,6038.67,3,7.14422e-06,0.000119353
ERRFI1,2388.33,3652.00,6040.33,3,5.68002e-06,0.000126658
CDCA2,3561.33,2480.00,6041.33,2,3.78161e-06,0.000163326
RP4-635E18.8,3454.00,2588.33,6042.33,2,5.36187e-06,0.000151532
FBN2,3185.33,2857.33,6042.67,2,5.17612e-06,0.000133512
KRT81,3652.33,2393.33,6045.67,2,2.38713e-06,0.000206139
SP4,2453.00,3595.67,6048.67,2,8.57324e-06,0.000116132
DAAM1,2982.67,3067.00,6049.67,2,5.86326e-06,0.000131951
GDPD1,2962.33,3087.33,6049.67,2,1.88734e-05,0.00010002
ADRB1,2610.00,3440.00,6050.00,2,1.03204e-05,0.00012067
GTPBP10,3348.00,2702.33,6050.33,2,1.31004e-05,0.000140181
ZNF331,3050.67,3000.33,6051.00,2,4.80938e-06,0.000164014
ASPHD2,2790.00,3261.00,6051.00,3,3.82742e-06,0.000122688
LOC101928605,2141.00,3910.00,6051.00,3,5.97884e-06,0.000122478
NLRC5,2692.67,3359.33,6052.00,3,4.35135e-06,0.000130508
DYNLRB2,2466.00,3586.00,6052.00,2,1.43158e-05,9.99808e-05
LY75,1836.33,4216.67,6053.00,3,7.73208e-06,0.00011108
PKP1,3826.67,2226.67,6053.33,2,4.86164e-06,0.000167305
GPR137B,2332.67,3722.33,6055.00,2,8.35546e-06,0.000115985
MIR6872,2976.00,3080.33,6056.33,2,5.66465e-06,0.000143187
LTC4S,3297.33,2759.33,6056.67,2,3.55908e-06,0.000142936
CCDC50,3355.67,2703.33,6059.00,2,9.5776e-06,0.000100087
ESPL1,3531.00,2528.33,6059.33,2,5.00228e-06,0.000174173
DHFRL1,3317.67,2742.67,6060.33,2,9.56846e-06,0.000100046
KLRB1,1771.00,4290.00,6061.00,3,1.36454e-05,0.000111552
PBX3,4320.33,1741.00,6061.33,3,5.53317e-07,0.000184009
CDC20,3507.67,2553.67,6061.33,2,9.07011e-06,0.000140904
ZNF260,3481.00,2582.33,6063.33,2,4.11428e-06,0.000151617
NUDT12,2820.00,3243.67,6063.67,2,6.64094e-06,0.000124009
G2E3,2760.00,3303.67,6063.67,2,1.11652e-05,9.99932e-05
HTR2B,3172.67,2891.67,6064.33,3,4.61749e-06,0.000124251
SMCO4,3650.67,2414.33,6065.00,2,9.0019e-06,0.000100087
BOP1,3822.33,2242.67,6065.00,2,2.06673e-06,0.000200758
PLP1,2570.67,3494.67,6065.33,2,1.2577e-05,9.99742e-05
EXT1,2398.00,3667.33,6065.33,2,1.6707e-05,9.99711e-05
REV3L,3515.67,2550.33,6066.00,2,3.04439e-06,0.000206748
TANC2,3855.67,2210.67,6066.33,2,2.64e-06,0.000179869
HMGB2,3665.33,2401.00,6066.33,2,8.30906e-06,0.000158386
PDGFA,2136.00,3931.67,6067.67,2,1.98226e-05,9.99565e-05
RNA45S5,3221.33,2846.67,6068.00,2,7.47565e-06,0.000160785
HRH1,3504.33,2564.33,6068.67,2,2.3553e-06,0.000213965
LRRN3,2286.00,3783.33,6069.33,2,1.69247e-05,9.98836e-05
DTL,2630.33,3439.67,6070.00,2,7.63556e-06,0.00011766
GALNT1,2993.67,3076.67,6070.33,2,4.84223e-06,0.000134834
RPLP1,3718.33,2352.00,6070.33,2,2.19907e-06,0.000164968
CHD9,2782.33,3289.00,6071.33,2,5.87248e-06,0.000136128
MBD2,3518.00,2553.67,6071.67,2,6.80391e-06,0.000157664
LINC00672,3323.00,2749.00,6072.00,2,3.07012e-06,0.000168957
HERC1,2756.67,3317.00,6073.67,2,2.15444e-05,0.000114348
PODXL2,3006.67,3068.00,6074.67,2,5.6002e-06,0.000156725
NAP1L2,3366.67,2708.00,6074.67,2,1.02004e-05,0.000100057
FAM83H,3197.67,2877.00,6074.67,2,7.48595e-06,0.000150769
KATNAL1,3112.33,2963.67,6076.00,2,2.04374e-05,0.000100025
LOC101927668,3749.33,2327.67,6077.00,2,2.13384e-06,0.000163165
LINC00960,3062.33,3015.33,6077.67,3,3.7261e-06,0.000122445
NCF2,1651.33,4429.00,6080.33,3,7.43257e-06,0.000116309
MXRA7,4048.67,2032.00,6080.67,2,4.1079e-06,0.000192658
PDGFD,1865.00,4216.00,6081.00,3,8.01341e-06,0.000105543
TRPC1,2948.33,3133.00,6081.33,2,1.94214e-05,0.000100009
ASF1B,3036.67,3045.33,6082.00,2,1.00857e-05,0.000161968
PDLIM3,3043.00,3039.33,6082.33,2,7.83502e-06,0.000126147
DNAJB9,2868.33,3214.00,6082.33,2,9.6192e-06,0.000100022
CKAP2,3242.33,2840.33,6082.67,2,9.6011e-06,0.000151662
HEBP1,3037.33,3046.67,6084.00,2,4.83723e-06,0.000153355
ADCK5,3061.33,3023.00,6084.33,2,4.57966e-06,0.000145438
CACNA1D,2646.67,3438.00,6084.67,2,6.53152e-06,0.000163928
SLC25A36,2662.33,3422.33,6084.67,2,6.30935e-06,0.000118411
CEPT1,3941.33,2144.67,6086.00,2,4.03046e-06,0.000204694
BPIFB1,2206.67,3880.33,6087.00,3,6.99891e-06,0.000118125
IMPA2,3212.33,2875.33,6087.67,2,3.75881e-06,0.000139302
GOLGA8A,3140.33,2947.67,6088.00,2,4.34614e-06,0.000137626
TIPIN,3520.67,2568.00,6088.67,3,3.72413e-06,0.00011623
PGM2L1,3282.67,2807.00,6089.67,2,1.66598e-05,0.000100117
ZNF677,2681.33,3409.67,6091.00,2,6.13207e-06,0.000114699
ITGB1,3350.33,2741.00,6091.33,2,1.37968e-05,0.000135683
AREG,2934.67,3157.33,6092.00,2,5.95135e-06,0.000136393
ABHD6,2989.00,3103.33,6092.33,2,4.35238e-06,0.000136752
CCDC84,2874.00,3219.00,6093.00,2,5.26683e-06,0.000122912
SLCO2A1,1259.00,4834.33,6093.33,3,1.32873e-05,0.000108719
FMNL2,3359.00,2734.67,6093.67,2,3.61668e-06,0.00016728
NOV,2165.00,3930.00,6095.00,3,1.30145e-05,0.000123702
CDCA7L,3454.67,2641.00,6095.67,3,2.17634e-06,0.000115682
MYH11,2331.67,3764.33,6096.00,2,1.24116e-05,0.000126651
SHROOM2,2305.33,3790.67,6096.00,3,1.15781e-05,0.000123376
IQGAP1,3243.00,2853.33,6096.33,2,7.27003e-06,0.000100101
ZNF564,3343.33,2753.67,6097.00,2,8.07918e-06,0.000100044
PLEK2,2929.00,3168.67,6097.67,2,6.38042e-06,0.000198158
CDC42EP5,2969.67,3128.00,6097.67,2,5.60014e-06,0.00012771
RAI1,3595.00,2503.33,6098.33,2,7.26248e-06,0.000148877
VPS41,3743.00,2355.67,6098.67,2,7.15467e-06,0.000100129
FOXF2,2802.33,3296.67,6099.00,3,5.16657e-06,0.000120752
DOCK11,2999.33,3100.00,6099.33,2,4.83831e-06,0.000190056
RDX,4118.33,1981.33,6099.67,2,3.48856e-06,0.000199739
TSPAN13,2686.33,3413.67,6100.00,2,6.13432e-06,0.00012182
GIMAP2,1798.00,4302.00,6100.00,3,6.59073e-06,0.000112158
CBFA2T3,1228.00,4875.00,6103.00,3,1.57539e-05,0.00010497
RAB8B,2894.67,3208.33,6103.00,2,9.5798e-06,0.000100002
LOC100129550,2299.67,3804.33,6104.00,2,1.69632e-05,9.99467e-05
KLF8,3005.33,3099.33,6104.67,2,6.33628e-06,0.000126761
CD48,2665.67,3439.33,6105.00,2,1.14057e-05,9.99784e-05
SERPINE2,3015.00,3090.67,6105.67,2,3.72597e-05,0.000171273
LINC01140,3298.33,2808.67,6107.00,2,7.0104e-06,0.000102036
C1QA,3343.33,2763.67,6107.00,2,6.45017e-06,0.00013447
RP11-44F21.5,2564.00,3544.00,6108.00,3,4.25224e-06,0.00012417
PTPRC,2677.00,3432.67,6109.67,2,6.15326e-06,0.000118619
LINC00173,3297.33,2814.00,6111.33,2,4.17819e-06,0.000157875
SEMA5A,3628.33,2483.33,6111.67,2,6.11422e-06,0.000174087
SOX9,2801.67,3311.00,6112.67,2,7.30086e-06,0.000123129
ART3,3514.00,2599.33,6113.33,2,2.98887e-06,0.00016569
SFMBT2,3610.67,2503.00,6113.67,2,8.90311e-06,0.000166216
PTK6,3500.33,2614.67,6115.00,2,1.23129e-05,0.000151934
TDG,3396.33,2719.00,6115.33,2,3.52635e-06,0.000162422
IL7R,1615.00,4500.67,6115.67,3,7.46177e-06,0.000106844
ARNTL2,3647.00,2469.33,6116.33,2,3.03236e-06,0.000178585
VPS13B,2965.00,3151.33,6116.33,2,9.21452e-06,0.000131317
MLLT11,3725.67,2393.33,6119.00,3,1.85707e-06,0.000136736
GLT8D2,2999.00,3120.00,6119.00,2,4.85801e-06,0.000141947
LOC100996643,3006.67,3112.67,6119.33,2,4.71482e-06,0.000136974
AIM2,2398.00,3721.67,6119.67,3,8.47581e-06,0.000111788
PTCHD1,2697.33,3422.67,6120.00,2,1.50968e-05,9.99908e-05
NRXN3,2836.33,3284.33,6120.67,2,5.22451e-06,0.000162576
RRAS2,3026.00,3096.67,6122.67,3,6.14953e-06,0.000110479
PRKAA2,2951.00,3172.00,6123.00,2,6.78389e-06,0.000126269
HIST1H1C,3334.33,2789.67,6124.00,2,8.09389e-06,0.000134882
BC041025,3257.33,2867.00,6124.33,2,4.03749e-06,0.000154249
RP1-193H18.2,3479.00,2645.67,6124.67,2,3.35521e-06,0.000153004
NRIP3,3038.67,3086.67,6125.33,2,8.69602e-06,0.000100017
OLA1,3050.67,3075.00,6125.67,2,1.14938e-05,0.00012392
UCHL1,3817.00,2309.67,6126.67,2,2.6574e-06,0.000176883
THAP5,2673.00,3454.33,6127.33,2,6.45833e-06,0.000119012
ANKRD22,3670.00,2458.00,6128.00,2,8.3333e-06,0.000153736
LINC01133,2880.00,3248.33,6128.33,2,1.59992e-05,0.000171692
FCGR2B,3055.67,3073.00,6128.67,3,5.12354e-06,0.000138721
PBK,3379.00,2750.33,6129.33,2,1.1787e-05,0.000150998
PPIP5K2,3466.67,2664.67,6131.33,2,3.52742e-06,0.000149098
TACSTD2,3766.00,2367.00,6133.00,2,6.61382e-06,0.000156492
MSLN,2230.67,3902.33,6133.00,3,5.98452e-06,0.0001177
RGS13,2211.67,3921.33,6133.00,2,1.83856e-05,9.99372e-05
ZNF540,2764.00,3369.67,6133.67,2,1.05819e-05,9.9988e-05
SPOPL,3031.67,3102.67,6134.33,2,4.87152e-06,0.000139798
MRGBP,2831.00,3303.67,6134.67,2,5.4298e-06,0.000125556
GNG10,2877.33,3257.33,6134.67,2,5.31031e-06,0.000136751
CORO2A,3642.00,2493.00,6135.00,2,2.26853e-06,0.000191187
SLC35C1,3785.33,2351.33,6136.67,2,1.56596e-06,0.0002858
MGST1,3220.00,2917.00,6137.00,2,9.86055e-06,0.000135102
IGHM,3476.67,2663.67,6140.33,3,5.09073e-06,0.00011428
NPC1,3631.67,2508.67,6140.33,2,3.93171e-06,0.000171992
CD200,2017.67,4122.67,6140.33,3,7.16562e-06,0.000112668
RP11-539I5.1,3076.33,3064.33,6140.67,2,8.9755e-06,0.000100036
HS6ST1,3958.33,2185.00,6143.33,2,3.26333e-06,0.000175839
WDR91,3724.00,2419.33,6143.33,2,7.2788e-06,0.000100159
CLDND1,2939.67,3204.00,6143.67,2,8.51652e-06,0.000122447
RAB14,3176.33,2968.33,6144.67,2,8.54688e-06,0.000128224
DENND5A,3321.33,2823.33,6144.67,2,3.97607e-06,0.000181416
F2RL1,3207.00,2938.00,6145.00,2,1.33576e-05,0.000132799
ZNF880,2909.33,3237.00,6146.33,3,5.94685e-06,0.00011611
IL15RA,2741.00,3405.67,6146.67,2,6.05426e-06,0.000161143
DHTKD1,2444.33,3702.33,6146.67,2,9.00664e-06,0.000132264
APOC1,2702.67,3445.33,6148.00,2,6.6868e-06,0.000119131
UBR5,2804.67,3343.67,6148.33,2,5.79596e-06,0.000128641
PIGZ,3537.33,2611.00,6148.33,2,7.08277e-06,0.000163207
SLC35F2,2262.33,3886.33,6148.67,3,7.57979e-06,0.000121001
DUSP6,2398.33,3750.67,6149.00,3,9.9917e-06,0.000111241
TXNRD3,3710.33,2439.00,6149.33,3,1.41161e-06,0.000123992
NIPSNAP3A,2147.67,4002.00,6149.67,2,9.95322e-06,0.000126685
TNXA,2591.67,3558.33,6150.00,2,9.73195e-06,0.000116097
DSE,3788.00,2365.00,6153.00,2,5.19856e-06,0.000157071
NUDT9,3507.33,2645.67,6153.00,2,6.01864e-06,0.000100063
ZMPSTE24,2982.33,3172.00,6154.33,2,1.21435e-05,0.000100101
AP000525.9,3970.33,2184.33,6154.67,2,3.28454e-06,0.000187452
FAM189B,3541.33,2613.67,6155.00,2,5.77982e-06,0.000141724
RP11-196G18.24,3487.67,2667.67,6155.33,2,3.43143e-06,0.000151199
CCND1,2922.33,3233.67,6156.00,3,3.61843e-06,0.000113024
KCNMB1,2963.67,3192.33,6156.00,2,5.22559e-06,0.000135987
COPB2,3283.67,2872.33,6156.00,2,1.93987e-05,0.000134918
SCGB2A1,3105.67,3051.33,6157.00,3,6.20377e-06,0.000134935
SLC48A1,3239.00,2918.00,6157.00,2,3.29841e-06,0.000144276
HLA-DOB,3517.67,2639.67,6157.33,2,2.2715e-06,0.000172401
MAGEA9,3603.67,2553.67,6157.33,2,2.08358e-06,0.000176318
NUMB,3215.67,2942.00,6157.67,2,5.08075e-06,0.000131432
CCDC11,2425.67,3732.33,6158.00,2,1.61206e-05,9.9977e-05
ZNF703,3474.67,2683.67,6158.33,2,5.68617e-06,0.000159233
SEMA4B,3568.33,2590.33,6158.67,3,2.36344e-06,0.000136011
RPS14,3896.67,2262.67,6159.33,2,2.88652e-06,0.000190914
CCP110,3500.00,2660.33,6160.33,2,3.36614e-06,0.000158031
ALDH2,2355.00,3805.33,6160.33,2,1.53667e-05,9.99697e-05
ZAP70,3822.67,2338.33,6161.00,2,1.50582e-06,0.000172838
C3orf52,2980.33,3181.67,6162.00,2,1.03818e-05,0.000100024
HRASLS,3307.00,2856.33,6163.33,3,9.24866e-06,0.000129496
CHSY1,3167.00,2998.00,6165.00,2,4.2544e-06,0.000135027
TMEM131,3462.00,2703.00,6165.00,2,1.12586e-05,0.000152214
ANKRD32,2678.00,3487.67,6165.67,2,7.64978e-06,0.000113202
MIR4315-1,3541.67,2624.67,6166.33,2,2.22037e-06,0.000166514
HOXB2,2766.67,3401.33,6168.00,3,6.97069e-06,0.000114462
KIF15,3315.67,2853.67,6169.33,2,5.96497e-06,0.000141962
NCF4,1982.67,4186.67,6169.33,3,1.21148e-05,0.000109858
RAB11B,3704.00,2466.00,6170.00,2,1.81518e-06,0.00023613
DIRC2,4171.67,1999.00,6170.67,2,3.38451e-06,0.000201411
MKRN4P,3273.67,2898.33,6172.00,2,4.19299e-06,0.000136749
SLC26A2,3078.67,3093.67,6172.33,2,6.94821e-06,0.000134481
LOC102725451,2275.67,3899.67,6175.33,2,2.13242e-05,9.99623e-05
ACTR3B,3595.00,2581.00,6176.00,2,2.03718e-06,0.000187669
KLHL7,2948.33,3228.00,6176.33,2,1.8382e-05,0.000100003
GUSBP3,3507.33,2670.00,6177.33,2,5.5276e-06,0.000137918
S100A14,3002.33,3176.00,6178.33,2,1.16023e-05,0.000136561
SPECC1,3558.00,2620.33,6178.33,2,2.18523e-06,0.00018584
OLFM4,3579.67,2599.33,6179.00,3,2.72767e-06,0.000121486
AK4,3756.00,2424.67,6180.67,2,1.891e-06,0.000192678
LYRM1,2911.33,3269.67,6181.00,2,1.39411e-05,0.000100045
SARAF,3029.00,3152.00,6181.00,2,4.74146e-06,0.000128
C1D,3155.00,3027.00,6182.00,2,4.64067e-06,0.000140206
APOE,3426.67,2755.67,6182.33,2,3.88663e-06,0.000230914
METTL7A,2696.33,3486.33,6182.67,2,1.34419e-05,9.99916e-05
RAB30,2526.00,3657.67,6183.67,2,6.96579e-06,0.000117249
TEX10,3060.00,3123.67,6183.67,2,8.35082e-06,0.000100316
FUT8-AS1,2940.33,3244.67,6185.00,2,6.87218e-06,0.000147876
HSPA4L,3614.00,2573.33,6187.33,3,2.664e-06,0.000138179
NEDD9,3124.00,3063.67,6187.67,2,6.36019e-06,0.00012613
TFAP2A,3301.33,2887.00,6188.33,2,2.0209e-05,0.000131932
POLE2,3753.33,2435.33,6188.67,2,4.18245e-06,0.000178711
MIB1,3194.67,2994.67,6189.33,2,5.20282e-06,0.000161
UHRF1,3598.00,2591.33,6189.33,2,6.71435e-06,0.000157258
PAX8-AS1,2040.67,4149.33,6190.00,3,1.10912e-05,0.000114302
SPATA20,3162.00,3029.00,6191.00,2,3.64628e-06,0.000156363
LINC00472,2263.33,3928.67,6192.00,2,2.50908e-05,9.9959e-05
NOTCH2NL,3250.33,2942.33,6192.67,2,6.70176e-06,0.00013054
DHRS13,3305.33,2887.67,6193.00,2,4.79875e-06,0.000153004
LOXL4,3399.00,2794.33,6193.33,2,2.89101e-06,0.000141682
MR1,3289.00,2905.00,6194.00,2,1.22285e-05,0.00010003
CTSW,3870.00,2324.00,6194.00,2,3.50168e-06,0.000177053
ANKRD20A5P,3875.00,2319.33,6194.33,2,1.94862e-06,0.000150348
GSAP,4229.00,1967.00,6196.00,3,2.10912e-06,0.000125921
L3MBTL4,2989.00,3209.00,6198.00,2,8.74078e-06,0.000100003
SLC35E2,2505.67,3692.67,6198.33,2,8.59749e-06,0.000115111
EOMES,2874.67,3324.67,6199.33,3,3.9684e-06,0.000119484
TOP2A,3471.00,2729.00,6200.00,2,1.06819e-05,0.000138204
LAG3,3501.67,2700.33,6202.00,2,2.31561e-06,0.000203916
PTEN,3030.33,3171.67,6202.00,2,1.29876e-05,0.000100008
MSANTD2,2999.33,3203.00,6202.33,2,5.17856e-06,0.000142596
ZNF607,2748.33,3455.33,6203.67,2,2.467e-05,0.000123415
RP11-395B7.7,3104.00,3103.67,6207.67,2,4.46381e-06,0.000137243
GJB1,3251.33,2957.00,6208.33,2,1.06455e-05,0.000147976
TRIM9,2683.67,3525.33,6209.00,2,1.37484e-05,9.99808e-05
PSCA,3407.00,2803.33,6210.33,3,2.17836e-06,0.000119668
B3GNT3,3359.67,2852.00,6211.67,2,2.2384e-05,0.000132084
TCF19,2992.00,3221.33,6213.33,2,5.75904e-06,0.000135061
TMEM176B,3470.00,2743.67,6213.67,2,4.48641e-06,0.000143894
KLHL6,3038.67,3175.33,6214.00,2,8.76137e-06,0.000100005
CCDC74A,3276.33,2938.33,6214.67,2,4.17181e-06,0.000202781
SLC13A2,3531.33,2684.00,6215.33,2,2.88911e-06,0.000141429
HOOK1,3297.33,2918.33,6215.67,2,1.41795e-05,0.000100048
PPAP2B,2746.00,3470.00,6216.00,2,6.17924e-06,0.000119554
LINC00342,3862.00,2354.33,6216.33,2,2.68758e-06,0.000154037
PRRT3,3109.00,3107.67,6216.67,2,4.05908e-06,0.00013865
RAB26,3460.00,2756.67,6216.67,2,7.12261e-06,0.000164999
TMEM44-AS1,2445.00,3772.00,6217.00,2,1.38259e-05,9.99593e-05
ZNF682,3002.67,3214.33,6217.00,2,5.79795e-06,0.000121314
ADRBK2,2736.33,3480.67,6217.00,2,1.32886e-05,9.99668e-05
USP38,2391.33,3826.00,6217.33,2,8.85113e-06,0.000122165
SCPEP1,3127.67,3090.67,6218.33,2,5.66305e-06,0.00012673
NACAP1,2944.33,3274.33,6218.67,2,5.36248e-06,0.000126965
COL5A1,3264.67,2956.33,6221.00,2,3.92986e-06,0.000238274
MAGI2-AS3,2601.00,3620.33,6221.33,2,1.42208e-05,9.99561e-05
APOL6,3476.67,2745.33,6222.00,2,6.42374e-06,0.000100062
SPRY4,3646.00,2576.00,6222.00,2,1.91295e-06,0.00019407
PAPD4,3615.33,2607.00,6222.33,2,5.30015e-06,0.000141316
ERGIC3,3741.00,2483.00,6224.00,2,7.11567e-06,0.000151742
KIF4A,3683.33,2541.00,6224.33,2,2.79814e-06,0.000393167
PADI3,2794.67,3431.67,6226.33,2,7.41124e-06,0.000169194
SLC30A9,3267.00,2959.67,6226.67,2,7.15075e-06,0.000100028
ADAMTS15,3310.67,2916.67,6227.33,2,5.90893e-06,0.000142489
LAP3,2655.33,3572.33,6227.67,2,7.02898e-06,0.000121378
TMEM133,2590.67,3639.00,6229.67,2,1.21314e-05,9.99481e-05
AUNIP,3537.33,2693.00,6230.33,2,5.73875e-06,0.000137896
LPGAT1,3246.00,2984.67,6230.67,2,1.51388e-05,0.000100089
WFS1,3287.67,2943.67,6231.33,2,1.2693e-05,0.000135399
C5orf15,3149.67,3082.67,6232.33,2,1.25852e-05,0.000123851
MYO9A,3090.00,3142.67,6232.67,2,4.59938e-06,0.00012967
OXR1,4076.00,2156.67,6232.67,2,3.75368e-06,0.000170263
ATP5E,3591.67,2641.00,6232.67,2,6.74595e-06,0.000163356
NEURL1B,2788.33,3444.67,6233.00,2,1.02881e-05,9.99773e-05
TMEM41B,2625.67,3608.67,6234.33,2,1.18921e-05,9.99628e-05
CIT,3409.33,2825.33,6234.67,2,6.91659e-06,0.000100036
BCL11A,4198.00,2037.00,6235.00,2,2.4913e-06,0.000192507
SPRR1A,3551.00,2685.67,6236.67,2,3.20143e-06,0.000144256
UBQLN2,3812.00,2425.00,6237.00,2,2.59247e-06,0.000166748
CCDC102B,2443.00,3794.67,6237.67,2,1.42875e-05,9.99572e-05
B3GALTL,2013.00,4226.00,6239.00,3,1.03744e-05,0.000117265
TMEM180,3516.00,2723.00,6239.00,2,2.48424e-06,0.00019628
MPV17L,2765.67,3474.00,6239.67,2,7.40401e-06,0.00016589
CD97,3018.00,3225.33,6243.33,2,4.41957e-06,0.000141967
DBNDD1,3101.33,3142.00,6243.33,2,3.91635e-06,0.00018998
HIST1H2BD,3642.00,2601.33,6243.33,2,8.0368e-06,0.000162648
PCDHB14,2433.33,3810.67,6244.00,3,7.62446e-06,0.00011286
ARL4C,3195.67,3048.67,6244.33,2,4.61129e-06,0.000144674
LOC101927929,3333.00,2911.67,6244.67,2,3.2015e-06,0.000166371
LAD1,3054.33,3191.00,6245.33,2,1.53672e-05,0.00013169
ORM1,3451.00,2795.00,6246.00,3,2.22069e-06,0.000117284
SORL1,3307.67,2938.67,6246.33,2,9.13542e-06,0.000100032
ZNF701,3013.33,3234.67,6248.00,2,5.70729e-06,0.000123596
PROX1,3450.33,2798.67,6249.00,2,3.1089e-06,0.000139736
CTC-428G20.3,2821.00,3428.33,6249.33,3,1.0332e-05,0.000137365
C7orf49,3849.00,2401.00,6250.00,2,4.12564e-06,0.00018063
CHAD,2347.33,3902.67,6250.00,2,1.61199e-05,0.000136654
CSRNP1,2328.00,3922.33,6250.33,2,1.55266e-05,9.9956e-05
TRAPPC6B,3333.00,2919.33,6252.33,2,4.53769e-06,0.000133599
KIAA2022,3458.00,2794.67,6252.67,2,6.29538e-06,0.000100048
TMEM209,2658.00,3595.00,6253.00,2,6.37694e-06,0.000119051
PDE3A,3820.33,2433.00,6253.33,2,2.45739e-06,0.00017664
KAL1,2810.67,3443.00,6253.67,2,6.06446e-06,0.000117075
DPM1,3269.33,2985.67,6255.00,2,4.16018e-06,0.000151645
ANAPC10,3240.00,3015.33,6255.33,2,4.62277e-06,0.000146073
ITSN1,3059.67,3196.00,6255.67,2,9.8827e-06,0.000121575
CDADC1,2592.00,3664.33,6256.33,2,1.22781e-05,9.99658e-05
PLEKHA5,3525.67,2733.00,6258.67,2,4.33173e-06,0.000254646
SLC43A3,3142.67,3116.00,6258.67,2,5.85365e-06,0.000141857
C1GALT1C1,2876.33,3382.67,6259.00,2,6.02148e-06,0.000128065
COPB1,3520.67,2739.33,6260.00,2,6.59532e-06,0.000182941
BNIP3L,3594.33,2666.00,6260.33,2,4.17738e-06,0.000147103
FAM217B,3124.00,3137.33,6261.33,3,4.94883e-06,0.000109608
UBXN4,2836.00,3425.67,6261.67,2,6.04717e-06,0.000127418
LOC102725188,3182.67,3080.67,6263.33,2,4.22386e-06,0.000181076
GZF1,3403.00,2860.33,6263.33,2,3.9445e-06,0.00014496
CCDC66,3152.67,3112.33,6265.00,2,4.79476e-06,0.00012948
ABHD17C,3270.00,2995.33,6265.33,2,3.5376e-06,0.000148485
FAXC,3396.00,2869.33,6265.33,2,1.27964e-05,0.000100051
EVA1A,2710.33,3555.33,6265.67,3,4.16439e-06,0.00011737
KRT86,2799.33,3467.00,6266.33,2,5.3177e-06,0.000139161
KIAA1462,2998.00,3268.67,6266.67,2,1.07265e-05,0.000100017
RPS8,4090.33,2176.33,6266.67,2,1.78894e-06,0.000190753
AHCYL2,2545.67,3721.67,6267.33,3,1.30572e-05,0.000110437
NASP,3073.00,3195.67,6268.67,2,1.06964e-05,0.000100052
HPGDS,3124.67,3145.33,6270.00,2,7.90562e-06,0.00010006
CXorf40A,2647.33,3623.67,6271.00,2,1.23881e-05,9.99471e-05
SDR16C5,2874.33,3397.00,6271.33,3,7.59528e-06,0.000115229
FGD5-AS1,3524.33,2747.00,6271.33,2,6.90712e-06,0.000137977
ZNF124,2840.67,3431.00,6271.67,2,9.8614e-06,9.99827e-05
HMOX1,3290.33,2981.33,6271.67,2,3.06662e-06,0.000164126
FRAT1,3330.00,2943.00,6273.00,2,3.91091e-06,0.000143366
LAMP2,3343.00,2930.33,6273.33,2,3.67534e-06,0.000152815
HYMAI,1923.33,4350.33,6273.67,2,2.78365e-05,9.99178e-05
LOC100288152,3632.67,2642.00,6274.67,2,4.03528e-06,0.000164677
BBS12,1806.33,4468.67,6275.00,3,1.25602e-05,0.000112006
PIWIL4,3408.00,2867.33,6275.33,2,4.38201e-06,0.000204868
ANKRD10-IT1,3459.67,2816.67,6276.33,2,3.30851e-06,0.000195461
PAQR7,2497.00,3779.67,6276.67,2,1.71712e-05,9.99527e-05
EGFL6,2344.33,3932.67,6277.00,3,6.0899e-06,0.000109823
DACH1,2234.67,4043.00,6277.67,3,1.03663e-05,0.000118224
KIAA0226L,2884.33,3393.67,6278.00,3,5.55399e-06,0.000122711
GTF2H5,3502.33,2776.00,6278.33,2,6.63171e-06,0.000135055
IFI27L1,2673.67,3605.00,6278.67,2,1.1583e-05,9.99836e-05
ZNF618,3314.33,2965.67,6280.00,2,3.98502e-06,0.000136056
IFIT3,3107.67,3172.67,6280.33,2,5.56048e-06,0.000131483
CLK4,3009.00,3271.67,6280.67,2,6.18927e-06,0.000126443
PRCP,3692.00,2588.67,6280.67,2,4.88097e-06,0.000141465
LINC01315,3486.33,2794.33,6280.67,2,8.8913e-06,0.000133169
LOC440934,3240.67,3040.67,6281.33,2,9.17543e-06,0.000100025
CETN3,2628.33,3653.33,6281.67,2,6.96386e-06,0.000123107
DHX40,3141.33,3141.33,6282.67,2,1.25594e-05,0.000100014
KCNE4,1734.00,4548.67,6282.67,3,7.75968e-06,0.000110703
PHLDA3,3136.33,3147.00,6283.33,2,3.89634e-06,0.000176195
MFSD1,3143.33,3140.33,6283.67,2,5.9353e-06,0.000147541
PARVB,4082.00,2202.67,6284.67,2,2.23251e-06,0.000258701
EPHX2,3120.00,3165.33,6285.33,2,7.39943e-06,0.00013128
BC069804,3093.67,3193.00,6286.67,2,4.96465e-06,0.000140108
CHMP5,3032.00,3255.67,6287.67,2,4.80345e-06,0.000128429
BTBD3,3154.00,3135.00,6289.00,2,7.78215e-06,0.000100014
LRBA,2994.67,3295.00,6289.67,2,8.94752e-06,9.99945e-05
AGPAT4,3312.33,2977.33,6289.67,3,4.61029e-06,0.000111595
CD8A,2475.33,3815.00,6290.33,3,1.03014e-05,0.000122926
PGAP1,2400.00,3891.00,6291.00,2,1.46939e-05,9.99567e-05
PCDHGA8,3248.67,3042.67,6291.33,2,8.70483e-06,0.000124268
ATP10D,2974.00,3319.00,6293.00,3,3.19002e-06,0.000113128
HPS4,3257.67,3037.33,6295.00,2,7.20575e-06,0.000100019
CEP72,3695.33,2600.33,6295.67,2,1.77828e-06,0.000153223
SPAG1,2940.67,3355.67,6296.33,2,4.70982e-06,0.000159219
LY6E,3501.00,2795.33,6296.33,2,3.75158e-06,0.000175845
FBXL5,3400.67,2896.00,6296.67,2,3.63991e-06,0.000328403
ARSA,3465.67,2831.33,6297.00,2,2.42511e-06,0.000148831
RRP15,3242.67,3054.67,6297.33,2,9.50482e-06,0.000102492
NLRP2,3357.00,2940.67,6297.67,2,9.69082e-06,0.000134292
RP11-111M22.4,3413.67,2885.33,6299.00,2,3.81368e-06,0.000189347
AFG3L2,2942.00,3357.00,6299.00,2,6.16374e-06,0.000117294
KLK6,3916.67,2382.33,6299.00,3,2.64331e-06,0.000115486
HMMR,3049.00,3252.00,6301.00,2,6.95042e-06,0.00012254
ZFP90,3310.00,2992.00,6302.00,2,5.21144e-06,0.000135158
CTA-292E10.6,3028.67,3273.67,6302.33,2,1.0267e-05,9.99965e-05
PEG10,3201.00,3102.00,6303.00,3,2.8941e-06,0.000115655
LLGL2,3107.33,3196.00,6303.33,2,5.30881e-06,0.000207863
ATOH8,2899.67,3404.00,6303.67,2,1.16646e-05,9.99819e-05
ZNF302,3153.00,3150.67,6303.67,2,4.89529e-06,0.000159283
SDC1,3510.33,2794.33,6304.67,2,1.25854e-05,0.000100049
PJA2,4267.00,2038.33,6305.33,2,2.43483e-06,0.000230074
CHODL,2969.33,3337.67,6307.00,2,1.06636e-05,9.99974e-05
PIK3AP1,2884.67,3422.67,6307.33,2,9.57537e-06,9.998e-05
AMT,3534.00,2773.67,6307.67,2,3.52342e-06,0.000150893
IGFBP2,2976.67,3331.33,6308.00,3,4.64187e-06,0.000128912
ANK2,2916.00,3392.00,6308.00,2,1.82949e-05,0.0001144
BTN2A2,3273.33,3035.33,6308.67,2,5.67212e-06,0.000127159
BTBD10,3227.67,3082.33,6310.00,2,8.24922e-06,0.00010003
C1orf116,2500.33,3811.33,6311.67,3,5.30513e-06,0.00010799
AASDHPPT,2980.00,3333.67,6313.67,2,9.90737e-06,0.000117559
CTSC,3304.00,3009.67,6313.67,2,1.0882e-05,0.00010002
STAG3L2,2796.33,3517.33,6313.67,2,5.62585e-06,0.000124903
PAG1,2052.33,4262.33,6314.67,3,7.9915e-06,0.000117911
KDR,3301.67,3013.33,6315.00,2,1.5052e-05,0.000100025
FPR1,3397.00,2918.33,6315.33,2,3.45597e-06,0.000235289
RNF39,3356.00,2959.67,6315.67,2,3.74797e-06,0.000194553
CTD-3025N20.3,3374.33,2941.33,6315.67,2,8.79952e-06,0.00010026
TSGA10,2516.33,3800.00,6316.33,2,1.51199e-05,9.99427e-05
WDR54,3235.33,3081.00,6316.33,3,4.70478e-06,0.000138788
ZC3H13,2881.33,3435.33,6316.67,2,5.58609e-06,0.000115889
VNN2,2342.00,3975.00,6317.00,3,1.45502e-05,0.000116323
SERHL,3578.33,2738.67,6317.00,2,6.27293e-06,0.00015173
VIPR1,3389.33,2929.33,6318.67,2,3.23532e-06,0.000129561
RYBP,3223.00,3096.33,6319.33,2,8.55791e-06,0.000124385
ARFGAP3,3046.67,3273.33,6320.00,2,1.26614e-05,9.99988e-05
C11orf63,2310.33,4009.67,6320.00,2,1.62925e-05,9.9916e-05
RAMP1,2836.67,3484.67,6321.33,2,5.21615e-06,0.000124659
IRF7,3441.67,2879.67,6321.33,2,3.37445e-06,0.000148439
PPP1R36,3892.67,2429.33,6322.00,2,5.33931e-06,0.000175673
BTG2,3537.33,2784.67,6322.00,2,2.21339e-06,0.000184005
GUCY1B2,3359.00,2963.33,6322.33,2,6.72254e-06,0.000100034
SCUBE3,3664.00,2659.00,6323.00,2,6.53455e-06,0.00014352
FAM171A1,2998.00,3325.67,6323.67,2,8.14315e-06,0.00014138
COL1A1,3416.00,2908.33,6324.33,2,1.88716e-05,0.00013229
SUZ12,2782.33,3543.33,6325.67,2,5.7108e-06,0.000121098
MOCOS,3254.00,3072.33,6326.33,2,3.5815e-06,0.000178593
LOC100133445,3370.67,2958.33,6329.00,2,2.89687e-06,0.000184306
SEC22B,3152.00,3177.00,6329.00,2,6.04396e-06,0.000123466
FJX1,2667.67,3662.67,6330.33,2,6.51699e-06,0.000128702
C1R,3522.00,2808.67,6330.67,2,3.55169e-06,0.000141523
EXTL2,3444.00,2887.33,6331.33,2,9.14319e-06,0.000100043
ST8SIA6-AS1,3688.00,2646.67,6334.67,2,2.77495e-06,0.000147691
GGT1,2038.00,4298.33,6336.33,3,9.4227e-06,0.000116757
BRAF,2897.00,3440.00,6337.00,2,1.10298e-05,9.99821e-05
SPIN4,3523.67,2814.33,6338.00,2,2.96609e-06,0.00020191
PLEKHB1,3704.33,2635.00,6339.33,2,1.92196e-06,0.00016746
NBPF20,3549.33,2790.33,6339.67,2,7.18614e-06,0.000100044
P2RY12,2700.67,3640.00,6340.67,2,1.55286e-05,9.9974e-05
ST3GAL4-AS1,3263.67,3077.33,6341.00,3,3.4126e-06,0.000129475
WDR4,3345.67,2997.33,6343.00,2,2.82861e-06,0.000172938
UBE2L6,3924.67,2418.67,6343.33,2,3.20131e-06,0.000155272
PLK1,2998.00,3345.67,6343.67,2,7.96222e-06,0.000133453
KRT10,3116.33,3227.33,6343.67,2,4.70707e-06,0.000125787
USP1,2919.00,3425.33,6344.33,2,5.61188e-06,0.000127877
AVPI1,3983.33,2361.67,6345.00,2,2.50046e-06,0.000230455
KRTCAP3,3261.67,3084.00,6345.67,2,3.50223e-06,0.000163919
LMO7,3822.33,2525.67,6348.00,2,4.22988e-06,0.000160153
ARHGAP10,3032.67,3316.33,6349.00,2,8.52284e-06,0.000100902
DPY19L2,2205.00,4144.33,6349.33,2,1.90042e-05,9.99388e-05
LOC100507535,3576.67,2773.67,6350.33,2,9.87102e-06,0.000100045
CLEC5A,3737.00,2613.33,6350.33,3,3.77489e-06,0.000116013
DOK7,1717.33,4633.33,6350.67,3,1.2639e-05,0.000112643
BMP4,3659.33,2693.67,6353.00,2,2.80113e-06,0.000152012
FLJ38379,2485.00,3868.67,6353.67,2,7.48015e-06,0.000116234
TET1,2713.67,3640.67,6354.33,2,1.14247e-05,9.99281e-05
SLC22A18,3314.00,3041.00,6355.00,2,0.000263464,0.0202028
PPP1R13B,2280.67,4075.00,6355.67,2,1.62283e-05,9.99364e-05
SYDE2,2851.33,3505.00,6356.33,2,1.00735e-05,0.000100005
ANPEP,2976.67,3380.00,6356.67,2,6.31036e-06,0.000175076
AF070581,2808.67,3548.67,6357.33,2,1.39277e-05,9.99836e-05
TENM2,2169.33,4189.33,6358.67,2,2.24718e-05,9.99345e-05
FZD1,2924.67,3434.00,6358.67,2,1.05161e-05,9.9979e-05
MRPS6,3497.00,2862.00,6359.00,2,1.335e-05,0.000100053
CWC25,2850.67,3508.33,6359.00,2,9.89496e-06,9.99987e-05
HOXA10-HOXA9,4025.33,2335.00,6360.33,2,4.24727e-06,0.000171706
PPIA,4010.33,2350.00,6360.33,2,3.21617e-06,0.000172935
DGAT2,2929.00,3432.67,6361.67,2,7.09415e-06,0.000149622
INTS6,3128.33,3233.33,6361.67,2,9.9693e-06,0.000118921
NUP54,3889.33,2473.33,6362.67,2,2.18876e-06,0.000158415
XPR1,3403.67,2959.33,6363.00,2,1.55238e-05,0.000100038
FCHO2,3326.00,3037.33,6363.33,2,6.80686e-06,0.000100027
CCDC152,3333.00,3030.67,6363.67,2,2.85295e-05,0.000124424
C17orf89,3619.00,2745.67,6364.67,2,4.98439e-06,0.000143062
AK055981,2492.33,3872.33,6364.67,2,1.36245e-05,9.99619e-05
CALD1,3071.00,3294.33,6365.33,2,4.94869e-06,0.000130798
GMPR,2199.67,4165.67,6365.33,3,8.34914e-06,0.000117746
BRD7,3072.33,3293.67,6366.00,2,6.45476e-06,0.000118112
C1GALT1,3138.33,3227.67,6366.00,2,1.03839e-05,0.000100015
PHLDB2,2660.33,3706.00,6366.33,2,6.27506e-06,0.000117605
SEMA3E,3051.67,3315.00,6366.67,2,1.11298e-05,0.000100039
HERC6,3053.67,3313.67,6367.33,2,1.35926e-05,0.000120017
CD300LF,2879.00,3488.67,6367.67,3,7.46632e-06,0.000117915
C10orf11,2090.00,4278.00,6368.00,3,1.19237e-05,0.00011652
KIAA1549,3021.33,3347.67,6369.00,2,5.50465e-06,0.000157776
EPHB2,3450.33,2920.67,6371.00,2,8.61399e-06,0.000130492
RP11-182L21.5,3348.67,3022.67,6371.33,2,3.67489e-06,0.000168605
EFHC1,2779.00,3592.33,6371.33,2,5.65973e-06,0.000129526
PPP1R9A,2790.33,3582.00,6372.33,3,4.25593e-06,0.000108607
THEM6,2727.00,3647.67,6374.67,2,5.72226e-06,0.000153691
TMA16,3525.00,2850.00,6375.00,2,6.31801e-06,0.000100086
SIX1,3859.00,2516.33,6375.33,2,4.42411e-06,0.000143328
FGFR3,3504.33,2872.00,6376.33,2,5.05324e-06,0.000141155
AC009237.8,3527.67,2850.33,6378.00,2,3.00546e-06,0.000166069
NABP1,3341.33,3037.00,6378.33,2,4.13901e-06,0.000137814
F2RL2,3620.33,2758.00,6378.33,2,8.47368e-06,0.000143318
PDE5A,3317.33,3061.67,6379.00,2,1.33095e-05,0.00010005
KITLG,3082.33,3297.67,6380.00,2,9.62417e-06,9.99997e-05
CBX7,3190.33,3190.33,6380.67,2,1.7386e-05,0.00010004
CTD-2035E11.5,3157.00,3224.00,6381.00,2,1.11682e-05,0.000100002
PPFIBP1,2814.00,3567.00,6381.00,2,5.52632e-06,0.000131536
LOC100289230,3403.67,2977.67,6381.33,2,1.39985e-05,0.000100032
ZNF532,3936.00,2446.67,6382.67,2,1.29127e-06,0.000158196
FSCN1,3638.67,2744.33,6383.00,2,2.30503e-06,0.000169624
MYNN,3220.33,3163.00,6383.33,2,9.84837e-06,0.000121218
CPXM1,2799.00,3585.00,6384.00,3,4.1624e-06,0.000120271
F5,2480.00,3904.67,6384.67,3,4.84167e-06,0.000122218
CATSPERB,2105.00,4280.33,6385.33,3,5.77271e-06,0.000114708
MORC4,3236.67,3149.67,6386.33,2,4.03897e-06,0.000152008
ZNF526,3584.33,2803.33,6387.67,2,2.22684e-06,0.00014767
ACSL1,3044.67,3343.33,6388.00,2,7.5273e-06,0.000118311
GTSF1,3830.33,2557.67,6388.00,3,1.98298e-06,0.000146456
WDR5B,3034.33,3354.00,6388.33,2,8.81102e-06,9.99874e-05
MYLK,3210.67,3178.33,6389.00,2,2.45362e-05,0.000122061
SCML1,2500.00,3889.67,6389.67,2,1.70147e-05,0.000141312
TTC39B,3455.67,2935.00,6390.67,2,8.89775e-06,0.00010007
SCYL3,3308.33,3082.33,6390.67,2,1.19154e-05,0.000100017
SERPING1,3384.33,3007.67,6392.00,2,3.57482e-06,0.000171727
SPAG9,3689.67,2703.67,6393.33,2,5.31318e-06,0.000100082
GRAMD3,3250.33,3143.00,6393.33,2,4.65683e-06,0.000126807
FAM133A,3544.67,2850.00,6394.67,2,1.13273e-05,0.000100034
RAPH1,3251.33,3143.33,6394.67,2,4.06603e-06,0.000134934
SLAMF1,3213.00,3182.00,6395.00,2,6.04645e-06,0.00023091
COBL,3262.00,3133.67,6395.67,2,3.47243e-06,0.000134074
RAB23,3805.67,2590.00,6395.67,3,1.06083e-06,0.000122845
ATP7A,2898.33,3497.33,6395.67,2,5.2973e-06,0.000117546
RP11-373D23.2,2853.33,3543.00,6396.33,3,5.29817e-06,0.000115697
CLEC14A,2096.00,4301.00,6397.00,2,2.60906e-05,9.99236e-05
MORF4L2,2960.00,3437.67,6397.67,2,5.37924e-06,0.000128338
LY86,3296.00,3102.67,6398.67,2,9.69274e-06,0.000100011
AHSA2,3799.00,2600.33,6399.33,2,4.17732e-06,0.000142342
CHD6,2563.00,3836.33,6399.33,2,6.93611e-06,0.000128769
MOB3B,3021.67,3379.33,6401.00,2,4.33137e-06,0.000150343
RNPC3,3039.00,3362.33,6401.33,2,5.2556e-06,0.000128689
EID1,3431.67,2970.00,6401.67,2,3.43331e-06,0.000138691
ITSN2,3465.67,2936.00,6401.67,2,3.97407e-06,0.000139009
GBF1,3815.67,2587.00,6402.67,2,1.52043e-06,0.000179019
BAZ2B,3199.67,3204.00,6403.67,2,1.02234e-05,0.000100003
ECE2,3372.00,3033.00,6405.00,2,7.55419e-06,0.000194629
FNBP4,3309.00,3096.00,6405.00,2,4.40207e-06,0.000138294
GORAB,3218.67,3188.67,6407.33,2,1.50617e-05,0.000100049
LINC00537,3072.67,3334.67,6407.33,2,8.06994e-06,0.000121198
MITF,4004.33,2404.33,6408.67,2,3.76509e-06,0.000201407
AL833181,3468.33,2941.00,6409.33,3,1.96282e-06,0.000126926
ANGPT1,2211.33,4198.00,6409.33,2,1.90069e-05,9.99316e-05
NR1D2,3311.67,3100.00,6411.67,2,7.3258e-06,0.000125378
TMEM38B,3916.00,2497.00,6413.00,2,1.63882e-06,0.000177482
SESTD1,3384.33,3029.33,6413.67,2,3.70567e-06,0.000133421
PITPNM1,3861.00,2553.00,6414.00,2,1.81504e-06,0.000167111
NUDT7,3982.33,2433.33,6415.67,2,2.4131e-06,0.00015182
HPDL,2974.33,3441.67,6416.00,2,5.88836e-06,0.000127317
PRMT1,3518.00,2898.67,6416.67,2,2.86107e-06,0.000144541
ARHGAP29,3065.33,3352.33,6417.67,2,4.68692e-06,0.000131659
COL2A1,3885.33,2533.33,6418.67,2,4.31348e-06,0.000154576
CTB-31O20.2,2642.67,3776.33,6419.00,2,8.32895e-06,0.000119652
C8orf4,2639.67,3780.00,6419.67,3,5.43964e-06,0.000117852
MLH1,3497.67,2922.33,6420.00,2,6.50492e-06,0.000100058
LYSMD3,3931.67,2488.67,6420.33,2,4.38972e-06,0.000100079
AFMID,4111.00,2311.67,6422.67,2,9.77178e-07,0.000296515
SMG8,3620.67,2802.00,6422.67,2,5.42144e-06,0.00010004
RET,3771.00,2652.33,6423.33,2,2.61151e-06,0.000226141
DNER,3448.00,2977.33,6425.33,2,6.35775e-06,0.000100025
AQP3,2699.67,3726.00,6425.67,3,4.12853e-06,0.000124844
LOC339988,3400.67,3025.33,6426.00,2,2.80541e-06,0.000153682
SHE,2225.33,4200.67,6426.00,2,1.73804e-05,9.99268e-05
HSD3B7,2997.00,3429.67,6426.67,2,4.29055e-06,0.000131297
IL6R,3319.33,3108.33,6427.67,2,3.88361e-06,0.000122992
RNF139,2700.33,3727.67,6428.00,2,6.1773e-06,0.000116944
TTC7B,3291.00,3137.67,6428.67,3,7.71279e-06,0.000136114
ADAMTS5,3349.67,3079.00,6428.67,2,1.84771e-05,0.000123065
CAMK2N1,3525.67,2904.33,6430.00,2,3.17298e-06,0.000132812
VILL,3521.00,2909.00,6430.00,2,6.29874e-06,0.000149351
RAPGEF5,2984.33,3446.67,6431.00,2,8.78857e-06,9.99793e-05
SLCO5A1,3276.00,3155.00,6431.00,2,0.000523814,0.000100014
KRT4,3827.33,2605.00,6432.33,2,2.75532e-06,0.000153853
ZNF595,2840.00,3592.33,6432.33,2,1.45032e-05,0.000165652
FSTL3,2753.33,3679.33,6432.67,2,5.68547e-06,0.000141649
HDHD1,3333.00,3100.00,6433.00,2,2.92512e-06,0.00015314
RNASE1,4156.00,2277.00,6433.00,2,2.76945e-06,0.00015727
SEMA6D,3251.67,3181.33,6433.00,2,7.70765e-06,0.0001399
C9orf3,3015.33,3418.00,6433.33,2,8.9593e-06,9.99839e-05
ALDH3B2,3554.00,2880.00,6434.00,2,1.00534e-05,0.000137682
PHLDA1,3670.33,2764.33,6434.67,2,7.12301e-06,0.000153034
ACVR1,3492.67,2943.67,6436.33,2,7.09984e-06,0.000100072
MYO6,3363.33,3073.00,6436.33,2,3.67516e-06,0.000201923
NARR,3125.00,3312.00,6437.00,2,5.2273e-06,0.000131513
TCN2,3156.33,3280.67,6437.00,2,1.1063e-05,0.00010001
PORCN,3689.33,2748.67,6438.00,2,1.77118e-06,0.000160686
ANGPTL4,3670.33,2768.67,6439.00,2,3.11264e-06,0.000181413
ZNF606,3573.00,2866.33,6439.33,2,3.20707e-06,0.000141329
SCG2,2845.67,3594.00,6439.67,3,3.63002e-06,0.000116378
TOM1,3654.00,2786.67,6440.67,2,1.92925e-06,0.000196592
TUBGCP5,3091.67,3350.67,6442.33,2,4.70999e-06,0.000121712
LOC102724316,2585.00,3857.67,6442.67,2,1.34441e-05,9.99534e-05
KIAA1551,3019.00,3424.00,6443.00,2,5.00047e-06,0.000124509
HNRNPA1P37,2787.33,3655.67,6443.00,2,1.16697e-05,9.998e-05
SERPINB3,2499.33,3943.67,6443.00,3,4.86019e-06,0.000118058
ZNF441,3099.67,3345.33,6445.00,2,1.64001e-05,9.999e-05
LOC101928789,2761.67,3684.00,6445.67,2,1.14371e-05,9.9953e-05
MARCH1,3879.00,2567.00,6446.00,2,2.77108e-06,0.000152125
E2F5,3012.33,3434.00,6446.33,2,4.69286e-06,0.000127939
LOC728061,3117.67,3329.00,6446.67,2,4.47129e-06,0.000128384
EVL,3695.33,2752.00,6447.33,2,3.80603e-06,0.000141092
LINC01139,3175.33,3272.33,6447.67,2,9.22542e-06,0.000100014
STON1,3470.67,2977.67,6448.33,2,3.31444e-06,0.000142199
WNK4,3273.33,3175.00,6448.33,2,3.49543e-06,0.000188753
RPL10,3718.00,2731.67,6449.67,2,4.97109e-06,0.000138148
HSD17B11,3430.00,3020.00,6450.00,2,6.62234e-06,0.000100117
AF520793,2965.67,3485.33,6451.00,2,5.33216e-06,0.000122325
FAM27E2,3807.67,2643.67,6451.33,2,2.19892e-06,0.000166224
KIAA0355,3339.33,3112.00,6451.33,2,9.1447e-06,0.000100014
NPL,2870.33,3581.33,6451.67,2,5.62145e-06,0.00012861
ACAP2,3067.00,3386.00,6453.00,2,4.57433e-06,0.000118563
GALNT6,3655.67,2797.33,6453.00,2,5.19053e-06,0.000140578
LOC100505812,3115.00,3338.67,6453.67,2,1.48032e-05,0.000100003
ATP5G2,4097.67,2356.00,6453.67,2,2.10823e-06,0.000168497
RASL10A,3327.33,3126.33,6453.67,2,4.32524e-06,0.000127693
AK022030,3262.33,3192.00,6454.33,2,6.6143e-06,0.000143614
ANKRD36,3049.00,3405.33,6454.33,2,4.65941e-06,0.000121648
ABCA9,2632.67,3822.67,6455.33,2,1.18723e-05,9.99667e-05
TSIX,3902.00,2553.33,6455.33,2,5.50052e-06,0.000100066
AGAP4,3875.00,2581.67,6456.67,2,2.61877e-06,0.000160459
CD86,3199.33,3257.33,6456.67,2,7.49693e-06,0.000100025
OIP5,3488.00,2971.00,6459.00,2,7.76816e-06,0.000149079
ADIPOQ,3165.33,3293.67,6459.00,2,1.47318e-05,0.000118115
C15orf37,2566.67,3892.67,6459.33,2,1.26128e-05,9.99487e-05
PSMC6,4068.00,2392.00,6460.00,2,2.98869e-06,0.000156883
TET2,4014.67,2447.00,6461.67,2,4.63789e-06,0.000100154
ISLR,3285.33,3177.33,6462.67,2,4.86213e-06,0.000214562
ELAVL2,3008.00,3455.33,6463.33,2,5.46801e-06,0.000129889
FAT3,3596.33,2867.33,6463.67,2,6.73417e-06,0.000100055
ASAP1,2917.67,3547.67,6465.33,2,5.24762e-06,0.000130833
TGFA,3724.67,2741.33,6466.00,2,3.51619e-06,0.000193859
SAMD5,3285.67,3180.33,6466.00,2,7.67594e-06,0.000133655
PDGFC,1928.00,4538.33,6466.33,3,1.11227e-05,0.000110461
LRRC10B,3828.00,2639.33,6467.33,2,2.03687e-06,0.000170337
MB21D2,2332.67,4135.33,6468.00,2,1.64423e-05,9.99399e-05
GALNT2,3238.00,3230.33,6468.33,2,1.0533e-05,0.000100047
OLR1,3362.00,3106.33,6468.33,2,5.03527e-06,0.000128323
WBSCR22,4118.00,2352.00,6470.00,2,2.77499e-06,0.000182016
SERPINB8,4038.33,2433.33,6471.67,2,1.33253e-06,0.000208992
ST3GAL6,3804.00,2668.00,6472.00,2,2.73937e-06,0.000140986
PXDN,3869.33,2603.00,6472.33,3,2.22907e-06,0.000121187
EDRF1,3765.67,2707.00,6472.67,2,6.07174e-06,0.000139383
HAGLR,3316.67,3156.67,6473.33,2,3.88223e-06,0.000122167
TMEM231,2542.33,3932.00,6474.33,2,1.27101e-05,9.99371e-05
EXOC2,3254.67,3220.00,6474.67,2,7.19161e-06,0.000100014
ATP11C,3187.33,3287.33,6474.67,2,9.50541e-06,0.000124039
BGN,3027.33,3447.33,6474.67,2,4.79371e-06,0.000134072
PURA,3138.67,3337.00,6475.67,2,1.19247e-05,0.00011356
RTKN2,2459.67,4017.33,6477.00,2,2.02737e-05,9.99058e-05
MGC70870,4010.00,2467.67,6477.67,2,4.33077e-06,0.00010008
KLHL15,3375.33,3102.67,6478.00,2,7.44887e-06,0.000100054
SCRG1,4443.33,2035.33,6478.67,2,1.15163e-06,0.000242474
ZNF311,3256.33,3222.33,6478.67,2,7.21889e-06,0.000100001
ACADS,3666.67,2812.33,6479.00,2,6.33472e-06,0.000156318
ARHGAP18,2391.00,4089.67,6480.67,2,1.51787e-05,9.9879e-05
NUDCD1,3226.00,3255.00,6481.00,2,1.12558e-05,0.000100003
HSD17B12,3612.33,2868.67,6481.00,2,9.00444e-06,0.000134831
HVCN1,2895.00,3587.67,6482.67,2,1.24014e-05,9.99485e-05
CEP104,2786.33,3697.33,6483.67,2,5.6381e-06,0.000115479
PLIN4,3234.33,3249.33,6483.67,2,8.34909e-06,0.000129608
TK1,3420.00,3064.00,6484.00,2,7.56407e-06,0.000129025
FAM49B,3289.33,3195.00,6484.33,2,9.73431e-06,0.000100012
TSPAN6,3264.00,3220.33,6484.33,2,3.56612e-06,0.000152687
LOC730102,3476.67,3009.33,6486.00,2,3.97766e-06,0.000140269
TSHZ3,3080.00,3408.67,6488.67,2,1.20848e-05,9.99953e-05
ZNF711,3781.00,2708.00,6489.00,2,4.40144e-06,0.00014684
SUCO,3704.33,2785.33,6489.67,2,3.5385e-06,0.000146171
ARL13B,2559.33,3930.33,6489.67,2,1.25119e-05,9.99437e-05
C7orf55-LUC7L2,3416.67,3073.33,6490.00,2,6.50687e-06,0.000100014
TYMS,3474.67,3016.67,6491.33,2,6.09699e-06,0.000131582
ITGB2-AS1,3398.67,3092.67,6491.33,2,1.30996e-05,0.000100017
ADH4,4330.33,2161.00,6491.33,2,1.81178e-06,0.00017037
CCDC92,3638.33,2854.00,6492.33,2,7.91982e-06,0.000100077
LBX2-AS1,3834.00,2658.67,6492.67,2,1.68208e-06,0.000173501
PLGLB1,2892.67,3601.00,6493.67,2,5.37817e-06,0.000108504
HLA-DQB2,3597.00,2896.67,6493.67,2,8.43681e-06,0.000100037
POGZ,2835.00,3660.33,6495.33,2,6.05058e-06,0.000130388
ZNF468,3346.00,3150.33,6496.33,2,3.67715e-06,0.000136203
FEN1,3392.33,3104.00,6496.33,2,7.30897e-06,0.000130682
SETX,2954.33,3542.33,6496.67,2,1.12777e-05,9.99596e-05
ZBTB2,3581.33,2916.00,6497.33,2,5.951e-06,0.000100148
VIM,3001.67,3497.33,6499.00,2,5.54819e-06,0.000117425
RAB27A,2994.67,3504.33,6499.00,2,8.98596e-06,9.99896e-05
PRAME,3055.67,3446.67,6502.33,2,4.22598e-06,0.000124529
GABRB2,2749.67,3753.00,6502.67,2,1.10761e-05,9.99752e-05
DAPK1,3867.00,2636.00,6503.00,2,4.38988e-06,0.000147057
PPARG,3421.00,3082.00,6503.00,2,6.64077e-06,0.000127784
ZNF624,3359.00,3144.67,6503.67,2,6.65438e-06,0.000100008
MCOLN3,2404.67,4100.67,6505.33,2,1.54132e-05,9.99447e-05
RFTN2,2170.00,4335.67,6505.67,2,1.91346e-05,9.98378e-05
CPVL,2326.67,4179.33,6506.00,3,5.43211e-06,0.000113472
GIMAP4,3998.67,2507.67,6506.33,2,2.42637e-06,0.000177551
HNRNPU-AS1,3239.00,3269.00,6508.00,2,4.33011e-06,0.000134258
ARMCX1,3324.00,3184.33,6508.33,2,3.89858e-06,0.000122092
LOC101928916,4236.00,2274.33,6510.33,2,1.66753e-06,0.000297934
C2orf42,3010.00,3500.33,6510.33,2,8.61074e-06,9.99872e-05
RP11-216L13.19,3754.67,2756.00,6510.67,2,1.96985e-06,0.000145926
ADORA3,2806.33,3704.33,6510.67,2,1.03101e-05,9.99607e-05
ST6GALNAC1,3787.00,2724.33,6511.33,3,2.8899e-06,0.000153617
GLCCI1,2820.33,3692.33,6512.67,2,6.87697e-06,0.000123839
MORC3,3533.67,2979.33,6513.00,2,3.09182e-06,0.00015772
DDX17,3584.33,2929.00,6513.33,2,4.4761e-06,0.000138108
PDE8B,2143.00,4370.67,6513.67,2,1.92086e-05,9.99081e-05
C14orf28,2837.00,3677.67,6514.67,2,1.30819e-05,9.99779e-05
AL132709.8,3019.67,3495.00,6514.67,2,9.75795e-06,9.9971e-05
RASSF10,3395.67,3119.33,6515.00,3,4.29202e-06,0.000147201
TNFSF10,3340.33,3174.67,6515.00,2,3.81459e-06,0.000125957
RBM12B,3455.00,3060.33,6515.33,2,3.32409e-06,0.000144454
DMXL2,2980.00,3536.00,6516.00,2,9.39604e-06,9.99968e-05
BC044596,3297.00,3220.33,6517.33,2,3.17755e-06,0.000152551
TMEM52,4149.00,2368.67,6517.67,2,1.03769e-06,0.000244868
HEATR5B,3313.67,3204.33,6518.00,2,7.41305e-06,0.000100011
NDUFA10,4114.00,2405.67,6519.67,2,3.62809e-06,0.000176306
ABCA11P,2723.00,3797.00,6520.00,2,1.11112e-05,9.99719e-05
COL15A1,3504.00,3016.33,6520.33,2,3.13708e-06,0.000154884
HSPB6,4380.33,2140.67,6521.00,2,9.22886e-07,0.000161677
CD274,2128.00,4393.00,6521.00,3,1.21834e-05,0.000113118
FAM200B,2957.67,3565.33,6523.00,2,9.0041e-06,9.99725e-05
RP11-454F8.2,3582.33,2941.33,6523.67,2,7.17152e-06,0.000100027
GALNT15,1944.67,4579.00,6523.67,2,2.56346e-05,9.98926e-05
KCTD3,2928.00,3596.00,6524.00,2,5.15345e-06,0.000127037
SOX17,2056.67,4468.00,6524.67,2,2.25377e-05,9.98722e-05
ZNF552,3841.33,2683.67,6525.00,2,2.18369e-06,0.000146221
HAT1,3153.00,3374.00,6527.00,2,4.44419e-06,0.000136376
CENPC,3669.00,2858.33,6527.33,2,5.87357e-06,0.000100085
DENND1B,3805.67,2722.00,6527.67,2,4.97733e-06,0.000145604
SRPK1,3337.33,3190.67,6528.00,2,3.34274e-06,0.000148034
ACRC,2815.67,3713.67,6529.33,2,1.01851e-05,9.99513e-05
OSBPL11,3696.67,2832.67,6529.33,2,6.34256e-06,0.000102026
CCDC151,3877.00,2652.33,6529.33,2,1.27614e-06,0.000164896
DPY19L2P2,2416.00,4114.67,6530.67,2,1.83782e-05,9.99324e-05
PNMA1,3514.33,3017.33,6531.67,2,3.1422e-06,0.000131178
C9orf114,3207.33,3325.00,6532.33,2,4.90829e-06,0.000142669
STC1,3010.33,3522.00,6532.33,2,4.72133e-06,0.000142561
CST2,2692.33,3841.67,6534.00,2,9.50225e-06,0.000134608
SUCNR1,2851.00,3683.00,6534.00,3,6.08445e-06,0.000122082
TLCD1,3644.00,2890.33,6534.33,2,3.49809e-06,0.000141637
ARHGAP32,3938.67,2596.67,6535.33,2,1.50235e-06,0.000155516
BMP7,3670.00,2866.33,6536.33,2,2.01731e-06,0.000141004
EXOC8,3768.00,2768.67,6536.67,2,6.00682e-06,0.000100045
LOXL1,3643.00,2893.67,6536.67,2,2.71113e-06,0.000201567
ZNF322,3376.67,3160.33,6537.00,2,1.90305e-05,0.000100108
LAMA5,3672.00,2865.67,6537.67,2,2.56241e-06,0.000227551
IRAK3,2135.67,4403.00,6538.67,2,1.99817e-05,9.99072e-05
GSR,3546.33,2992.33,6538.67,2,3.51654e-06,0.00019407
IGSF10,2678.33,3860.67,6539.00,2,2.11853e-05,9.99481e-05
RPS6KA3,3487.33,3053.67,6541.00,2,2.53821e-06,0.000163424
ALDH8A1,2339.00,4202.33,6541.33,3,7.32953e-06,0.000112586
LOC100131262,3108.33,3433.33,6541.67,3,4.03807e-06,0.000110162
KLK11,2337.33,4205.67,6543.00,3,1.97326e-05,0.00011582
RAB12,4258.33,2285.67,6544.00,2,2.70553e-06,0.000160847
WNT11,3029.33,3515.33,6544.67,2,4.21552e-06,0.000143704
CXCR2,3361.33,3183.67,6545.00,2,4.25161e-06,0.000144874
RP11-96D1.11,3452.67,3093.00,6545.67,2,6.69606e-06,0.000100016
SERTAD1,2511.33,4034.33,6545.67,2,1.30911e-05,9.99016e-05
STRN3,3433.00,3113.67,6546.67,2,8.32863e-06,0.000100011
ALDOC,3935.00,2612.00,6547.00,2,1.9967e-06,0.000182015
RBM19,3098.67,3449.00,6547.67,2,4.07606e-06,0.000159448
PPP2R3A,3438.00,3110.00,6548.00,2,3.43019e-06,0.000127386
PSMB8,2923.00,3625.67,6548.67,2,5.0791e-06,0.000129211
POMT1,3151.67,3397.00,6548.67,2,1.25625e-05,9.99854e-05
DCUN1D4,3737.00,2813.67,6550.67,2,5.40951e-06,0.000100037
ERI1,3337.67,3214.00,6551.67,2,8.70623e-06,0.000100212
TCAM1P,2968.33,3583.67,6552.00,2,4.43277e-06,0.000127739
CEP83,4155.33,2396.67,6552.00,2,2.55665e-06,0.000208564
GCNT1,3209.33,3343.00,6552.33,2,3.36415e-06,0.000129573
TMC5,2822.33,3730.33,6552.67,3,4.18154e-06,0.000111578
SPC25,2567.00,3986.33,6553.33,2,9.02045e-06,0.000131406
GABPA,3340.33,3213.33,6553.67,2,8.15349e-06,0.000100013
CYP39A1,3110.00,3444.33,6554.33,3,7.08747e-06,0.000125254
UBXN10,3470.00,3085.33,6555.33,2,2.86921e-06,0.000173961
C1orf64,3710.00,2847.67,6557.67,2,1.73944e-06,0.000189241
ZFP36L1,3545.67,3012.00,6557.67,2,1.14128e-05,0.000128898
TMC4,3573.33,2984.33,6557.67,2,3.07073e-06,0.000178506
DQ570835,3737.67,2821.67,6559.33,2,5.32195e-06,0.000100037
PCDHB4,2688.67,3871.67,6560.33,2,1.13424e-05,9.99594e-05
FKBP4,3940.00,2620.33,6560.33,2,4.52598e-06,0.000145425
SNHG9,3601.00,2959.67,6560.67,2,4.03666e-06,0.000175971
BCL10,3377.67,3183.33,6561.00,2,1.3208e-05,0.000122863
TCEAL2,2145.67,4415.33,6561.00,3,1.269e-05,0.000111189
SH3RF1,3163.00,3398.33,6561.33,2,8.54332e-06,9.99899e-05
TBK1,2978.67,3584.00,6562.67,2,8.83692e-06,9.99639e-05
FANK1,2830.33,3732.33,6562.67,2,1.01142e-05,9.99523e-05
NFKBIE,3632.67,2931.67,6564.33,2,8.48357e-06,0.000100031
RBM7,2518.67,4047.00,6565.67,2,1.74692e-05,9.9844e-05
DICER1,3306.67,3259.00,6565.67,2,1.18602e-05,0.000127295
C2CD5,3341.00,3228.67,6569.67,2,4.11263e-06,0.000132728
RDH10,3668.00,2902.33,6570.33,2,2.96285e-06,0.0001737
KIF3A,3382.00,3189.00,6571.00,3,2.32012e-06,0.000117569
SNAI2,3841.00,2730.00,6571.00,2,5.11341e-06,0.000134775
LINC00526,4048.67,2523.33,6572.00,2,1.25478e-06,0.000177263
PIGM,2985.33,3587.00,6572.33,2,8.76291e-06,9.99501e-05
TBL1XR1,3212.33,3361.67,6574.00,2,5.5772e-06,0.000119419
XPA,3060.33,3514.33,6574.67,2,1.26674e-05,9.99938e-05
C2orf54,3479.67,3095.33,6575.00,2,2.40029e-06,0.000167817
CCDC186,2890.00,3685.33,6575.33,2,1.01371e-05,9.99774e-05
LGALS3,3268.33,3308.33,6576.67,2,7.91422e-06,0.000100044
AC018816.3,3466.67,3110.33,6577.00,2,2.40904e-06,0.000148212
HLTF,3380.67,3198.00,6578.67,2,4.0854e-06,0.000137624
FZD5,4087.67,2491.00,6578.67,2,1.15636e-06,0.00021115
ACTL10,3349.67,3230.00,6579.67,2,2.94347e-06,0.000144573
DISP1,3568.33,3011.67,6580.00,2,6.36922e-06,0.000100027
GSTA4,2909.00,3671.67,6580.67,2,5.92357e-06,0.000110138
CEP97,2742.00,3839.00,6581.00,2,6.35988e-06,0.000116664
CRELD2,3486.33,3095.33,6581.67,2,6.75521e-06,0.000100041
EGOT,3590.67,2991.33,6582.00,2,3.07369e-06,0.000142047
ICE1,4297.67,2285.33,6583.00,2,2.77481e-06,0.000164791
TDRD9,2398.00,4186.00,6584.00,2,1.6316e-05,9.98873e-05
BUD31,3954.33,2630.33,6584.67,2,3.08738e-06,0.000152356
ZNF367,3142.33,3442.67,6585.00,2,3.65114e-06,0.000125055
SPNS2,3198.00,3388.33,6586.33,2,3.66758e-06,0.000142792
DZIP3,2914.67,3672.33,6587.00,2,9.63036e-06,9.99825e-05
IRF8,2656.67,3930.33,6587.00,2,6.19598e-06,0.000128039
E2F7,3144.33,3446.00,6590.33,2,4.40593e-06,0.000138967
DENND2A,3922.00,2668.33,6590.33,2,2.62333e-06,0.000192484
TTC14,3158.67,3432.33,6591.00,2,4.29376e-06,0.000118762
TINCR,3699.67,2892.00,6591.67,2,1.73557e-06,0.000142894
IRF2BPL,3149.67,3442.33,6592.00,2,4.31874e-06,0.00012716
NUCB2,3180.67,3411.67,6592.33,2,4.27021e-06,0.000128275
SPCS3,3594.67,2997.67,6592.33,2,6.16382e-06,0.000100104
PRELP,3395.00,3197.33,6592.33,2,6.66812e-06,0.000100492
TMEM2,4089.00,2503.33,6592.33,2,9.34364e-07,0.000186078
PRR16,3357.00,3235.33,6592.33,2,4.29684e-06,0.000166582
ODC1,3441.67,3151.00,6592.67,2,2.90009e-06,0.000159432
FEZ2,2686.00,3906.67,6592.67,2,6.13488e-06,0.000126424
FREM1,2212.00,4380.67,6592.67,2,1.04557e-05,0.000125852
CISD2,4189.00,2404.67,6593.67,2,2.44272e-06,0.000150235
MCM2,2403.33,4191.00,6594.33,2,1.1439e-05,0.000122545
OFD1,3021.33,3573.67,6595.00,2,4.94165e-06,0.00011638
CHAC1,4118.33,2477.33,6595.67,2,1.87291e-06,0.000213963
HEG1,3631.00,2964.67,6595.67,2,2.74449e-06,0.000133565
PLAGL1,3129.33,3466.33,6595.67,2,8.03096e-06,0.000118642
C5orf55,3590.67,3005.33,6596.00,2,6.73462e-06,0.000100052
LETMD1,2850.33,3747.00,6597.33,2,1.00767e-05,9.99211e-05
BTBD11,3939.00,2660.67,6599.67,2,1.34129e-06,0.000148473
NT5C3B,3054.33,3545.33,6599.67,2,4.93427e-06,0.000110705
RAD54L,3537.00,3063.00,6600.00,2,8.87402e-06,0.000129934
XBP1,2646.33,3954.00,6600.33,2,6.35172e-06,0.000130392
CCT6P1,4163.33,2437.67,6601.00,2,3.57212e-06,0.000100115
TMOD1,2449.00,4153.00,6602.00,2,1.42342e-05,9.99352e-05
RYR3,2491.33,4112.33,6603.67,2,1.34372e-05,9.9931e-05
GABRQ,3969.33,2634.33,6603.67,2,1.57086e-06,0.000195092
C1orf226,3427.67,3176.67,6604.33,2,2.61861e-06,0.000134022
RILPL2,3323.67,3280.67,6604.33,2,1.61327e-05,0.000100032
CPD,2762.67,3842.67,6605.33,2,1.08238e-05,9.99549e-05
ABCA7,3314.33,3292.33,6606.67,2,3.13268e-06,0.000168316
SATB1,3212.33,3394.67,6607.00,2,1.19996e-05,9.99887e-05
AMACR,3938.00,2669.67,6607.67,2,2.52282e-06,0.000210475
GPR27,2905.00,3703.00,6608.00,2,1.24407e-05,9.99641e-05
ZNF204P,2949.33,3658.67,6608.00,2,1.53361e-05,9.9944e-05
PAQR3,3267.67,3341.33,6609.00,2,7.91433e-06,0.00011891
MKI67,3314.67,3294.67,6609.33,2,1.2505e-05,0.000132175
CDK17,2735.00,3874.67,6609.67,2,1.31395e-05,9.98846e-05
HSD17B2,2779.67,3830.67,6610.33,3,1.19707e-05,0.000123974
PAQR5,3515.33,3096.33,6611.67,2,4.50006e-06,0.000146534
RFFL,3702.33,2911.00,6613.33,2,1.73819e-06,0.000162398
LMAN2,3491.00,3122.33,6613.33,2,8.23404e-06,0.000133108
EFNB2,3273.33,3340.67,6614.00,2,3.41842e-06,0.000196448
GPHN,3817.33,2797.00,6614.33,2,2.40659e-06,0.000163674
RASSF4,3317.67,3298.00,6615.67,2,4.62156e-06,0.000139823
MIR3682,3445.33,3171.33,6616.67,2,3.73298e-06,0.000129018
SPA17,3069.67,3548.00,6617.67,2,1.0558e-05,9.99677e-05
PKD2,3541.00,3076.67,6617.67,2,2.94414e-06,0.000149729
TNFAIP8,3442.33,3175.33,6617.67,2,3.90113e-06,0.000137814
SPAST,3812.00,2807.67,6619.67,2,5.11126e-06,0.000100206
ADSSL1,3574.33,3045.33,6619.67,2,2.09948e-06,0.000164756
C10orf128,2953.67,3666.67,6620.33,2,5.21054e-06,0.000133078
CTD-2311B13.7,3915.33,2706.00,6621.33,2,5.15557e-06,0.000142179
CYP27C1,3352.33,3269.33,6621.67,2,7.51851e-06,0.000100008
NTAN1,3070.33,3552.33,6622.67,2,6.27619e-06,0.000107766
TVP23B,3087.00,3536.00,6623.00,2,4.60397e-06,0.000125381
OPTN,4018.67,2604.67,6623.33,2,3.22555e-06,0.000141557
PBX1,3141.00,3483.00,6624.00,2,4.62853e-06,0.000113659
LOC100289097,2564.67,4061.00,6625.67,2,1.75915e-05,9.9947e-05
PSMA4,3262.00,3364.00,6626.00,2,4.30745e-06,0.00013052
RP11-539L10.3,3924.00,2702.33,6626.33,2,1.17411e-06,0.000173179
TNFSF14,3222.67,3404.33,6627.00,2,3.31708e-06,0.000169992
RELT,3545.00,3083.00,6628.00,2,2.198e-06,0.000142579
LOC389765,3127.67,3501.33,6629.00,2,4.38957e-06,0.000109774
HIST1H2BK,3293.33,3336.00,6629.33,2,4.21105e-06,0.000117364
KIAA1211,3003.33,3626.67,6630.00,2,6.92925e-06,0.000130104
FRZB,3756.33,2874.33,6630.67,3,3.16569e-06,0.000117959
BACH2,2951.67,3679.67,6631.33,2,9.06746e-06,9.99818e-05
C20orf194,3954.00,2679.00,6633.00,2,2.08032e-06,0.000219716
ZNF587B,3221.00,3414.67,6635.67,2,7.37651e-06,9.9995e-05
NPR3,2629.67,4006.67,6636.33,2,1.4126e-05,9.99452e-05
COL5A2,3804.33,2834.00,6638.33,2,2.91144e-06,0.000156433
GSTT2,2806.33,3832.00,6638.33,3,7.51799e-06,0.000113342
PRKD1,3608.00,3031.00,6639.00,2,8.10909e-06,0.000100018
KRT16,4316.33,2323.00,6639.33,2,1.52469e-06,0.000174952
PRKCZ,2355.33,4284.00,6639.33,2,1.57856e-05,9.99196e-05
NT5DC1,2942.33,3697.67,6640.00,2,9.07101e-06,9.9946e-05
SAMSN1,2552.67,4088.00,6640.67,2,7.24054e-06,0.000125419
ARHGAP15,2845.00,3796.00,6641.00,2,5.74905e-06,0.00013146
YRDC,3475.00,3166.67,6641.67,2,2.3959e-06,0.000130524
LOC102724611,2256.67,4385.33,6642.00,2,2.26718e-05,9.98753e-05
CDC42SE1,2973.00,3669.67,6642.67,2,5.09302e-06,0.000120639
EPDR1,3165.33,3477.67,6643.00,3,2.82454e-06,0.000116869
XCL1,3745.67,2898.33,6644.00,2,1.9343e-06,0.0001836
RICTOR,2785.67,3858.33,6644.00,2,5.6339e-06,0.000115125
PTPRN2,3579.00,3066.00,6645.00,2,2.26137e-06,0.000171964
ABHD11,3851.00,2795.67,6646.67,2,1.81156e-06,0.000227741
MAPK10,2597.67,4049.33,6647.00,2,1.26424e-05,9.98777e-05
RP11-342L8.2,2506.67,4141.00,6647.67,2,1.40267e-05,9.99319e-05
CNTLN,2387.00,4262.67,6649.67,2,1.60981e-05,9.99238e-05
DUSP4,3230.33,3420.33,6650.67,3,4.37155e-06,0.000117483
PGLYRP2,3168.00,3483.33,6651.33,2,3.89657e-06,0.000147035
TSPAN2,2706.00,3945.67,6651.67,2,1.11897e-05,9.9936e-05
ERMAP,2398.67,4253.00,6651.67,2,1.51183e-05,9.99236e-05
MED17,2794.00,3857.67,6651.67,2,1.0366e-05,9.99473e-05
AX746823,3257.67,3394.33,6652.00,2,4.02575e-06,0.000129321
SGK494,3273.67,3378.33,6652.00,2,3.93027e-06,0.000125613
TMEM63C,3702.67,2949.67,6652.33,2,6.27346e-06,0.000182837
TTC39A,3474.00,3180.00,6654.00,2,4.84557e-06,0.000137615
SLIT3,2728.00,3926.67,6654.67,2,1.10943e-05,9.99491e-05
GNA14,4133.00,2522.00,6655.00,2,8.93328e-07,0.000161117
MIA,4397.33,2259.67,6657.00,2,1.18212e-06,0.000197732
STK17A,3163.00,3494.00,6657.00,2,8.12613e-06,9.99772e-05
RPS6KA1,3455.33,3203.33,6658.67,2,2.71462e-06,0.000221834
TRIM21,3795.33,2863.33,6658.67,2,1.54742e-06,0.000147329
GABRE,3293.67,3366.00,6659.67,2,8.3752e-06,0.000123457
RASSF8-AS1,2726.67,3933.67,6660.33,2,1.71497e-05,9.99301e-05
C10orf32,3238.33,3422.00,6660.33,2,1.11038e-05,9.99951e-05
NPIPB15,2723.33,3937.33,6660.67,2,6.59931e-06,0.000125742
CFL1,3805.67,2855.33,6661.00,2,3.87831e-06,0.000136817
C9orf37,4075.00,2586.00,6661.00,2,1.1282e-06,0.000160553
RNF183,2881.33,3780.00,6661.33,3,5.90331e-06,0.000112535
GUCY1A3,3110.00,3551.67,6661.67,3,6.74812e-06,0.000116983
PCDHA1,2806.33,3856.00,6662.33,3,3.62132e-06,0.000129379
CEBPD,2470.33,4192.00,6662.33,2,1.63312e-05,9.9887e-05
SUSD2,3803.33,2859.67,6663.00,2,5.03368e-06,0.000100034
AGGF1,3505.33,3158.00,6663.33,2,4.97879e-06,0.00012705
ITPKC,2186.67,4477.33,6664.00,2,2.20384e-05,9.976e-05
RASSF9,2588.67,4075.67,6664.33,2,1.59047e-05,9.99281e-05
ARGLU1,2772.00,3892.67,6664.67,2,1.72201e-05,9.99614e-05
TASP1,3234.00,3430.67,6664.67,2,7.30519e-06,9.9979e-05
OCLN,3445.00,3220.00,6665.00,2,8.32953e-06,0.000100003
SYT17,2235.67,4429.67,6665.33,3,5.46892e-06,0.000107042
CCL22,3720.33,2945.67,6666.00,2,1.74733e-06,0.000142415
C5orf46,3965.67,2701.33,6667.00,2,3.68766e-06,0.000142212
PLEKHH1,3334.33,3335.67,6670.00,1,6.25826e-05,0.00105931
TEP1,3207.00,3464.00,6671.00,2,1.06179e-05,0.000100001
CACNA1H,3870.67,2801.00,6671.67,2,4.88495e-06,0.000135846
ZNF23,3539.67,3132.67,6672.33,2,8.7857e-06,0.000100237
PLN,3398.33,3274.00,6672.33,3,2.28745e-06,0.000113777
ERGIC2,3151.33,3521.33,6672.67,2,5.37461e-06,0.000118604
ORC1,3456.33,3216.33,6672.67,2,4.36606e-06,0.000134589
MMP10,3087.33,3586.67,6674.00,3,3.1473e-06,0.000119594
PPP1R16B,2442.67,4232.00,6674.67,2,1.75434e-05,9.99177e-05
GPRC5A,3282.00,3393.00,6675.00,2,3.08924e-06,0.000123617
FAM49A,2518.67,4156.67,6675.33,2,1.53354e-05,9.99116e-05
MAP4K1,4063.33,2612.00,6675.33,2,1.04022e-06,0.000196263
ZNF439,3241.67,3434.33,6676.00,2,7.28354e-06,0.000100011
BLNK,3924.67,2753.00,6677.67,2,3.12422e-06,0.000198199
LOC100131541,3181.67,3496.33,6678.00,2,6.43936e-06,0.000117185
WDR83,3317.00,3361.00,6678.00,2,3.36735e-06,0.000144008
LAMA3,3369.33,3309.00,6678.33,2,1.60214e-05,0.000119517
GMFG,3286.67,3392.00,6678.67,2,5.7972e-06,0.000116825
MIR4723,3881.67,2797.00,6678.67,2,1.40638e-06,0.000212626
C8orf37,3212.67,3466.67,6679.33,2,7.45803e-06,9.99749e-05
NCKAP5,2228.67,4450.67,6679.33,2,1.86109e-05,9.99059e-05
DDX60,3425.00,3254.67,6679.67,2,4.95931e-06,0.000120781
C15orf65,4116.67,2563.67,6680.33,2,3.54708e-06,0.000100066
ACKR1,3471.33,3210.00,6681.33,2,8.75012e-06,0.000136461
FAM64A,2949.67,3733.33,6683.00,2,7.41243e-06,0.000152247
AC068039.4,2161.67,4521.67,6683.33,2,1.90616e-05,9.99001e-05
FHL2,2980.67,3703.67,6684.33,2,4.44365e-06,0.000124834
HKR1,3917.00,2767.67,6684.67,2,2.08193e-06,0.000201881
CEACAM5,3133.67,3551.00,6684.67,2,7.36264e-06,0.000166421
MAGEE1,3558.67,3127.33,6686.00,2,5.76539e-06,0.000100025
NTRK2,3383.00,3303.67,6686.67,2,7.98343e-06,0.000129004
DLX2,2726.33,3960.67,6687.00,2,9.55667e-06,0.000141117
TYROBP,3644.00,3043.33,6687.33,2,6.10545e-06,0.00012727
KLF3-AS1,2276.67,4411.67,6688.33,2,1.63964e-05,9.99115e-05
ASPHD1,3070.00,3618.33,6688.33,2,4.34325e-06,0.0001274
BAMBI,3458.33,3231.00,6689.33,3,5.69876e-06,0.000114291
LYPLAL1,2742.33,3947.33,6689.67,2,6.78846e-06,0.000117926
FLJ46875,4332.67,2357.33,6690.00,2,5.72494e-07,0.000167023
TNAP,3093.33,3597.33,6690.67,2,2.30545e-05,9.99707e-05
IQCG,3096.00,3595.33,6691.33,2,4.02015e-06,0.000132001
TIMP2,3543.67,3148.00,6691.67,2,3.36597e-06,0.000131626
PRSS16,3935.33,2756.33,6691.67,3,2.68817e-06,0.000117343
SLC41A1,3757.00,2935.33,6692.33,2,7.32669e-06,0.000100042
AJUBA,4223.00,2469.67,6692.67,2,8.90182e-07,0.000149557
CBR3-AS1,3768.33,2924.67,6693.00,2,3.63901e-06,0.000150681
C2orf74,4117.67,2577.00,6694.67,2,2.79415e-06,0.000204539
PLXNA2,3075.00,3621.67,6696.67,2,1.33334e-05,9.99343e-05
SH3KBP1,3299.00,3398.33,6697.33,2,3.62012e-06,0.00015951
MAL2,3189.00,3508.33,6697.33,2,4.22596e-06,0.000131846
SSPN,3295.33,3404.00,6699.33,2,5.31072e-06,0.000120111
ARHGEF3,2982.00,3718.33,6700.33,2,6.14706e-06,0.000135184
SYT8,3063.67,3637.33,6701.00,2,4.41152e-06,0.000137854
PDE3B,2598.67,4102.33,6701.00,3,1.06354e-05,0.000114489
COL14A1,3183.33,3518.00,6701.33,2,1.73669e-05,0.000124887
FAM226A,3403.00,3299.00,6702.00,2,8.39836e-06,0.000100007
GTF2H2B,3244.67,3458.33,6703.00,2,4.81714e-06,0.000128934
ZEB1-AS1,3605.67,3097.33,6703.00,2,6.66339e-06,0.000100013
GJC1,3460.33,3243.33,6703.67,2,7.93956e-06,0.000100028
PER2,3345.67,3359.33,6705.00,1,1.51545e-05,0.000476789
ZNF623,3166.00,3539.33,6705.33,2,5.81068e-06,0.000118613
LAPTM5,3770.67,2936.00,6706.67,2,5.20251e-06,0.000167168
ID2,3946.00,2761.00,6707.00,2,3.23228e-06,0.000142445
MOCS3,3788.00,2919.33,6707.33,2,1.57208e-06,0.000198449
LATS1,3635.67,3072.00,6707.67,2,8.40358e-06,0.000151934
KLHL5,3537.67,3170.67,6708.33,2,2.63543e-06,0.000143811
IKBIP,3393.67,3319.00,6712.67,2,3.56111e-06,0.0001399
RMDN2,2666.33,4046.33,6712.67,2,1.30165e-05,9.99392e-05
PDIK1L,3411.67,3303.67,6715.33,2,3.53383e-06,0.000130028
GPR65,3705.00,3011.00,6716.00,2,3.63773e-06,0.000138692
DACT1,2865.00,3851.00,6716.00,3,4.80555e-06,0.000111202
TRAPPC13,3907.67,2808.33,6716.00,2,4.68537e-06,0.000100054
THUMPD1,4602.67,2113.67,6716.33,2,2.00159e-06,0.000231069
CENPO,3838.67,2878.00,6716.67,2,1.38508e-06,0.000155749
PREX1,2971.33,3745.33,6716.67,2,6.81651e-06,0.000111362
PRTG,2633.33,4083.67,6717.00,2,1.16408e-05,9.99126e-05
TYW3,3264.00,3455.67,6719.67,2,7.36518e-06,9.99777e-05
FTH1,3345.00,3375.00,6720.00,1,0.000176142,0.000100423
FBXL16,3944.67,2775.67,6720.33,2,4.75196e-06,0.000147687
SKIL,3239.67,3481.33,6721.00,2,8.12668e-06,0.00011133
C14orf37,3260.67,3461.67,6722.33,2,7.16744e-06,9.99762e-05
ZFP57,3197.00,3525.33,6722.33,2,3.42156e-06,0.000140673
PTPN14,3811.00,2911.67,6722.67,2,2.35121e-06,0.000149754
PRRX1,3702.33,3021.00,6723.33,2,3.56905e-06,0.000157725
CA11,2752.00,3972.00,6724.00,3,3.94596e-06,0.000107499
THBD,2769.00,3956.67,6725.67,2,2.00131e-05,9.99312e-05
CD79A,4127.67,2598.00,6725.67,2,3.12661e-06,0.000139684
APH1B,2446.00,4279.67,6725.67,2,1.45308e-05,9.99231e-05
WBP5,3155.33,3572.33,6727.67,2,5.17901e-06,0.000116563
HERC4,3433.00,3295.67,6728.67,2,7.05557e-06,0.000116434
TM6SF1,3151.67,3577.33,6729.00,2,7.79161e-06,9.99896e-05
DTWD1,3047.67,3681.33,6729.00,2,6.32023e-06,0.000114378
TIGD7,3393.67,3336.00,6729.67,2,7.27192e-06,0.0001
GBP1,3158.00,3572.33,6730.33,2,5.26982e-06,0.000128449
STAM,2991.33,3739.67,6731.00,2,9.1385e-06,9.99468e-05
FAM179B,4209.67,2521.67,6731.33,2,2.80026e-06,0.00015499
HOXC9,3536.67,3195.00,6731.67,2,9.84828e-06,0.000132388
HMGB3P1,3189.67,3543.33,6733.00,2,3.90898e-06,0.000139686
ORMDL1,3859.00,2874.00,6733.00,2,4.80536e-06,0.000100058
IRAK1,4051.33,2682.00,6733.33,2,1.71492e-06,0.000157311
FBXL13,2821.33,3914.00,6735.33,2,1.24529e-05,9.99215e-05
APLN,3790.00,2947.00,6737.00,2,2.32558e-06,0.000152043
PARP3,3638.00,3099.67,6737.67,2,1.93758e-06,0.000179206
CELF6,3044.67,3693.67,6738.33,2,8.53175e-06,9.99781e-05
ABLIM1,2152.33,4586.00,6738.33,2,1.89657e-05,9.98878e-05
TRIB1,3703.33,3035.67,6739.00,2,4.52505e-06,0.000160052
GALE,3453.33,3285.67,6739.00,2,2.87845e-06,0.000135312
LOC220729,3944.33,2795.67,6740.00,2,2.65865e-06,0.000171294
RBAK,3414.67,3325.67,6740.33,2,6.61335e-06,0.000100001
KCNH2,3919.67,2820.67,6740.33,2,2.05129e-06,0.000178786
LOC284926,3790.00,2950.67,6740.67,2,5.36036e-06,0.000100043
RPA2,3212.33,3528.33,6740.67,2,7.45535e-06,9.9952e-05
SPRTN,2989.00,3752.00,6741.00,2,9.06405e-06,9.99452e-05
C4orf47,2622.33,4119.00,6741.33,2,1.17815e-05,9.9934e-05
FA2H,3987.00,2754.67,6741.67,2,3.93232e-06,0.000154851
LOC441528,3511.67,3230.67,6742.33,2,2.38477e-06,0.000132857
MARK1,2415.00,4328.33,6743.33,2,1.4334e-05,9.99113e-05
EFHD2,3709.33,3034.33,6743.67,2,1.71369e-06,0.000145736
ZNF117,3587.33,3156.33,6743.67,2,9.73223e-06,0.000100046
LARP7,3461.67,3282.67,6744.33,2,9.21545e-06,0.000117936
G6PD,3588.00,3157.33,6745.33,2,6.52102e-06,0.000132368
COMMD7,3874.33,2871.67,6746.00,2,5.05898e-06,0.000136725
LOC339803,4126.00,2620.33,6746.33,2,3.79112e-06,0.000100065
CXXC4,3708.67,3038.67,6747.33,2,1.71521e-06,0.000142631
ARRDC2,2347.33,4400.00,6747.33,2,1.54027e-05,9.99135e-05
LOC101928099,2828.67,3919.67,6748.33,2,5.15518e-06,0.000136734
YDJC,3392.33,3360.67,6753.00,2,3.03464e-06,0.000135082
TMEM97,3360.67,3394.33,6755.00,2,4.58486e-06,0.000139473
CES4A,3957.33,2798.67,6756.00,2,2.27812e-06,0.00015073
PAK3,2331.00,4425.33,6756.33,2,1.54836e-05,9.98738e-05
TNIK,2233.33,4523.67,6757.00,3,1.16932e-05,0.000110976
SLC31A2,3084.33,3673.33,6757.67,2,4.56918e-06,0.000126004
MPHOSPH6,2869.33,3888.33,6757.67,2,9.81585e-06,9.99489e-05
MGC12488,2579.67,4178.67,6758.33,2,1.2997e-05,9.99355e-05
AS3MT,3077.33,3682.33,6759.67,2,4.63699e-06,0.000119505
ZNF813,3855.67,2906.33,6762.00,2,2.67835e-06,0.000164553
CNST,2892.67,3869.33,6762.00,2,1.56057e-05,9.99605e-05
MACROD2,2548.33,4213.67,6762.00,2,1.30378e-05,9.99321e-05
SLC44A5,3334.67,3427.67,6762.33,1,0.00293744,0.000100916
WNK1,3656.67,3106.00,6762.67,2,6.72355e-06,0.00012518
PAX9,3056.00,3707.00,6763.00,2,1.23891e-05,9.98832e-05
PLEKHA7,3533.67,3230.33,6764.00,2,2.43819e-06,0.000171396
SPTLC3,3050.00,3714.33,6764.33,2,8.54422e-06,9.99655e-05
PDS5A,3105.33,3660.00,6765.33,2,1.20523e-05,9.99744e-05
PRKD3,3434.33,3333.33,6767.67,2,3.46716e-06,0.000125613
IFIH1,3144.33,3623.67,6768.00,2,4.33541e-06,0.000124287
ZNF319,3054.33,3713.67,6768.00,2,9.09819e-06,9.99009e-05
FAM167A,4001.00,2767.67,6768.67,2,1.24326e-06,0.000176046
TFCP2L1,3744.67,3024.67,6769.33,2,2.21769e-06,0.000173365
ANO5,3272.00,3497.33,6769.33,2,7.23768e-06,9.99973e-05
PRKCDBP,3821.67,2948.33,6770.00,2,2.69083e-06,0.000130479
ZBTB25,3038.33,3732.00,6770.33,2,9.20973e-06,9.99092e-05
HAS3,3490.00,3281.33,6771.33,2,2.36898e-06,0.000163903
CLIC5,4030.00,2741.67,6771.67,2,3.97054e-06,0.000144582
C3AR1,3900.67,2871.00,6771.67,2,3.36705e-06,0.000146939
CXADR,4049.00,2722.67,6771.67,2,1.78406e-06,0.00017655
DYX1C1,3308.67,3463.33,6772.00,2,6.969e-06,9.99943e-05
LRCH2,2402.33,4370.00,6772.33,2,1.63496e-05,9.99138e-05
FRY,3108.67,3665.00,6773.67,2,1.24764e-05,9.99688e-05
ATP2C2,3814.00,2960.00,6774.00,2,1.48006e-06,0.000391162
LOC441666,3418.00,3357.00,6775.00,1,3.90974e-05,0.000241576
MTRR,3370.33,3405.67,6776.00,2,6.59592e-06,9.99856e-05
ZNF84,3221.00,3555.67,6776.67,2,5.89231e-06,0.000116277
ATRX,4311.33,2466.67,6778.00,2,3.0235e-06,0.000100207
ST8SIA4,4338.67,2439.33,6778.00,2,2.68651e-06,0.00015237
CLK1,3318.33,3460.00,6778.33,2,3.8429e-06,0.000124328
LRIG1,4129.33,2650.33,6779.67,2,2.84957e-06,0.000149908
ORAI1,4183.67,2596.67,6780.33,2,1.14963e-06,0.000160718
LYSMD4,2794.00,3986.33,6780.33,2,5.56553e-06,0.000133524
CYP4B1,2581.67,4198.67,6780.33,2,1.22971e-05,9.99337e-05
ACE2,2508.33,4273.00,6781.33,3,7.71222e-06,0.000111144
VAPB,2638.33,4143.33,6781.67,2,1.17753e-05,9.99277e-05
AMOTL2,2881.67,3900.67,6782.33,2,5.71893e-06,0.000119031
CYP4F8,3753.00,3029.33,6782.33,2,1.84717e-06,0.000135655
SCEL,2755.33,4027.00,6782.33,2,1.36593e-05,9.99512e-05
SLA2,3655.33,3128.00,6783.33,2,1.88234e-06,0.000169513
VSNL1,3646.00,3137.67,6783.67,2,3.03111e-06,0.000152505
SPPL2A,4023.33,2761.00,6784.33,2,3.99651e-06,0.00013539
BLZF1,3406.67,3378.33,6785.00,2,3.75039e-06,0.000128385
LIMS3-LOC440895,2502.67,4282.67,6785.33,2,1.368e-05,9.98743e-05
LOC101929272,3544.33,3241.00,6785.33,2,8.54047e-06,9.9999e-05
DCDC2,2737.67,4048.00,6785.67,2,6.92138e-06,0.000142021
LALBA,3681.67,3104.67,6786.33,2,2.32844e-06,0.00013138
MARC1,2760.33,4027.33,6787.67,2,5.78106e-06,0.000117578
PPT1,4410.67,2377.67,6788.33,2,1.57901e-06,0.000151996
LOC100272216,3770.33,3018.67,6789.00,2,3.56906e-06,0.000129838
FBXO17,2484.33,4304.67,6789.00,2,1.50535e-05,9.98898e-05
GALNT12,4306.00,2483.33,6789.33,2,7.01676e-07,0.00017723
RP11-395I6.3,2750.33,4039.67,6790.00,2,1.44073e-05,9.99445e-05
TMEM37,3561.33,3229.67,6791.00,2,3.48752e-06,0.000135536
TTC12,2382.00,4409.00,6791.00,2,1.48133e-05,9.98935e-05
RALY-AS1,3904.33,2887.33,6791.67,2,1.72997e-06,0.000168515
CEP55,3777.33,3014.33,6791.67,2,5.72556e-06,0.000130073
ALDH3A2,2973.33,3819.33,6792.67,2,9.27617e-06,9.99697e-05
KIAA1958,3536.33,3256.67,6793.00,2,2.22338e-06,0.000148766
PTP4A3,3419.67,3373.33,6793.00,2,3.47813e-06,0.000135623
GDPD3,3280.67,3512.67,6793.33,2,1.11338e-05,0.000123458
BBS7,2832.67,3961.33,6794.00,2,1.01349e-05,9.9911e-05
UBE2E2,3234.00,3561.33,6795.33,2,6.05605e-06,0.000146753
HSH2D,3337.33,3459.00,6796.33,2,2.96167e-06,0.000142572
STX11,2505.00,4291.67,6796.67,2,1.39531e-05,9.99243e-05
LOC100134445,4114.33,2684.33,6798.67,2,2.74965e-06,0.00013821
ANKRD20A12P,3424.67,3374.67,6799.33,1,3.72967e-05,0.000112604
DNAJB14,3339.67,3460.67,6800.33,2,4.22613e-06,0.000114481
SLC45A3,4434.00,2366.33,6800.33,2,6.63927e-07,0.000184205
HSPA12B,3383.67,3417.00,6800.67,1,5.1644e-05,0.000101224
TCFL5,3374.67,3426.00,6800.67,2,8.02972e-06,9.99801e-05
SUSD4,3285.33,3515.33,6800.67,2,1.01675e-05,9.99704e-05
WNT2,3280.00,3521.33,6801.33,3,4.33494e-06,0.000115639
ZC2HC1A,3683.33,3118.33,6801.67,2,5.01089e-06,0.000123733
SLFN12,2857.33,3944.67,6802.00,2,1.07796e-05,9.99442e-05
MN1,2396.67,4405.33,6802.00,3,6.23345e-06,0.000112087
KRTCAP2,3472.33,3330.00,6802.33,2,1.09407e-05,0.000122721
NEDD4L,2352.67,4449.67,6802.33,2,1.57962e-05,9.98899e-05
ATG4C,4488.00,2315.67,6803.67,2,2.12029e-06,0.000100244
MAP4K3,3549.00,3254.67,6803.67,2,3.08858e-06,0.000127193
FNDC3B,3296.67,3507.33,6804.00,2,7.85615e-06,9.99699e-05
B4GALT5,3200.67,3603.33,6804.00,2,7.77427e-06,9.99492e-05
RP11-819C21.1,2701.67,4102.33,6804.00,2,1.22756e-05,9.9931e-05
SH2B3,2882.67,3921.33,6804.00,2,9.78392e-06,9.99561e-05
SNRK-AS1,2515.33,4289.33,6804.67,2,1.36692e-05,9.98793e-05
SH3RF3,3120.33,3684.67,6805.00,2,9.02251e-06,9.9952e-05
PKDCC,3827.33,2977.67,6805.00,2,2.95381e-06,0.000140853
ATG4A,3296.67,3508.67,6805.33,2,1.26899e-05,9.99953e-05
TIGIT,3600.00,3205.67,6805.67,2,1.03043e-05,0.000100008
LOC102724017,3193.67,3612.00,6805.67,2,7.72474e-06,9.99236e-05
ZC3H6,3294.67,3512.00,6806.67,2,1.16803e-05,9.99689e-05
USP18,3054.33,3753.67,6808.00,2,4.64781e-06,0.000138832
NOL11,3742.33,3066.67,6809.00,2,2.11924e-06,0.000161019
LIMA1,3657.67,3151.67,6809.33,2,2.23014e-06,0.000176929
PI16,3576.67,3232.67,6809.33,2,2.58405e-06,0.000130727
CYP2B6,2223.33,4586.67,6810.00,3,1.2809e-05,0.000107368
KLHDC7B,4242.33,2568.33,6810.67,2,2.22762e-06,0.00022615
CYB5A,3287.00,3524.67,6811.67,2,5.90059e-06,0.000116234
MASTL,3810.67,3001.00,6811.67,2,3.102e-06,0.000144879
RAB22A,3028.00,3783.67,6811.67,2,8.54689e-06,9.99435e-05
PCTP,3226.00,3585.67,6811.67,2,1.05963e-05,9.99289e-05
HOXB-AS3,3076.33,3735.67,6812.00,2,3.96407e-06,0.000134009
RAB11FIP2,3953.67,2858.33,6812.00,2,2.36012e-06,0.000165058
NDUFAF1,3401.67,3411.33,6813.00,2,7.32698e-06,9.99818e-05
CRTAM,2539.00,4275.33,6814.33,2,1.33076e-05,9.99265e-05
CREB5,2209.33,4605.67,6815.00,2,1.88721e-05,9.98604e-05
SLC5A3,4240.67,2574.33,6815.00,2,7.7216e-07,0.000182017
BMP5,2479.33,4336.00,6815.33,2,1.39208e-05,9.99212e-05
LCAT,3300.33,3515.00,6815.33,2,3.66706e-06,0.000123737
BCL11B,3998.67,2817.33,6816.00,2,1.45428e-06,0.000158095
HOTAIR,3990.33,2825.67,6816.00,2,4.33128e-06,0.000132538
RYR1,3695.67,3121.00,6816.67,2,6.01466e-06,0.000100011
CECR2,3571.00,3245.67,6816.67,2,6.08359e-06,9.99989e-05
MST1R,3474.33,3342.67,6817.00,2,3.04273e-06,0.000177861
TEFM,3139.33,3677.67,6817.00,2,4.45428e-06,0.000128995
NCALD,3409.00,3408.00,6817.00,1,4.15947e-05,0.000101569
DDX58,3611.00,3206.00,6817.00,2,2.97037e-06,0.000155485
CT45A1,3103.00,3715.00,6818.00,2,3.81558e-06,0.000131482
COX10-AS1,2870.67,3948.00,6818.67,2,1.04623e-05,9.99211e-05
PLXNC1,3712.00,3106.67,6818.67,2,5.96944e-06,0.000100011
AMIGO1,2396.00,4422.67,6818.67,2,1.63201e-05,9.98756e-05
RFX7,3551.67,3268.00,6819.67,2,5.72758e-06,9.99973e-05
LOC100506100,3547.67,3272.00,6819.67,2,2.54049e-06,0.000135355
COL4A3BP,3438.00,3381.67,6819.67,2,7.47386e-06,9.99922e-05
FILIP1,2732.00,4088.33,6820.33,2,1.27383e-05,9.99408e-05
TMEM101,3338.33,3482.33,6820.67,2,5.66634e-06,0.000139866
UBA1,3377.00,3444.00,6821.00,2,1.00147e-05,0.000123596
CNKSR2,2419.00,4402.00,6821.00,2,1.43289e-05,9.98974e-05
DNA2,3493.67,3328.67,6822.33,2,8.99074e-06,0.000122073
CD1C,2719.00,4104.33,6823.33,2,1.11247e-05,9.99359e-05
ABHD15,3533.67,3292.33,6826.00,2,5.85944e-06,9.99954e-05
GPR87,4038.00,2788.33,6826.33,2,4.47029e-06,0.000100045
AFAP1L1,2205.33,4621.33,6826.67,2,1.94634e-05,9.98588e-05
MFSD3,3273.67,3553.33,6827.00,2,4.25603e-06,0.000129744
MAGEH1,3409.00,3418.33,6827.33,2,3.5968e-06,0.00013046
KRBOX1,3014.33,3814.00,6828.33,2,4.2626e-06,0.00011989
MICU3,2839.33,3989.00,6828.33,2,1.40976e-05,9.99266e-05
PTPRB,2311.33,4517.00,6828.33,2,1.69664e-05,9.99009e-05
PALM2,2766.33,4062.67,6829.00,2,1.0715e-05,9.99202e-05
NAIP,3474.67,3354.33,6829.00,2,6.11879e-06,9.99879e-05
CLIC2,2999.67,3829.33,6829.00,3,7.94034e-06,0.000118729
HDAC9,2581.00,4249.00,6830.00,2,1.35101e-05,9.99166e-05
DCAF17,3550.67,3279.67,6830.33,2,5.75553e-06,0.000100001
CCDC8,3411.67,3419.67,6831.33,1,4.10754e-05,0.000101166
BDKRB2,4243.00,2588.67,6831.67,2,2.83999e-06,0.0001763
CTAG2,3828.00,3003.67,6831.67,2,2.28835e-06,0.000185558
BAIAP2L1,3097.00,3734.67,6831.67,2,3.91029e-06,0.000121745
MYBL1,3130.00,3703.00,6833.00,2,4.52217e-06,0.000128548
CAPN6,3424.33,3409.00,6833.33,2,3.84246e-06,0.000143655
LOC101926959,2511.67,4323.33,6835.00,2,1.45314e-05,9.99075e-05
SDC2,3541.67,3294.00,6835.67,2,2.88098e-06,0.000171129
MTUS1,3117.00,3718.67,6835.67,2,7.98905e-06,9.9979e-05
CLASP1,3108.33,3728.67,6837.00,2,8.08946e-06,9.99213e-05
CPM,3148.33,3688.67,6837.00,2,1.15965e-05,9.99585e-05
RRP9,3574.33,3262.67,6837.00,2,2.70535e-06,0.000178374
RAPGEF4,4776.67,2062.67,6839.33,2,1.4659e-06,0.000100218
GMDS,3490.00,3349.67,6839.67,1,5.91238e-06,0.000547284
SS18L1,3803.33,3037.00,6840.33,2,3.00843e-06,0.000139801
ARL5A,3529.67,3311.67,6841.33,2,6.34849e-06,0.000100027
IL20RA,3358.33,3483.00,6841.33,2,4.04752e-06,0.000129182
MRAS,3441.00,3400.67,6841.67,1,3.45618e-05,0.000102006
ZDHHC2,2565.00,4277.00,6842.00,2,1.36863e-05,9.99103e-05
RBM26-AS1,2226.33,4616.67,6843.00,2,1.72512e-05,9.9859e-05
BID,4257.67,2585.67,6843.33,2,1.4432e-06,0.000180132
CSAG2,3959.00,2885.00,6844.00,2,3.5458e-06,0.000150799
APMAP,3477.67,3367.33,6845.00,2,8.2593e-06,9.99874e-05
SERPINB9,2457.00,4388.33,6845.33,2,1.43636e-05,9.99014e-05
ABCC5,3980.33,2867.33,6847.67,2,4.16034e-06,0.00010008
KRT7,3625.00,3223.33,6848.33,2,5.27031e-06,0.000133843
ARX,3932.00,2916.67,6848.67,2,1.20777e-06,0.000145578
DEGS2,3826.33,3022.33,6848.67,2,2.48754e-06,0.000163623
RP11-680F8.4,2653.67,4195.33,6849.00,2,1.23137e-05,9.99339e-05
C16orf95,4041.33,2808.67,6850.00,2,1.58228e-06,0.00018745
RLN2,3339.67,3512.00,6851.67,3,3.28756e-06,0.000125489
ADCY4,3457.67,3394.00,6851.67,1,3.23591e-05,0.0001027
MRPL20,4517.00,2335.00,6852.00,2,1.39648e-06,0.000184193
RGS1,2908.33,3944.33,6852.67,2,6.16879e-06,0.000123574
STX3,3437.00,3416.00,6853.00,2,2.85197e-06,0.000157083
SNRPN,3553.33,3300.00,6853.33,2,8.21162e-06,0.000117054
VAMP4,3618.00,3236.00,6854.00,2,5.43364e-06,0.000100003
L3MBTL3,3411.33,3442.67,6854.00,2,9.24359e-06,9.99926e-05
TMEM140,2803.67,4051.67,6855.33,2,1.02883e-05,9.99492e-05
RP11-727A23.11,2473.33,4384.33,6857.67,2,1.45272e-05,9.99141e-05
ANKRD30A,4273.67,2584.33,6858.00,2,8.65865e-07,0.000161137
CCDC18,3398.33,3460.00,6858.33,2,6.73905e-06,9.99769e-05
PPP2R3C,3246.67,3612.33,6859.00,2,7.5996e-06,9.99873e-05
EPS8,3266.00,3593.00,6859.00,2,8.52672e-06,9.99917e-05
KIF21A,3760.67,3098.67,6859.33,2,4.85591e-06,0.000100083
NPR1,3445.00,3414.33,6859.33,1,3.40525e-05,0.000101276
INTS3,3908.67,2951.33,6860.00,2,2.28959e-06,0.000155123
PMM1,2518.67,4341.67,6860.33,2,1.33462e-05,9.9918e-05
MAGEA4,3454.00,3407.00,6861.00,2,2.62829e-06,0.000141573
PPP3R1,3802.33,3060.00,6862.33,2,1.51651e-06,0.000184157
MNS1,2293.33,4569.67,6863.00,3,1.14575e-05,0.000115713
PDP1,3951.67,2911.67,6863.33,2,1.66582e-06,0.000193567
SYNDIG1,3774.00,3089.33,6863.33,2,5.10238e-06,0.000100012
FAM172A,3150.33,3713.33,6863.67,2,9.37059e-06,9.99579e-05
ORMDL3,2954.33,3909.67,6864.00,2,8.64226e-06,0.000138892
MIR210HG,4163.00,2702.33,6865.33,2,9.90994e-07,0.000195908
CELSR3,3696.00,3170.00,6866.00,2,4.76538e-06,0.000157978
AKAP2,3398.33,3468.00,6866.33,2,5.81511e-06,0.00011589
ZGLP1,4574.67,2291.67,6866.33,2,9.65522e-07,0.000184754
GBP2,4188.00,2679.00,6867.00,2,2.83522e-06,0.000145953
WASIR1,3593.67,3274.33,6868.00,2,1.05199e-05,9.9997e-05
COL18A1,3996.33,2872.00,6868.33,2,2.97434e-06,0.000140108
ASAP1-IT1,3185.00,3683.67,6868.67,2,4.5546e-06,0.000119875
LOC732360,3058.67,3810.33,6869.00,2,4.6638e-06,0.00011219
FEM1B,3643.00,3226.00,6869.00,2,5.36499e-06,0.000100004
MTERF3,3579.33,3290.67,6870.00,2,2.68612e-06,0.000152823
NLE1,3959.00,2912.33,6871.33,2,2.36249e-06,0.000157965
METTL7B,3429.00,3443.00,6872.00,2,8.44271e-06,0.00013824
RP11-757F18.5,3233.00,3642.67,6875.67,2,7.29306e-06,9.99858e-05
DUOX1,2257.00,4618.67,6875.67,2,1.90373e-05,9.98709e-05
RHOBTB3,3490.33,3387.67,6878.00,2,3.15806e-06,0.000163087
SUSD5,4011.33,2868.00,6879.33,2,4.11191e-06,0.000100032
CERK,2915.00,3964.33,6879.33,2,9.33449e-06,9.99532e-05
AC005523.2,2800.33,4080.67,6881.00,2,1.67975e-05,9.98793e-05
ST6GALNAC6,3319.67,3562.00,6881.67,2,5.7204e-06,0.000132706
FAIM,3648.00,3234.33,6882.33,2,3.1382e-06,0.000130881
LOC101927204,3713.00,3170.00,6883.00,2,4.48123e-06,0.000127475
SAMD9,3603.00,3282.67,6885.67,2,6.38678e-06,0.00012864
PITX2,3678.67,3207.33,6886.00,2,7.51513e-06,0.000128839
SLC24A3,2659.33,4227.00,6886.33,3,1.46093e-05,0.000107147
SNHG5,3867.33,3019.67,6887.00,2,2.9423e-06,0.000140568
ING2,3482.00,3405.00,6887.00,1,6.03264e-06,0.000355088
ZFP14,3175.67,3711.67,6887.33,2,1.46531e-05,9.99784e-05
KCTD10,2426.33,4461.00,6887.33,2,1.41661e-05,9.99075e-05
RNMTL1,2828.67,4059.67,6888.33,2,9.92458e-06,9.99472e-05
BC015774,2529.67,4359.33,6889.00,2,1.34953e-05,9.98564e-05
EIF4E3,2996.33,3892.67,6889.00,2,1.13058e-05,9.99629e-05
PODXL,3416.67,3472.67,6889.33,2,3.95268e-06,0.000116678
FBLN1,3531.00,3359.67,6890.67,1,5.22908e-06,0.000475714
CD109,2672.00,4219.00,6891.00,2,1.47608e-05,9.98734e-05
LDHB,3280.67,3610.67,6891.33,2,3.90348e-06,0.000138051
FLNC,4216.00,2675.67,6891.67,2,2.05787e-06,0.000201996
HOXB3,3295.33,3597.00,6892.33,2,5.05928e-06,0.00015914
HIST1H2AE,3888.67,3005.00,6893.67,2,4.44068e-06,0.000134574
FYN,2305.33,4588.67,6894.00,2,1.66609e-05,9.98863e-05
SLC16A1,4437.33,2458.00,6895.33,2,6.48662e-07,0.000170371
GNPDA2,3520.67,3375.00,6895.67,2,6.26928e-06,9.99897e-05
ADPRHL2,3733.00,3163.67,6896.67,2,5.28791e-06,0.000100063
DDHD2,3657.33,3241.33,6898.67,2,4.05196e-06,0.000124756
ZNF608,2781.00,4118.00,6899.00,2,1.04077e-05,9.9924e-05
FAM198B,4060.67,2838.67,6899.33,2,2.37902e-06,0.000162472
PON2,3331.00,3568.33,6899.33,2,1.26835e-05,9.99704e-05
SGSH,2458.67,4441.67,6900.33,2,1.36545e-05,9.9908e-05
LOC101929240,3823.00,3077.67,6900.67,2,5.38799e-06,0.000129328
BET1,3512.33,3389.33,6901.67,2,1.25707e-05,0.000100016
UPRT,3544.67,3357.67,6902.33,2,5.80582e-06,9.99884e-05
SMC4,3342.67,3559.67,6902.33,2,3.73533e-06,0.000146109
FPGT,3644.33,3258.33,6902.67,2,5.31089e-06,0.00010002
LOC100294341,2969.67,3933.33,6903.00,2,9.50479e-06,9.99181e-05
MAP3K14,3319.67,3583.33,6903.00,2,3.19289e-06,0.000132343
RARRES3,4138.00,2766.67,6904.67,2,2.68582e-06,0.000178107
SPOCK2,3072.67,3833.33,6906.00,2,3.94851e-06,0.000118208
RP1-30M3.5,2862.00,4045.00,6907.00,2,1.34311e-05,9.98648e-05
DES,3532.33,3374.67,6907.00,1,5.20653e-06,0.000415619
FADS1,2560.33,4346.67,6907.00,3,7.03246e-06,0.00010858
VHL,3398.67,3508.67,6907.33,2,3.83572e-06,0.000131969
KCNJ15,2604.67,4305.33,6910.00,2,1.22963e-05,9.99121e-05
CCDC160,3574.33,3336.00,6910.33,2,7.49512e-06,9.99921e-05
C1orf74,3753.00,3158.33,6911.33,2,1.70854e-06,0.000140228
ZNF616,2763.00,4149.00,6912.00,2,1.06914e-05,9.99381e-05
PTPDC1,3097.33,3815.33,6912.67,2,8.23212e-06,9.99641e-05
POTEM,3012.67,3901.33,6914.00,2,4.76601e-06,0.000120695
BRWD3,3184.00,3730.67,6914.67,2,8.20158e-06,9.99636e-05
FAM122B,3554.67,3360.67,6915.33,2,5.71364e-06,0.000100014
NSG1,3376.33,3539.00,6915.33,2,3.14341e-06,0.000139218
LOC100996732,4031.00,2885.00,6916.00,2,1.08188e-06,0.000193508
GRIA2,3985.00,2931.33,6916.33,2,1.55451e-06,0.000140562
AMICA1,2489.67,4426.67,6916.33,2,1.4718e-05,9.99104e-05
SPAG5,3351.00,3567.00,6918.00,2,4.55409e-06,0.000123274
ASAH1,2992.00,3926.67,6918.67,2,6.80978e-06,0.000113006
MMACHC,3812.67,3106.33,6919.00,2,1.43108e-06,0.000174383
ALOX5AP,3480.33,3439.00,6919.33,1,6.08771e-06,0.000313862
SON,3493.33,3426.67,6920.00,2,4.62405e-06,0.000116162
CNTN1,3432.67,3487.67,6920.33,2,4.71097e-06,0.000132327
ZNF879,3926.33,2994.00,6920.33,2,4.42779e-06,0.000100029
LOC100506922,4334.67,2585.67,6920.33,2,1.50237e-06,0.00016771
MID1,2406.67,4513.67,6920.33,2,1.61838e-05,9.9901e-05
LMTK3,3963.67,2957.33,6921.00,2,1.23905e-06,0.000159177
TWSG1,3296.67,3624.33,6921.00,2,4.23021e-06,0.00012509
APELA,3969.00,2953.00,6922.00,2,4.91129e-06,0.000100056
PPP1R26,3150.00,3772.33,6922.33,2,8.18699e-06,9.99494e-05
RELL1,4035.67,2890.67,6926.33,2,4.23318e-06,0.00015523
RP11-631N16.2,3134.00,3793.00,6927.00,2,9.04359e-06,9.98973e-05
ALOX5,2826.33,4100.67,6927.00,2,1.00412e-05,9.98906e-05
DAAM2,2535.33,4393.67,6929.00,2,1.46896e-05,9.9915e-05
IGLV4-60,2840.67,4089.67,6930.33,2,7.23434e-06,0.000129123
POC1A,4398.67,2531.67,6930.33,2,6.29565e-07,0.00016488
ELN,4182.00,2749.33,6931.33,2,1.92679e-06,0.000167946
MS4A2,2630.33,4301.33,6931.67,2,1.42237e-05,9.98585e-05
RBBP8,3301.67,3630.00,6931.67,2,4.1663e-06,0.000119183
ACBD3,3178.67,3753.67,6932.33,2,4.3943e-06,0.00011704
GK3P,3671.33,3261.33,6932.67,2,1.83686e-06,0.000136956
LGALS7,3957.33,2975.67,6933.00,2,1.85071e-06,0.000135768
ISCA2,3400.67,3532.67,6933.33,2,7.08474e-06,9.99266e-05
GAL,3622.67,3311.33,6934.00,2,3.23227e-06,0.000145378
XXYLT1,4050.67,2884.00,6934.67,2,1.42075e-06,0.000158054
DGKZ,4272.00,2663.33,6935.33,2,7.62259e-07,0.000145716
RP11-305K5.1,2996.00,3939.67,6935.67,2,4.69252e-06,0.000130262
FRMD3,3028.00,3908.33,6936.33,2,7.3965e-06,0.000132496
UNC13B,2394.00,4543.00,6937.00,2,1.63388e-05,9.98964e-05
ACP5,2983.67,3954.00,6937.67,2,5.24517e-06,0.000123475
MTM1,3319.33,3619.33,6938.67,2,6.86296e-06,9.99887e-05
FAM13C,2735.33,4205.00,6940.33,2,1.76821e-05,9.99045e-05
FAM50B,4243.33,2697.67,6941.00,2,3.30257e-06,0.000100065
CHUK,3638.67,3302.67,6941.33,2,5.6788e-06,9.9996e-05
DSG1,3957.67,2984.00,6941.67,2,2.68918e-06,0.000146374
DENND2D,3510.33,3431.33,6941.67,2,7.78792e-06,9.99792e-05
HNRNPUL2,3049.33,3893.33,6942.67,2,8.51686e-06,9.99351e-05
MYEOV,4231.67,2711.33,6943.00,2,1.75234e-06,0.000177764
NBPF10,3825.33,3120.33,6945.67,2,3.72209e-06,0.00013827
MISP,4042.33,2904.00,6946.33,2,2.54864e-06,0.000135914
MTMR12,2929.00,4017.67,6946.67,2,9.15305e-06,9.99235e-05
RP11-248J18.3,3350.33,3597.00,6947.33,2,6.70882e-06,9.99675e-05
GPER1,4001.00,2946.33,6947.33,2,3.08932e-06,0.000145457
RNF180,2867.00,4083.00,6950.00,2,1.58449e-05,9.99302e-05
BATF3,4308.00,2642.67,6950.67,2,9.66362e-07,0.000204455
AEBP1,3042.67,3909.67,6952.33,2,4.66181e-06,0.000117
SYT11,2798.67,4153.67,6952.33,2,1.04243e-05,9.99171e-05
MTIF2,3345.33,3607.00,6952.33,2,6.814e-06,9.99695e-05
RP11-355B11.2,3111.00,3841.33,6952.33,2,9.07611e-06,9.99679e-05
PTPRD,3445.00,3507.67,6952.67,2,2.5236e-06,0.000153957
CORIN,3291.67,3661.00,6952.67,2,8.6264e-06,9.99096e-05
RP11-846E15.4,3112.00,3841.33,6953.33,2,8.18516e-06,9.9958e-05
AFP,4615.33,2338.33,6953.67,2,1.01076e-06,0.000233849
RP11-379H18.1,3239.00,3715.00,6954.00,2,8.45504e-06,9.9978e-05
LOC101928189,3781.67,3172.33,6954.00,2,3.00872e-06,0.000132386
VSTM2L,3903.33,3052.33,6955.67,2,1.31595e-06,0.000206865
AP1M2,3263.00,3693.33,6956.33,2,6.35462e-06,0.000124567
HMGCR,3205.00,3751.33,6956.33,2,1.09505e-05,9.99247e-05
EPM2AIP1,3415.33,3541.33,6956.67,2,1.29213e-05,9.99981e-05
MYO15B,3215.00,3742.00,6957.00,2,1.32852e-05,0.000121656
CLEC10A,2446.33,4510.67,6957.00,2,1.38368e-05,9.99001e-05
NICN1,2812.33,4145.33,6957.67,2,1.12667e-05,9.99288e-05
NUP107,3545.33,3412.33,6957.67,2,8.3729e-06,9.99841e-05
LEAP2,2385.33,4573.67,6959.00,2,1.74798e-05,9.98934e-05
AX746492,3577.33,3383.67,6961.00,2,6.00834e-06,9.99844e-05
CBX1,3030.00,3931.33,6961.33,2,5.04016e-06,0.000115684
LEP,3814.33,3147.00,6961.33,2,2.47192e-06,0.000154744
ANKRD29,2420.67,4541.00,6961.67,2,2.00006e-05,9.9897e-05
AC004951.6,3666.00,3295.67,6961.67,2,2.54208e-06,0.000139684
PDE1A,3588.33,3373.67,6962.00,2,6.06362e-06,0.000100005
RNF11,3495.33,3466.67,6962.00,2,3.58611e-06,0.000106829
PIR,2838.33,4124.33,6962.67,3,7.41133e-06,0.000112993
RP3-368A4.6,3944.67,3018.33,6963.00,3,2.20192e-06,0.000128523
GOLPH3L,3620.33,3342.67,6963.00,1,1.50632e-05,0.000688818
ACSL5,4083.00,2880.00,6963.00,2,9.06695e-07,0.000161872
ESF1,3650.00,3313.00,6963.00,2,3.21753e-06,0.000147017
GABPB2,2735.33,4228.33,6963.67,2,1.36912e-05,9.98853e-05
SGOL2,3560.00,3405.00,6965.00,2,2.87141e-06,0.000123091
PDE4DIP,2773.67,4191.33,6965.00,2,1.04337e-05,9.99353e-05
PFN2,3667.00,3298.33,6965.33,2,2.13191e-06,0.000154737
TRAF3IP3,3051.33,3914.67,6966.00,2,4.9144e-06,0.000112347
ARID5B,3703.67,3262.33,6966.00,2,5.5576e-06,0.000123776
P2RY10,2912.33,4054.00,6966.33,2,9.73158e-06,9.98897e-05
GKAP1,3558.33,3408.00,6966.33,2,5.95858e-06,0.000115424
NRP1,3278.00,3689.67,6967.67,2,4.34581e-06,0.000119814
TBC1D32,3456.00,3511.67,6967.67,2,3.43227e-06,0.000115794
OGFRL1,3682.67,3285.00,6967.67,2,3.83951e-06,0.000123804
FOXM1,3157.67,3810.67,6968.33,2,7.73222e-06,0.000121752
FBXO33,2727.33,4241.33,6968.67,2,1.19069e-05,9.99268e-05
BD495725,2505.33,4463.67,6969.00,2,1.78383e-05,9.98556e-05
FAM65B,2633.33,4335.67,6969.00,2,1.29718e-05,9.99074e-05
SLC27A6,3546.67,3422.67,6969.33,1,2.41545e-05,0.00010105
CLEC4A,2619.33,4350.00,6969.33,3,4.14369e-06,0.000111374
PELI1,2828.67,4141.00,6969.67,2,9.92249e-06,9.99303e-05
SMYD3,3448.00,3521.67,6969.67,1,3.34277e-05,0.000100213
KLHL20,4017.00,2953.33,6970.33,2,4.35523e-06,0.000100077
BCAS3,2404.33,4567.00,6971.33,2,1.63752e-05,9.98318e-05
HLX,2376.67,4595.00,6971.67,2,1.49421e-05,9.98654e-05
C2orf72,3740.67,3231.33,6972.00,2,4.74523e-06,0.000128908
CASC7,3009.00,3964.67,6973.67,2,1.3636e-05,9.9871e-05
TDO2,4057.33,2916.33,6973.67,2,3.32133e-06,0.000134249
ANKRD65,3421.67,3553.00,6974.67,2,7.63866e-06,9.99651e-05
YBX2,3293.33,3681.67,6975.00,2,9.5946e-06,9.99656e-05
SAMD13,3985.00,2990.33,6975.33,2,2.48418e-06,0.000145069
FBLIM1,3941.67,3034.67,6976.33,2,1.41157e-06,0.00028117
KCNK3,2036.33,4940.00,6976.33,2,2.37018e-05,9.9741e-05
HTRA4,3489.67,3487.33,6977.00,2,7.85502e-06,9.99773e-05
S1PR1,2239.33,4737.67,6977.00,2,1.7517e-05,9.98647e-05
PUM2,3587.33,3390.67,6978.00,1,4.49633e-06,0.000376909
AK096592,3737.67,3240.67,6978.33,2,5.28132e-06,0.000100017
DDR2,4284.33,2695.00,6979.33,2,2.88582e-06,0.000151452
LOC100996756,3879.00,3100.33,6979.33,2,2.77634e-06,0.000154728
NDUFA2,3798.00,3182.33,6980.33,2,3.11683e-06,0.000165072
ADAM28,3876.00,3104.67,6980.67,2,2.66363e-06,0.000130409
VEZF1,4223.67,2757.00,6980.67,2,3.10643e-06,0.000136773
BC065766,3654.00,3327.00,6981.00,2,7.39118e-06,9.99923e-05
GUSBP2,4014.67,2966.67,6981.33,2,4.52434e-06,0.000100024
RIOK2,2852.00,4129.33,6981.33,2,1.20621e-05,9.98889e-05
FOXJ1,3715.00,3266.33,6981.33,2,1.69701e-06,0.000167562
DAPP1,3212.67,3769.33,6982.00,2,4.27495e-06,0.000120838
LOC338620,2613.33,4370.00,6983.33,2,1.35332e-05,9.99176e-05
LZTFL1,3235.67,3748.00,6983.67,2,4.32659e-06,0.000134063
C1orf106,3846.33,3138.00,6984.33,2,3.97679e-06,0.0001347
RHOA,3709.00,3276.33,6985.33,2,7.42421e-06,0.000122502
SH2D2A,4588.67,2397.00,6985.67,2,5.32262e-07,0.000243134
CMYA5,3575.33,3410.67,6986.00,2,4.91901e-06,0.0001422
TNNT1,3650.67,3335.33,6986.00,3,2.80546e-06,0.000115345
FLJ10038,2654.00,4332.67,6986.67,2,1.4575e-05,9.99176e-05
LINC00993,3950.33,3036.33,6986.67,2,3.71037e-06,0.000202639
LRRC20,3750.33,3236.33,6986.67,2,2.08911e-06,0.000136844
ALS2,3760.00,3227.00,6987.00,2,6.75016e-06,0.000100062
UST,2668.67,4319.67,6988.33,2,1.23676e-05,9.99073e-05
RP11-846E15.2,3631.67,3357.00,6988.67,2,5.24689e-06,0.000133358
S1PR3,3390.00,3598.67,6988.67,1,8.75423e-06,0.000243307
GBE1,2770.00,4218.67,6988.67,2,1.29903e-05,9.99278e-05
FRS3,3668.33,3320.33,6988.67,2,1.83489e-06,0.000143227
HOXB7,3455.33,3533.67,6989.00,2,4.5432e-06,0.00012901
PCSK6,4313.67,2677.00,6990.67,2,2.24951e-06,0.000145082
ZNF211,3223.00,3768.00,6991.00,2,8.26152e-06,9.99665e-05
MLXIPL,3592.00,3399.33,6991.33,2,7.00628e-06,0.00011959
OTUD4,3063.33,3928.00,6991.33,2,1.03788e-05,9.99582e-05
VGLL1,4447.00,2545.00,6992.00,2,9.42472e-07,0.000157584
ZNF559,3125.00,3867.00,6992.00,2,4.39537e-06,0.000124626
DOPEY1,3211.67,3780.67,6992.33,2,7.47188e-06,9.99625e-05
RP11-119F7.5,3501.00,3491.33,6992.33,2,8.22156e-06,0.000100006
ANKRD50,3041.33,3951.67,6993.00,2,5.35614e-06,0.000122615
BCAS1,3472.67,3520.67,6993.33,2,6.31847e-06,0.000147333
DDX26B,2382.33,4611.33,6993.67,2,1.69101e-05,9.98773e-05
MBNL3,2609.33,4385.33,6994.67,2,1.24436e-05,9.99121e-05
STMN1,3633.67,3361.00,6994.67,1,4.03915e-06,0.000472811
SRPK3,4029.33,2965.33,6994.67,2,9.83152e-07,0.000269601
FABP7,4470.33,2525.00,6995.33,2,5.98562e-07,0.000182598
NISCH,3528.67,3467.00,6995.67,1,2.54173e-05,0.000100383
PHACTR2,2791.67,4204.00,6995.67,2,1.06401e-05,9.9924e-05
APOL3,3148.67,3847.00,6995.67,2,4.46961e-06,0.000141993
REEP3,3518.33,3478.00,6996.33,2,6.00443e-06,9.99932e-05
FLVCR1,3404.67,3593.00,6997.67,1,8.10085e-06,0.000244305
ZNF542P,3181.00,3817.00,6998.00,2,8.41928e-06,9.99651e-05
CYS1,3102.00,3896.00,6998.00,2,8.03347e-06,9.9944e-05
HERC2P2,4190.33,2808.00,6998.33,2,2.96956e-06,0.000138681
TCEAL4,3590.67,3408.00,6998.67,2,2.94945e-06,0.000130059
LCORL,3597.67,3401.00,6998.67,2,5.52241e-06,9.99959e-05
OCIAD2,3351.00,3648.00,6999.00,1,0.000100565,0.000100114
ZNF334,3167.67,3831.33,6999.00,2,8.23473e-06,9.99506e-05
C1orf52,2674.67,4325.00,6999.67,2,1.18997e-05,9.99182e-05
ITGA4,3305.00,3694.67,6999.67,2,6.91454e-06,9.99481e-05
TTL,3604.67,3395.67,7000.33,1,4.31448e-06,0.000369432
CALML5,4056.67,2943.67,7000.33,2,3.7631e-06,0.000153639
CDC37L1,2680.33,4320.00,7000.33,2,1.53352e-05,9.99154e-05
RP11-2E11.9,3329.67,3671.00,7000.67,2,2.66731e-05,0.000137538
BTC,3099.33,3902.00,7001.33,2,9.68856e-06,9.9951e-05
RORA,3041.00,3960.67,7001.67,2,1.81352e-05,9.99135e-05
ZNF575,3981.67,3020.67,7002.33,2,3.98718e-06,0.000154175
PLXNB1,3010.67,3993.67,7004.33,2,1.28364e-05,9.99134e-05
TNFRSF1B,3506.67,3497.67,7004.33,1,2.69651e-05,0.000100266
HSDL2,2839.33,4167.00,7006.33,2,1.24046e-05,9.99172e-05
LRIG3,3781.00,3225.33,7006.33,2,5.65657e-06,0.00010001
LRPAP1,2325.00,4682.00,7007.00,2,1.56051e-05,9.98557e-05
LIPG,3863.67,3146.00,7009.67,2,1.30572e-06,0.000209468
QSOX1,2825.00,4186.00,7011.00,2,1.16605e-05,9.99148e-05
NEK7,3431.00,3580.33,7011.33,2,3.42371e-06,0.000120798
TPSB2,4598.33,2413.67,7012.00,2,6.85908e-07,0.000172244
MPP7,3449.67,3562.67,7012.33,2,7.56042e-06,9.99697e-05
SARS2,3489.33,3523.33,7012.67,2,2.36308e-06,0.000148775
ZIC1,4401.33,2611.67,7013.00,2,9.91116e-07,0.000187264
CPLX1,3469.67,3544.33,7014.00,2,1.43036e-05,0.000142617
LRP12,3939.00,3075.00,7014.00,2,4.38714e-06,0.000100017
WFDC21P,4272.33,2743.00,7015.33,2,2.3737e-06,0.000178888
TLR7,3210.67,3806.33,7017.00,2,7.441e-06,9.99342e-05
LOC102724275,3319.67,3697.67,7017.33,2,8.59945e-06,9.99759e-05
CD3E,4263.00,2756.00,7019.00,2,1.08518e-06,0.000152893
PGM5,3507.33,3512.33,7019.67,1,2.69265e-05,0.000100228
SLC25A51,3693.67,3327.00,7020.67,2,1.74787e-06,0.000136966
DCTN2,4021.00,3001.67,7022.67,2,3.63446e-06,0.000137084
TMEM139,3626.33,3397.33,7023.67,2,3.65994e-06,0.000145656
TBC1D8B,3030.00,3994.00,7024.00,2,1.12188e-05,9.99527e-05
GMCL1,2887.67,4136.33,7024.00,2,1.04348e-05,9.99133e-05
TTC9,2884.00,4141.00,7025.00,2,9.51075e-06,9.99358e-05
TRMT13,3836.33,3189.00,7025.33,2,2.47359e-06,0.000151451
TEX14,2850.67,4174.67,7025.33,2,1.49546e-05,9.98898e-05
GALNT11,3617.67,3408.33,7026.00,2,8.00963e-06,0.000100004
FAM175A,3264.00,3763.00,7027.00,2,8.8167e-06,9.99565e-05
MTURN,3610.67,3416.33,7027.00,1,2.0213e-05,0.000101247
FUCA1,3682.33,3344.67,7027.00,1,3.62662e-06,0.000622565
MIAT,3992.33,3035.33,7027.67,2,1.49156e-06,0.000161606
TADA2B,2990.67,4037.67,7028.33,2,8.74499e-06,9.9948e-05
MBNL2,3665.00,3363.67,7028.67,1,3.75325e-06,0.000456593
MMD,2535.33,4493.33,7028.67,2,1.33354e-05,9.99033e-05
GSTO2,4210.00,2819.67,7029.67,2,1.10077e-06,0.000233605
LRRK2,2413.67,4617.67,7031.33,2,1.57106e-05,9.98857e-05
FHL3,3924.67,3107.33,7032.00,2,1.62116e-06,0.000153866
RBP1,4285.33,2746.67,7032.00,2,2.0278e-06,0.000152546
SLC26A6,3671.00,3362.00,7033.00,2,2.86457e-06,0.00013198
PLEKHG4B,3786.00,3247.67,7033.67,2,6.81998e-06,0.000100012
DYNLL2,3459.00,3574.67,7033.67,2,8.83818e-06,9.99587e-05
DDIT4L,3912.00,3122.67,7034.67,2,5.38553e-06,0.00010002
TMEM61,4778.67,2256.33,7035.00,2,5.60589e-07,0.000264148
METTL4,3333.67,3702.67,7036.33,2,7.57375e-06,9.99778e-05
TIMP3,3557.33,3479.67,7037.00,2,3.24864e-06,0.00012326
IER3IP1,3414.67,3623.00,7037.67,2,6.49538e-06,9.99664e-05
FAM184A,2478.67,4559.33,7038.00,2,1.45666e-05,9.988e-05
PAIP2B,3927.67,3113.00,7040.67,2,2.5831e-06,0.000145422
PCP4L1,3480.00,3562.33,7042.33,2,6.35699e-06,9.9974e-05
CACNA2D2,2391.33,4651.00,7042.33,2,1.49478e-05,9.98806e-05
MSH2,3586.00,3456.67,7042.67,1,4.51702e-06,0.00029996
SFTA1P,2417.33,4625.33,7042.67,2,1.43284e-05,9.98753e-05
JUP,3758.67,3285.00,7043.67,2,1.80425e-06,0.000122634
PCDH7,3390.33,3654.33,7044.67,2,1.2217e-05,9.99836e-05
CDH13,2196.33,4849.00,7045.33,2,1.78437e-05,9.98014e-05
RBP5,3817.67,3229.33,7047.00,2,2.01165e-06,0.000150434
KIAA1407,3083.67,3963.33,7047.00,2,9.28431e-06,9.99315e-05
HMGN3,3939.00,3108.67,7047.67,2,2.58805e-06,0.000132941
TJP2,3631.33,3416.33,7047.67,1,4.04832e-06,0.000337648
RAB35,4334.67,2715.00,7049.67,2,6.06093e-07,0.000169181
NFAT5,3496.33,3553.67,7050.00,2,1.09635e-05,9.99796e-05
PLCL1,2593.00,4457.00,7050.00,2,1.22445e-05,9.99073e-05
MMP2,3941.67,3108.67,7050.33,2,3.90822e-06,0.00012851
SCARF1,2454.67,4596.33,7051.00,2,1.40987e-05,9.98906e-05
TMEM55A,3272.67,3779.33,7052.00,2,1.70033e-05,9.99639e-05
ITGA8,2604.67,4448.00,7052.67,2,1.51221e-05,9.99081e-05
TUBA1A,3737.33,3316.00,7053.33,2,3.3442e-06,0.000136366
ENPEP,2755.00,4298.67,7053.67,2,1.09557e-05,9.98967e-05
SCGB1D2,3882.00,3172.33,7054.33,2,3.3741e-06,0.000148202
LOC100996412,3933.33,3121.33,7054.67,2,4.20098e-06,0.000128071
BMI1,3498.00,3557.33,7055.33,2,3.34516e-06,0.000118895
FYB,3957.33,3099.33,7056.67,2,3.28372e-06,0.000132486
RABGAP1L,4156.33,2900.67,7057.00,2,2.46012e-06,0.000188565
MAGEF1,3422.00,3636.33,7058.33,2,6.49192e-06,9.99703e-05
GK,3880.67,3178.00,7058.67,2,1.93183e-06,0.0001358
RNF24,3694.00,3366.33,7060.33,2,6.87632e-06,0.000100001
TNFRSF11A,3870.33,3190.33,7060.67,2,3.90517e-06,0.000143008
PCDH18,3598.00,3463.33,7061.33,2,3.94199e-06,0.000126565
CD320,3443.33,3619.00,7062.33,2,4.53035e-06,0.000120258
EFR3A,2943.33,4119.67,7063.00,2,5.01622e-06,0.000113233
LGALS3BP,3452.00,3612.00,7064.00,1,3.29157e-05,0.000100133
HGD,3724.33,3340.67,7065.00,2,2.47011e-06,0.000168824
C11orf92,2680.00,4385.33,7065.33,2,1.22059e-05,9.99078e-05
RRN3P2,3545.33,3520.00,7065.33,2,7.24152e-06,9.99956e-05
ERBB2,3780.33,3285.33,7065.67,2,4.76751e-06,0.000137265
CDKN2B,3393.67,3673.33,7067.00,2,7.51106e-06,0.000130622
LEPREL1,3488.67,3578.67,7067.33,2,3.82881e-06,0.000121128
COL4A3,2744.33,4323.00,7067.33,2,1.06507e-05,9.99209e-05
SCYL2,3465.00,3602.67,7067.67,2,8.50695e-06,9.99591e-05
SLC25A45,2779.67,4288.33,7068.00,2,1.20228e-05,9.99221e-05
ATP13A4,3526.33,3542.33,7068.67,2,5.85448e-06,9.99915e-05
ZNF112,3929.33,3140.00,7069.33,2,5.09614e-06,0.000100033
TTLL7,2509.33,4561.00,7070.33,2,1.53823e-05,9.9895e-05
APBB3,4647.67,2423.00,7070.67,2,6.03358e-07,0.000164602
PCDH17,3874.00,3197.00,7071.00,2,5.00116e-06,0.000101004
ALPK1,3629.00,3442.33,7071.33,2,5.63594e-06,9.99778e-05
SERPINB9P1,2691.33,4380.00,7071.33,2,1.58218e-05,9.98406e-05
MS4A4A,3078.67,3994.00,7072.67,3,4.54074e-06,0.000112362
MEGF9,3092.33,3980.33,7072.67,2,8.11924e-06,9.99504e-05
PIGB,3546.00,3527.00,7073.00,2,6.49848e-06,9.99708e-05
PRSS2,3615.00,3458.00,7073.00,2,7.52865e-06,0.000190242
JPX,3763.33,3309.67,7073.00,2,6.89386e-06,9.99935e-05
LRRC8E,3737.33,3337.67,7075.00,2,7.56366e-06,0.0001
OAS2,3627.33,3448.00,7075.33,3,5.38351e-06,0.00011921
NFIB,3971.33,3105.67,7077.00,2,3.30749e-06,0.00013526
SLCO2B1,4276.00,2801.00,7077.00,2,1.08024e-06,0.000155016
ZNF83,3734.00,3343.33,7077.33,2,2.663e-06,0.000129743
PPM1D,2658.67,4419.00,7077.67,2,1.34315e-05,9.99044e-05
NPIPA5,2937.67,4142.00,7079.67,2,5.83622e-06,0.000117178
TSPYL4,3716.00,3363.67,7079.67,2,5.68224e-06,9.99997e-05
TNFAIP6,3444.33,3636.00,7080.33,2,3.63646e-06,0.000124478
ZNF784,4265.00,2815.33,7080.33,2,1.02146e-06,0.000170361
KTN1,3862.67,3218.33,7081.00,2,3.60116e-06,0.000126881
ARRB1,3677.00,3404.67,7081.67,1,1.747e-05,0.00010169
SNX4,3274.67,3807.00,7081.67,2,7.08966e-06,9.99409e-05
EPHA2,3692.33,3389.67,7082.00,2,1.77976e-06,0.000125093
PNMT,4576.33,2507.33,7083.67,2,1.28916e-06,0.000191096
ARHGEF6,3541.00,3542.67,7083.67,2,4.87741e-06,0.000113997
POGLUT1,3229.67,3854.33,7084.00,2,7.50956e-06,9.99628e-05
PUS10,3336.67,3748.00,7084.67,2,7.61815e-06,9.99717e-05
LHFPL3-AS2,2523.67,4561.33,7085.00,2,1.59628e-05,9.98923e-05
MICA,3079.00,4006.00,7085.00,2,1.10319e-05,9.99522e-05
ZNF300P1,2394.33,4691.33,7085.67,2,1.48351e-05,9.98633e-05
PIK3R3,2528.00,4558.00,7086.00,2,1.3887e-05,9.98955e-05
NALCN,3010.00,4076.33,7086.33,2,1.40374e-05,9.99439e-05
IL18R1,2305.67,4780.67,7086.33,2,1.58889e-05,9.98453e-05
MARS2,3648.00,3439.00,7087.00,2,1.99669e-06,0.000130037
ZNF826P,2914.33,4173.33,7087.67,2,9.28967e-06,9.99355e-05
CHST9,2598.67,4489.33,7088.00,2,1.41164e-05,9.98578e-05
DST,3396.67,3692.00,7088.67,1,8.48603e-06,0.000224852
FAM118A,4323.00,2765.67,7088.67,2,1.13853e-06,0.000172608
RP11-305E6.4,2745.00,4344.00,7089.00,2,1.0627e-05,9.98677e-05
PPM1M,2527.67,4561.67,7089.33,2,1.35454e-05,9.98868e-05
RBPMS,2995.00,4094.67,7089.67,2,5.13357e-06,0.000123231
CA12,3249.00,3842.00,7091.00,2,6.99727e-06,0.000141793
DNAJC24,3199.67,3892.33,7092.00,2,1.084e-05,9.99631e-05
OR7E14P,3657.67,3434.67,7092.33,2,3.78232e-06,0.000158993
SRSF6,3712.00,3380.33,7092.33,1,3.43107e-06,0.00039324
AGAP2-AS1,4521.00,2571.67,7092.67,2,9.93275e-07,0.000168899
ESM1,3523.67,3569.00,7092.67,2,6.93266e-06,9.99539e-05
AGMAT,3862.33,3230.33,7092.67,2,3.57381e-06,0.000148648
WDR78,2639.00,4454.33,7093.33,2,1.5275e-05,9.99081e-05
RAB36,3077.33,4016.33,7093.67,2,8.95656e-06,9.99322e-05
DNAJC22,2996.67,4098.00,7094.67,2,8.75063e-06,0.000131131
CACHD1,3354.00,3741.67,7095.67,2,2.08673e-05,0.000157083
LINC01341,3562.67,3534.00,7096.67,2,2.14639e-06,0.000137186
MOCS1,3539.00,3558.00,7097.00,1,2.46921e-05,0.000100173
ZNF251,3487.33,3610.00,7097.33,2,4.67533e-06,0.000120305
NR2C2,2636.67,4461.33,7098.00,2,1.17708e-05,9.98988e-05
IFI16,3597.33,3501.67,7099.00,2,2.95343e-06,0.000126738
SAP30,3343.33,3756.33,7099.67,1,1.58996e-05,0.000215726
CARF,2670.67,4429.67,7100.33,2,1.15051e-05,9.99072e-05
GPRIN3,2866.33,4234.67,7101.00,2,9.66766e-06,9.99317e-05
ZNF658,2911.00,4190.33,7101.33,2,1.14949e-05,9.99153e-05
STIM2,2699.00,4402.67,7101.67,2,1.39159e-05,9.98533e-05
SOX15,3938.33,3163.33,7101.67,2,3.16663e-06,0.000141152
LOC286272,2563.67,4539.00,7102.67,2,1.24969e-05,9.98979e-05
RP11-53O19.3,3523.00,3579.67,7102.67,2,3.72193e-06,0.000118703
IFFO1,2633.00,4469.67,7102.67,2,1.60775e-05,9.98762e-05
MED22,2708.33,4396.33,7104.67,2,1.32903e-05,9.98404e-05
RPS27A,3502.33,3603.67,7106.00,1,5.65275e-06,0.00024223
DDB2,3715.00,3391.00,7106.00,1,1.59575e-05,0.000103133
RP1-151F17.2,3192.33,3915.00,7107.33,3,3.68392e-06,0.00011961
MIOS,3446.33,3661.00,7107.33,2,6.89525e-06,9.99628e-05
SPATA5,3132.33,3975.00,7107.33,2,8.90899e-06,9.99009e-05
ZNRF3,3563.67,3544.33,7108.00,2,4.62619e-06,0.000145469
CLHC1,3566.00,3542.33,7108.33,2,5.86069e-06,9.99919e-05
SAMD9L,3537.00,3572.00,7109.00,2,3.66598e-06,0.000116034
MFAP2,3413.67,3695.33,7109.00,2,7.56895e-06,0.000123532
PHKA1,3988.00,3122.00,7110.00,2,4.75123e-06,0.000100015
LOC100505920,3693.00,3417.67,7110.67,2,5.22026e-06,9.99857e-05
WDR24,3256.00,3855.00,7111.00,2,3.26624e-06,0.000128214
PPIL3,3190.00,3921.00,7111.00,2,8.19158e-06,9.99068e-05
VOPP1,3711.33,3400.00,7111.33,2,5.49361e-06,9.99901e-05
PRPS1,3589.00,3523.00,7112.00,2,2.09394e-06,0.000141791
CYP27B1,3184.00,3930.33,7114.33,3,4.81552e-06,0.000106977
RGS18,3355.00,3759.33,7114.33,2,9.56389e-06,9.99255e-05
SPRED1,2690.33,4425.00,7115.33,2,1.11453e-05,9.99102e-05
STRIP1,3506.00,3609.33,7115.33,2,6.10079e-06,9.99649e-05
CLCN2,4291.00,2825.67,7116.67,2,9.792e-07,0.000138533
CNEP1R1,4237.33,2880.33,7117.67,2,3.15056e-06,0.000100049
HAUS4,3677.00,3440.67,7117.67,2,5.83865e-06,9.9989e-05
BC022892,3306.33,3812.00,7118.33,2,6.94605e-06,9.99533e-05
MIR4458,2654.00,4464.67,7118.67,2,1.93965e-05,9.9841e-05
CSF1R,3885.00,3234.33,7119.33,2,3.00294e-06,0.000148474
ACSL4,2291.00,4829.33,7120.33,2,1.60603e-05,9.98376e-05
DIS3L2,3338.33,3783.00,7121.33,2,4.94051e-06,0.000119723
ZNF570,3067.00,4055.33,7122.33,2,4.5802e-06,0.00011851
ZNF528,3582.33,3540.33,7122.67,1,2.16646e-05,0.000100192
LOC101930059,4077.00,3046.00,7123.00,2,2.34464e-06,0.000142485
KERA,3394.67,3728.67,7123.33,2,6.54187e-06,9.99677e-05
PEX6,4434.33,2690.33,7124.67,2,4.99328e-07,0.000153226
UBR4,4043.33,3081.33,7124.67,2,3.12553e-06,0.000137233
PHACTR1,2252.67,4872.67,7125.33,2,1.95851e-05,9.97778e-05
ADAP1,4009.67,3116.00,7125.67,2,4.10359e-06,0.000129307
GALNT18,2659.00,4466.67,7125.67,2,1.15601e-05,9.99e-05
SPRR3,3940.33,3185.33,7125.67,2,3.74323e-06,0.00016781
RP11-164P12.4,3000.67,4125.33,7126.00,2,9.77176e-06,9.99128e-05
LY6K,2808.00,4319.00,7127.00,2,5.59193e-06,0.000123891
ZNF792,2749.00,4378.00,7127.00,2,1.07182e-05,9.98833e-05
PGBD5,2529.67,4598.00,7127.67,3,4.50481e-06,0.00011078
TBC1D4,3700.00,3428.00,7128.00,1,3.50828e-06,0.000322526
ZFP3,2821.00,4307.00,7128.00,2,9.9941e-06,9.99223e-05
SLC2A13,3576.00,3552.33,7128.33,1,4.61918e-06,0.000255198
ATP2B4,3982.67,3146.33,7129.00,2,3.45622e-06,0.000124302
SCN7A,3052.67,4076.67,7129.33,2,1.22572e-05,9.99433e-05
KLRC3,2905.67,4223.67,7129.33,2,1.08787e-05,9.98876e-05
CALCRL,2231.33,4898.33,7129.67,2,1.76004e-05,9.98006e-05
RNF139-AS1,3834.33,3296.33,7130.67,2,6.18373e-06,9.99996e-05
LRMP,2986.67,4146.33,7133.00,2,1.18814e-05,9.99017e-05
COL28A1,4455.33,2678.00,7133.33,2,1.98146e-06,0.000100052
AXIN1,3999.00,3135.00,7134.00,2,1.90888e-06,0.000152396
DIRAS3,2509.33,4624.67,7134.00,2,1.32219e-05,9.98851e-05
MTIF3,4122.33,3012.00,7134.33,2,2.32549e-06,0.000134948
CNNM4,4099.33,3035.00,7134.33,2,2.75381e-06,0.000162154
RNF141,3770.33,3364.33,7134.67,1,3.06246e-06,0.000453253
FZD7,3399.67,3736.33,7136.00,2,3.70887e-06,0.000138621
CD93,3022.33,4113.67,7136.00,2,1.58557e-05,9.99405e-05
MPP6,3665.67,3470.67,7136.33,2,5.29776e-06,9.99803e-05
CTD-3092A11.2,3432.00,3704.33,7136.33,2,3.5675e-06,0.000128293
FAM120C,3800.33,3337.00,7137.33,1,2.90268e-06,0.000923468
HOXA4,2931.67,4206.33,7138.00,2,6.40479e-06,0.000110235
IFRD1,2330.00,4808.33,7138.33,2,1.59067e-05,9.98188e-05
RP11-309G3.3,2517.67,4621.67,7139.33,2,1.30298e-05,9.98608e-05
DUSP28,3447.00,3692.67,7139.67,2,8.29017e-06,9.99513e-05
CDC25B,3616.33,3524.00,7140.33,1,4.19075e-06,0.000265323
AK057978,3831.33,3310.00,7141.33,2,4.80297e-06,0.000119033
ZNF561,3480.33,3661.67,7142.00,2,6.34856e-06,9.995e-05
RP11-488L18.10,3397.67,3744.33,7142.00,2,3.51415e-06,0.000115011
RBM4,3420.00,3722.67,7142.67,2,3.5054e-06,0.000126944
FSIP1,4264.00,2878.67,7142.67,2,1.01778e-06,0.000146006
ARID3A,4240.00,2902.67,7142.67,2,9.58047e-07,0.00015911
FAM3C,3164.33,3978.33,7142.67,2,4.81967e-06,0.000115148
PABPC4L,2678.67,4464.33,7143.00,2,1.16559e-05,9.99069e-05
ENTPD2,3675.67,3467.67,7143.33,2,5.60835e-06,0.000121089
AK097370,2888.67,4255.00,7143.67,2,7.04106e-06,0.000118268
EMP2,2360.67,4784.67,7145.33,2,1.63869e-05,9.98515e-05
LOC100507557,2827.67,4319.00,7146.67,2,1.12696e-05,9.9919e-05
SYTL5,4480.00,2666.67,7146.67,2,1.57156e-06,0.000151225
IL18BP,3997.67,3149.33,7147.00,2,1.02922e-06,0.000156198
ROR1,2649.67,4498.33,7148.00,2,1.17344e-05,9.98927e-05
AC005306.3,4500.67,2647.67,7148.33,2,7.6558e-07,0.000151066
RP11-194N12.2,3558.33,3590.67,7149.00,2,6.80856e-06,9.99761e-05
FZD3,3329.67,3820.00,7149.67,3,2.5361e-06,0.000117256
GFRA3,3336.67,3813.67,7150.33,2,3.60504e-06,0.000132367
MYO1F,2507.33,4643.00,7150.33,2,1.48243e-05,9.98713e-05
TIPARP,3199.00,3952.67,7151.67,2,8.14823e-06,9.99517e-05
SMIM14,4322.67,2830.33,7153.00,2,2.71213e-06,0.000138043
RP11-48B3.4,3028.00,4126.00,7154.00,2,8.90825e-06,9.99337e-05
ZBED8,3732.33,3422.00,7154.33,2,1.93476e-06,0.000133134
C2orf88,3456.00,3698.67,7154.67,2,9.39362e-06,0.000113895
CCDC112,3060.33,4094.33,7154.67,2,8.58787e-06,9.99141e-05
DCUN1D3,2569.67,4585.67,7155.33,2,1.37246e-05,9.98397e-05
ANGEL2,3503.67,3652.33,7156.00,2,4.41172e-06,0.000127549
PRKXP1,2749.33,4407.00,7156.33,2,1.05832e-05,9.99027e-05
NEK4,3537.00,3619.33,7156.33,1,5.12169e-06,0.000238286
SLC39A11,3609.67,3547.67,7157.33,1,2.0239e-05,0.000100183
LIAS,4188.00,2969.33,7157.33,2,1.07495e-06,0.000149035
SCAI,3016.67,4141.00,7157.67,2,1.58214e-05,9.99013e-05
DOK2,2364.33,4795.67,7160.00,2,1.49894e-05,9.98239e-05
MIR10A,3453.33,3707.00,7160.33,2,2.63364e-06,0.000129133
C20orf196,3544.67,3617.00,7161.67,2,2.27871e-06,0.000122337
LAMB1,3814.00,3348.00,7162.00,1,2.83542e-06,0.000557883
FASTKD2,3099.00,4063.00,7162.00,2,1.00347e-05,9.98726e-05
F7,4222.00,2940.67,7162.67,2,7.62413e-07,0.000206875
ZNF615,3871.00,3292.00,7163.00,2,5.89046e-06,9.99939e-05
NUDT6,3314.67,3848.67,7163.33,2,8.27755e-06,9.99206e-05
EML1,2713.33,4450.33,7163.67,2,1.21039e-05,9.99082e-05
DIO2,3627.33,3538.33,7165.67,2,7.86686e-06,0.000129878
LOC101930052,4306.00,2860.00,7166.00,3,1.90126e-06,0.000137051
PANK1,4116.00,3050.67,7166.67,2,1.51097e-06,0.000165393
RP11-173M1.8,2371.33,4795.33,7166.67,2,1.68654e-05,9.98446e-05
CSF3,3554.33,3612.33,7166.67,1,4.85827e-06,0.000239786
COMMD2,3126.67,4040.33,7167.00,2,4.91035e-06,0.000110916
CGRRF1,3141.33,4026.33,7167.67,2,8.20563e-06,9.99441e-05
LRSAM1,3837.33,3331.67,7169.00,2,1.61728e-06,0.000140182
SDC4,3217.00,3953.67,7170.67,2,7.50815e-06,9.99488e-05
SFTPC,2812.67,4358.67,7171.33,2,1.18411e-05,9.99175e-05
ST3GAL1,3225.67,3946.00,7171.67,2,8.17188e-06,9.99255e-05
SERPINA5,4482.00,2689.67,7171.67,2,8.31966e-07,0.000156323
ECHDC1,3261.67,3911.67,7173.33,2,8.67407e-06,9.99602e-05
ITPK1,4607.33,2566.00,7173.33,2,3.97446e-07,0.00018001
ZNF597,4044.00,3129.67,7173.67,2,3.78224e-06,0.000100021
LOC100132891,3119.67,4055.00,7174.67,2,7.98824e-06,9.99382e-05
GCA,3525.00,3650.67,7175.67,2,6.19013e-06,9.99533e-05
ETV7,3254.33,3921.33,7175.67,2,4.12935e-06,0.000133526
SH3BGRL2,3350.67,3825.33,7176.00,2,3.93421e-06,0.000125985
GPR18,3291.67,3884.67,7176.33,2,7.42246e-06,9.99333e-05
ATG2B,3772.67,3403.67,7176.33,2,3.94012e-06,0.000121891
RGMA,4026.00,3150.67,7176.67,2,1.95324e-06,0.000145356
RGS22,2299.67,4877.67,7177.33,2,2.56247e-05,9.97872e-05
ZDHHC16,3387.00,3790.33,7177.33,2,8.3317e-06,9.99347e-05
CCR2,2903.33,4276.33,7179.67,2,1.02361e-05,9.9927e-05
SLC25A33,3510.67,3669.00,7179.67,2,8.713e-06,9.99557e-05
CCZ1B,4026.67,3153.67,7180.33,2,3.5452e-06,0.000129779
NRTN,3388.67,3792.33,7181.00,2,2.77962e-06,0.000128903
SLC27A2,3875.67,3306.00,7181.67,2,1.28023e-06,0.000160796
LAPTM4B,3959.00,3223.67,7182.67,2,2.95859e-06,0.000142819
AIFM2,4284.67,2898.33,7183.00,2,2.07105e-06,0.000137757
IGF2,4148.00,3035.00,7183.00,2,2.54009e-06,0.000138661
FKBP5,3476.67,3707.33,7184.00,2,3.33593e-06,0.000140561
PHEX,2458.00,4726.33,7184.33,2,1.97959e-05,9.97831e-05
AK023627,3709.67,3474.67,7184.33,2,5.1674e-06,9.99917e-05
HIST1H2BH,3963.33,3221.33,7184.67,2,2.17755e-06,0.000133806
STK32C,3522.33,3663.00,7185.33,2,2.24225e-06,0.00014221
FGF18,3452.67,3733.00,7185.67,2,2.48154e-06,0.000135274
RAMP2,3844.00,3342.33,7186.33,2,2.617e-06,0.000134291
TANK,3826.00,3360.33,7186.33,1,2.76472e-06,0.000474845
ZBTB1,4063.33,3123.67,7187.00,2,3.88203e-06,0.000100015
CBLC,3610.00,3578.00,7188.00,1,4.26633e-06,0.000248649
ERCC4,3462.67,3725.67,7188.33,2,4.28022e-06,0.000122531
JPH1,3334.67,3854.33,7189.00,2,2.91732e-06,0.000125509
SCP2,3843.33,3346.33,7189.67,1,1.05881e-05,0.000130474
GPR126,3135.67,4055.33,7191.00,2,8.84281e-06,9.99364e-05
LOC101929122,3515.33,3676.67,7192.00,2,6.03156e-06,9.9958e-05
ATPAF1,3058.00,4135.67,7193.67,2,8.63834e-06,9.99337e-05
NSRP1,3631.00,3564.33,7195.33,2,4.36817e-06,0.000115609
HHIPL2,3257.33,3938.33,7195.67,2,3.64155e-06,0.00012113
HOXD1,3059.00,4137.67,7196.67,2,1.40889e-05,9.98897e-05
PSMG3-AS1,2740.00,4457.67,7197.67,2,1.12669e-05,9.98808e-05
LOC102659288,3903.00,3295.67,7198.67,2,4.75573e-06,9.99945e-05
ARL5B,3235.67,3963.00,7198.67,2,7.54134e-06,9.995e-05
ERVMER34-1,3566.00,3633.00,7199.00,2,2.171e-06,0.000126563
PAXIP1OS,2433.33,4765.67,7199.00,2,1.42401e-05,9.98514e-05
SGCD,2740.00,4460.00,7200.00,2,1.07972e-05,9.99073e-05
PTPRG,2277.33,4922.67,7200.00,2,1.70442e-05,9.97641e-05
MIR302B,2866.00,4334.33,7200.33,2,1.12351e-05,9.99211e-05
TNFSF13,3290.67,3909.67,7200.33,2,8.11324e-06,9.99616e-05
KCNMB3,3330.33,3870.67,7201.00,2,8.51771e-06,9.99413e-05
GPR153,3885.67,3316.00,7201.67,2,2.14444e-06,0.00013486
FRMD6,3109.33,4092.67,7202.00,2,4.5051e-06,0.000138245
SNRK,3766.67,3435.67,7202.33,1,1.19103e-05,0.000100234
MROH7-TTC4,4168.33,3034.33,7202.67,2,3.37494e-06,0.000100018
DPYSL4,3805.67,3397.33,7203.00,2,1.63323e-06,0.000127853
LOC286052,4024.33,3178.67,7203.00,3,2.25778e-06,0.000123321
ARL6,2673.67,4532.67,7206.33,2,1.40518e-05,9.9892e-05
RIIAD1,3950.00,3257.00,7207.00,2,1.3995e-06,0.000143315
ZNF234,3067.33,4140.33,7207.67,2,8.61634e-06,9.99286e-05
PLS1,3578.67,3629.00,7207.67,2,3.25234e-06,0.000136485
GEMIN4,4292.33,2916.00,7208.33,2,1.08923e-06,0.00020064
TRIM2,3539.33,3669.33,7208.67,2,2.76026e-06,0.000122542
SEPSECS-AS1,3342.00,3867.00,7209.00,2,9.4344e-06,9.99527e-05
OSGEP,3280.33,3929.00,7209.33,2,8.19356e-06,9.99025e-05
CCT6B,3549.33,3661.33,7210.67,2,5.85651e-06,9.9955e-05
LOC100506497,3508.33,3703.33,7211.67,2,7.36157e-06,9.99268e-05
ZNF354B,2921.00,4291.33,7212.33,2,1.01348e-05,9.99013e-05
METTL21B,2996.67,4216.33,7213.00,3,4.40044e-06,0.000114863
TAF1D,4166.67,3046.67,7213.33,2,1.66732e-06,0.000142811
CBLN2,4316.00,2898.67,7214.67,2,1.46584e-06,0.000166906
FOXS1,3609.00,3606.67,7215.67,2,2.00761e-06,0.000127588
RP11-452L6.1,2861.00,4355.00,7216.00,2,1.26062e-05,9.99191e-05
RNF175,3691.00,3525.33,7216.33,2,6.62583e-06,9.99675e-05
PEG3-AS1,2455.00,4762.00,7217.00,2,1.38852e-05,9.98568e-05
DBF4,3627.33,3589.67,7217.00,1,4.07081e-06,0.000245252
TTC6,3856.33,3361.00,7217.33,2,1.48954e-06,0.000145766
PLXDC2,3481.33,3738.00,7219.33,2,3.30046e-06,0.000111102
LINC00266-1,3680.00,3539.33,7219.33,1,1.34872e-05,0.000100142
MID2,3072.67,4147.33,7220.00,2,8.61728e-06,9.99288e-05
RCOR3,3489.67,3730.33,7220.00,2,5.21888e-06,0.000113029
ADAMTS16,3344.00,3876.33,7220.33,1,0.000268023,0.000100055
WDR35,3227.67,3993.67,7221.33,2,8.64292e-06,9.99238e-05
PRR34-AS1,3626.33,3595.00,7221.33,1,4.08013e-06,0.000243823
PRPF39,3204.33,4018.67,7223.00,2,4.12688e-06,0.000116007
ABHD13,2476.67,4746.33,7223.00,2,1.44499e-05,9.98606e-05
KAT6A,3763.00,3460.67,7223.67,1,1.2021e-05,0.000100204
C10orf54,3747.00,3477.33,7224.33,1,1.23352e-05,0.000100185
CTSB,3616.67,3608.00,7224.67,2,3.50741e-06,0.000111912
TGFB3,3875.00,3350.33,7225.33,1,2.53391e-06,0.000534804
RGS5,3662.67,3563.00,7225.67,1,3.78363e-06,0.000252714
SEC63,3588.00,3637.67,7225.67,2,3.31444e-06,0.000122855
MUCL1,3237.33,3989.00,7226.33,2,1.14695e-05,0.000139859
LOC153546,2809.00,4418.00,7227.00,2,1.69062e-05,9.98098e-05
ALMS1-IT1,2928.67,4299.33,7228.00,2,9.1906e-06,9.99027e-05
TRMT10A,2827.00,4401.33,7228.33,2,1.04253e-05,9.99094e-05
NXN,4196.67,3031.67,7228.33,2,9.65668e-07,0.000166155
CD69,2633.00,4595.67,7228.67,3,6.19061e-06,0.000112742
ITPRIP,3723.33,3506.00,7229.33,1,1.27537e-05,0.000100165
SFN,3595.33,3634.33,7229.67,2,3.98861e-06,0.000133937
PEX12,3984.00,3247.00,7231.00,2,4.05236e-06,9.99998e-05
RAB3GAP1,3468.67,3762.33,7231.00,1,6.25982e-06,0.00021512
KIAA0232,2632.67,4598.67,7231.33,2,1.16642e-05,9.98888e-05
PTHLH,2783.00,4449.33,7232.33,2,1.23554e-05,9.9908e-05
OSGIN1,4945.67,2288.00,7233.67,2,6.53535e-08,0.000183755
ZNF267,4638.67,2595.33,7234.00,2,1.42834e-06,0.000185261
LOC284009,2936.33,4298.00,7234.33,2,1.06404e-05,9.99029e-05
SNHG18,4126.33,3109.00,7235.33,2,1.33919e-06,0.000163314
MAPK7,3948.00,3287.33,7235.33,2,1.12895e-06,0.000133469
PLEKHA2,3043.67,4192.00,7235.67,2,8.91921e-06,9.99093e-05
DSPP,2656.33,4579.33,7235.67,2,1.35007e-05,9.98915e-05
RP11-334C17.5,3420.67,3815.00,7235.67,2,7.29351e-06,9.99474e-05
TFB2M,3621.00,3615.33,7236.33,2,5.84739e-06,0.000114561
AOAH,3676.67,3560.00,7236.67,1,3.67899e-06,0.000253527
LRRC34,2543.00,4694.33,7237.33,2,1.31504e-05,9.98727e-05
POFUT2,4130.00,3107.33,7237.33,2,3.0389e-06,0.00013605
FOXK1,4202.67,3034.67,7237.33,2,1.66319e-06,0.000145891
USP32P2,4418.67,2819.00,7237.67,2,2.55509e-06,0.000145526
ZNF347,3239.67,3999.33,7239.00,2,7.41602e-06,9.99477e-05
MCTP1,2391.33,4848.33,7239.67,2,1.46004e-05,9.98275e-05
ZBTB40,2816.33,4424.67,7241.00,2,1.00152e-05,9.99109e-05
GAB3,3185.67,4055.67,7241.33,2,1.11431e-05,9.99484e-05
GDAP2,3575.33,3666.33,7241.67,1,4.62355e-06,0.000228645
RP11-468E2.5,2398.67,4844.00,7242.67,2,1.86248e-05,9.97815e-05
SULT2B1,3502.00,3741.33,7243.33,2,2.50296e-06,0.000128257
ING3,2967.67,4275.67,7243.33,2,9.34377e-06,9.99093e-05
S100A7,4173.33,3071.00,7244.33,2,1.84465e-06,0.000134767
C21orf91,3900.00,3344.67,7244.67,2,4.33552e-06,0.000100003
SLC6A16,2988.67,4256.67,7245.33,2,9.90941e-06,9.99014e-05
RWDD2A,3550.67,3695.67,7246.33,2,5.74176e-06,9.99557e-05
TLR4,3748.00,3499.67,7247.67,1,1.23186e-05,0.000100167
AX747826,3195.00,4054.67,7249.67,2,1.05574e-05,9.99333e-05
LONRF1,3761.67,3490.00,7251.67,1,1.20297e-05,0.000100175
USP46,3708.00,3544.33,7252.33,1,3.4613e-06,0.000257731
ALDH6A1,3845.67,3407.00,7252.67,1,2.67968e-06,0.000350799
PRRG1,2566.67,4686.00,7252.67,2,1.59837e-05,9.98761e-05
NPW,3873.67,3379.33,7253.00,1,2.53834e-06,0.000394404
MED30,3760.67,3492.33,7253.00,1,3.12196e-06,0.000278737
TPSAB1,4123.33,3130.00,7253.33,2,9.17956e-07,0.000141071
SLC15A2,3290.00,3964.00,7254.00,2,7.04534e-06,9.99361e-05
ERO1LB,3558.33,3697.00,7255.33,2,5.83541e-06,9.99656e-05
IL15,2455.67,4802.00,7257.67,2,1.41342e-05,9.98327e-05
AMDHD1,2903.00,4355.67,7258.67,2,1.00718e-05,9.99185e-05
PIK3CG,3285.00,3975.33,7260.33,2,7.12876e-06,9.9952e-05
BCAR3,3876.33,3384.33,7260.67,1,2.52984e-06,0.000387369
FRMD4A,3460.00,3801.67,7261.67,1,6.51643e-06,0.00020993
LOC100288911,3779.67,3482.00,7261.67,1,1.39454e-05,0.000100315
ARHGAP6,3521.33,3740.67,7262.00,1,5.33908e-06,0.000217733
C5,3248.33,4014.33,7262.67,2,7.46886e-06,9.99401e-05
ERV3-2,2405.67,4857.67,7263.33,2,1.46684e-05,9.98096e-05
LOC100506119,4239.67,3023.67,7263.33,2,7.08877e-07,0.000151178
FBXO5,3487.33,3777.00,7264.33,1,5.95342e-06,0.000213267
CYSLTR1,3226.00,4038.67,7264.67,2,8.18487e-06,9.99158e-05
CHEK1,3871.33,3393.67,7265.00,2,5.38449e-06,0.000127291
NEDD1,3634.67,3632.67,7267.33,2,5.44286e-06,9.99676e-05
TNN,2849.67,4417.67,7267.33,2,1.72821e-05,9.98931e-05
PDIA4,3711.67,3556.00,7267.67,1,1.60332e-05,0.000100175
SLC26A4,3231.00,4037.00,7268.00,2,9.95587e-06,9.99388e-05
AX747730,4134.67,3134.00,7268.67,2,1.01473e-06,0.000149981
HOTS,3510.33,3759.67,7270.00,2,3.8582e-06,0.000134439
ANO6,3836.00,3435.00,7271.00,1,2.73287e-06,0.000317559
RNF128,4434.67,2836.67,7271.33,2,1.58796e-06,0.000160414
SEPT7P2,3591.33,3680.33,7271.67,2,2.91875e-06,0.000116431
IL4R,2589.33,4683.33,7272.67,2,1.21184e-05,9.98706e-05
CDC42SE2,3640.33,3633.67,7274.00,2,2.82814e-06,0.000125766
TRIM16,3312.33,3962.33,7274.67,2,3.02899e-06,0.000110304
NFS1,3528.67,3746.33,7275.00,1,5.25661e-06,0.000216969
AKAP9,3689.33,3586.00,7275.33,1,3.58619e-06,0.000245949
LOC100506548,3351.00,3925.00,7276.00,2,1.21342e-05,9.99041e-05
MCTP2,2744.33,4532.00,7276.33,2,1.39041e-05,9.98861e-05
TGFBR1,4223.67,3053.33,7277.00,2,2.34733e-06,0.000220658
TMOD3,3654.67,3622.67,7277.33,1,1.41104e-05,0.000100103
CCSER2,3258.00,4020.00,7278.00,2,7.19377e-06,9.99496e-05
ZNF197,3005.33,4273.33,7278.67,2,8.71168e-06,9.99226e-05
ZNF503,3963.67,3315.33,7279.00,2,2.85548e-06,0.000172274
KLF5,4071.67,3207.67,7279.33,2,1.37147e-06,0.000156321
AMPD2,3804.33,3475.33,7279.67,2,6.18078e-06,9.99926e-05
ZNF283,3696.00,3584.33,7280.33,2,5.78475e-06,9.99882e-05
BHLHE22,4077.67,3203.00,7280.67,2,4.17906e-06,0.000100004
IL1R1,3565.33,3716.00,7281.33,2,5.33643e-06,0.000116383
DYRK1A,3844.00,3438.00,7282.00,2,4.99803e-06,0.00014033
CD180,3349.67,3932.33,7282.00,1,0.000103991,0.000100046
CCAR1,3632.00,3650.33,7282.33,2,2.67189e-06,0.000127496
ATP2B1,3729.33,3553.33,7282.67,1,1.26496e-05,0.000100135
DAPL1,4010.67,3272.67,7283.33,2,3.27209e-06,0.000147135
NDUFV2-AS1,2738.67,4546.00,7284.67,2,1.08001e-05,9.98733e-05
KAZALD1,4766.67,2518.33,7285.00,2,3.59225e-07,0.000168039
SH3TC1,3374.67,3911.00,7285.67,2,3.92101e-06,0.000130478
FANCL,4102.00,3184.00,7286.00,2,3.15745e-06,0.00013319
IFFO2,3647.00,3639.67,7286.67,1,1.88091e-05,0.000100118
ATP5A1,3801.33,3485.67,7287.00,2,3.03404e-06,0.000116507
BST1,2464.00,4823.33,7287.33,2,1.92729e-05,9.97128e-05
TMTC4,3888.33,3400.67,7289.00,2,1.6239e-06,0.000188481
PDZK1IP1,3787.67,3502.33,7290.00,2,2.42708e-06,0.0001196
RHOBTB1,3826.67,3463.67,7290.33,2,2.16379e-06,0.000147829
NCK1-AS1,3722.67,3568.33,7291.00,1,1.56477e-05,0.000100164
ZNF264,3118.00,4173.33,7291.33,2,8.42997e-06,9.99378e-05
HCFC2,3154.33,4138.67,7293.00,2,1.77295e-05,9.98445e-05
ZNF17,3322.00,3971.33,7293.33,2,6.88585e-06,9.9937e-05
CLEC2B,3100.67,4193.00,7293.67,2,1.09039e-05,9.99242e-05
ISG20,3950.67,3343.00,7293.67,2,2.9436e-06,0.000140045
GUSBP11,3760.00,3534.00,7294.00,2,2.49433e-06,0.000121354
RAB11FIP4,3382.00,3912.00,7294.00,2,2.78507e-06,0.000131894
IGSF21,2589.33,4707.00,7296.33,2,1.54802e-05,9.98477e-05
KLK5,2784.67,4512.33,7297.00,2,1.10364e-05,0.000126061
AKT3,3150.00,4148.00,7298.00,2,1.47768e-05,9.99263e-05
TMEM132C,3456.67,3841.33,7298.00,1,3.25145e-05,0.000100061
TMEM159,4218.00,3080.33,7298.33,2,3.1579e-06,0.000100014
PRKRA,3553.00,3745.67,7298.67,2,3.32013e-06,0.000115674
GAS7,2856.00,4442.67,7298.67,2,1.19898e-05,9.989e-05
EMP1,3839.33,3461.67,7301.00,1,1.06519e-05,0.000100203
OR7E12P,3604.00,3697.67,7301.67,2,2.04345e-06,0.000115527
EIF4ENIF1,3770.67,3531.00,7301.67,1,3.06064e-06,0.00026246
HP,2495.67,4806.33,7302.00,2,1.34144e-05,9.98154e-05
MBOAT2,4597.67,2705.00,7302.67,2,1.66143e-06,0.000159391
ELMO3,3899.33,3403.33,7302.67,2,2.68711e-06,0.000156901
NFE4,3555.00,3748.00,7303.00,2,2.16558e-06,0.000130821
TATDN1,3547.67,3755.33,7303.00,2,3.04155e-06,0.000128462
KIF21B,3860.33,3444.67,7305.00,2,2.07085e-06,0.000149129
LRP8,3697.33,3608.67,7306.00,2,4.64174e-06,0.000154714
TMEM74B,3194.00,4112.33,7306.33,2,3.50066e-06,0.000127558
PLXDC1,3723.67,3583.67,7307.33,1,3.3448e-06,0.000246826
ACBD5,3775.33,3532.00,7307.33,2,5.72698e-06,9.99434e-05
DNASE1L3,4195.00,3112.33,7307.33,2,2.45128e-06,0.000134534
WFDC1,4178.00,3131.33,7309.33,2,1.93566e-06,0.000143952
CMC4,3911.33,3398.00,7309.33,1,2.37282e-06,0.000365089
RP11-686D22.8,3250.33,4059.33,7309.67,2,7.33427e-06,9.9943e-05
AC017002.2,2694.33,4617.33,7311.67,2,1.34127e-05,9.98259e-05
LATS2,3894.67,3417.00,7311.67,1,2.44651e-06,0.000336938
ABCG1,2786.33,4525.33,7311.67,2,1.17922e-05,9.98823e-05
RAC2,3466.00,3846.00,7312.00,1,6.37602e-06,0.000205079
IL2RB,3523.67,3788.67,7312.33,2,4.03018e-06,0.000119403
ASL,3868.00,3444.33,7312.33,2,1.35127e-06,0.000135131
PSTPIP2,4107.00,3206.00,7313.00,2,2.41178e-06,0.000139691
ALKBH1,3696.33,3617.00,7313.33,1,3.53206e-06,0.000238852
PET112,3742.33,3571.67,7314.00,2,1.65186e-06,0.000132617
RFX3,3832.00,3482.67,7314.67,2,4.71015e-06,0.000115009
BFSP1,2710.00,4605.00,7315.00,2,1.52984e-05,0.00012086
SIRT1,3477.67,3837.67,7315.33,2,6.21569e-06,9.99649e-05
RASSF1,2677.67,4640.67,7318.33,2,1.29565e-05,9.98807e-05
PKP3,3740.00,3578.67,7318.67,1,3.2325e-06,0.000248421
LOC100287525,4094.33,3224.33,7318.67,2,1.09969e-06,0.000185611
PRMT9,2981.00,4338.67,7319.67,2,1.01096e-05,9.98976e-05
LOC101929232,3332.00,3989.67,7321.67,2,6.79156e-06,9.99135e-05
PKN3,4597.00,2725.00,7322.00,2,9.38253e-07,0.000145071
TBC1D15,2810.67,4512.67,7323.33,2,1.18999e-05,9.98767e-05
SVIL,3958.67,3365.33,7324.00,1,2.1795e-06,0.000447796
CCDC146,4253.67,3070.67,7324.33,2,3.21145e-06,0.000100015
NCK1,3293.00,4031.67,7324.67,2,7.95938e-06,9.99502e-05
ZNF736,3856.33,3469.00,7325.33,2,5.1238e-06,0.000116959
ZRANB1,3072.67,4253.67,7326.33,2,8.30111e-06,9.99214e-05
CLIC3,2666.00,4660.67,7326.67,3,1.10415e-05,0.000110788
TMEM8B,4684.33,2643.00,7327.33,2,5.43761e-07,0.000148466
ADAMTS3,2677.67,4649.67,7327.33,2,1.47345e-05,9.9822e-05
GVINP1,2776.00,4551.67,7327.67,2,1.0866e-05,9.98963e-05
MDH1B,2941.33,4386.67,7328.00,2,1.0995e-05,9.98943e-05
ANGPTL2,2569.33,4760.33,7329.67,2,1.65696e-05,0.000121018
YPEL2,2837.00,4493.00,7330.00,2,1.1078e-05,9.99025e-05
BC012193,3940.33,3391.67,7332.00,2,4.16804e-06,9.99833e-05
FNBP1,4013.00,3319.00,7332.00,2,3.8706e-06,0.000117982
SPICE1,2969.33,4363.33,7332.67,2,5.66186e-06,0.000119428
CUTC,2487.00,4847.33,7334.33,2,1.35699e-05,9.98274e-05
ADD2,3756.67,3578.67,7335.33,2,1.57844e-06,0.000140164
FAM98B,3390.33,3945.00,7335.33,1,8.73864e-06,0.000194765
RNF187,3849.67,3487.00,7336.67,2,4.69377e-06,0.000121199
CXorf56,3561.67,3776.67,7338.33,2,7.42717e-06,9.99524e-05
METTL21A,3259.67,4079.00,7338.67,2,7.4856e-06,9.98993e-05
SLC25A18,2609.67,4729.67,7339.33,2,1.43036e-05,9.98599e-05
OLFML2B,3579.00,3760.67,7339.67,2,3.71339e-06,0.000128791
PCDHB5,2829.33,4511.33,7340.67,2,1.00895e-05,9.98754e-05
ZNF226,3984.67,3356.00,7340.67,1,2.07721e-06,0.000494438
RWDD4,3521.67,3819.33,7341.00,2,8.29635e-06,9.99486e-05
LOC101926918,3791.33,3550.00,7341.33,2,1.47839e-06,0.000136262
ERCC3,2681.33,4660.33,7341.67,2,1.12516e-05,9.98759e-05
KLRD1,3103.67,4240.00,7343.67,2,3.85159e-06,0.000121933
NYNRIN,2895.00,4449.67,7344.67,2,5.20312e-06,0.000119452
COPS2,3226.67,4119.00,7345.67,2,7.46929e-06,9.99247e-05
KIAA1109,4152.33,3194.00,7346.33,2,2.49269e-06,0.000127945
CHRD,3657.00,3689.33,7346.33,2,1.88502e-06,0.000124138
LOC100133130,3063.33,4285.00,7348.33,2,1.0126e-05,9.9865e-05
WDR11,3224.67,4123.67,7348.33,2,4.40686e-06,0.000119551
PAM,4196.00,3155.67,7351.67,2,3.53477e-06,0.000100044
FGF13,3063.67,4289.00,7352.67,3,3.3559e-06,0.000111817
KLF9,3933.00,3419.67,7352.67,1,2.29173e-06,0.00033246
CCDC104,3679.33,3673.67,7353.00,2,2.64637e-06,0.000117153
LOC100293211,3852.67,3501.00,7353.67,1,2.64951e-06,0.000274738
PP12719,3179.00,4175.00,7354.00,2,1.01308e-05,9.99277e-05
BNIP3,3945.00,3409.00,7354.00,2,1.34368e-06,0.000146215
GBGT1,2912.00,4442.00,7354.00,2,9.28714e-06,9.9908e-05
TROVE2,3125.33,4229.67,7355.00,2,5.28477e-06,0.000118593
ZNF610,3414.67,3940.67,7355.33,2,6.41595e-06,9.99399e-05
FAM105A,4132.00,3225.00,7357.00,2,9.33022e-07,0.000163972
KB-431C1.4,3022.67,4334.33,7357.00,2,8.53123e-06,9.99007e-05
VWDE,4338.33,3019.00,7357.33,2,2.73406e-06,0.000100022
RIPPLY3,4255.00,3102.67,7357.67,2,3.12041e-06,0.000100023
ZNF571,3743.67,3616.00,7359.67,2,5.09335e-06,9.99761e-05
LOC646214,2878.67,4481.67,7360.33,2,1.02125e-05,9.98869e-05
OR7E156P,4502.33,2858.67,7361.00,2,1.42107e-06,0.000154144
SCGB2A2,3955.33,3405.67,7361.00,2,3.09276e-06,0.000152522
HMHA1,3685.00,3676.00,7361.00,1,3.60991e-06,0.000227115
STARD3NL,3086.00,4276.00,7362.00,2,8.14241e-06,9.99162e-05
HOMER1,4193.33,3168.67,7362.00,2,1.43802e-06,0.000286359
MAST4,3792.67,3570.00,7362.67,1,1.14277e-05,0.000100126
RP11-274H2.5,2533.67,4830.33,7364.00,2,1.323e-05,9.98286e-05
CEP162,2730.00,4634.33,7364.33,2,1.08428e-05,9.98638e-05
CYP21A1P,3412.00,3952.33,7364.33,2,2.78127e-06,0.000125223
DARS2,3413.00,3952.67,7365.67,2,6.89463e-06,0.000133656
KLK7,3219.67,4146.33,7366.00,2,7.11061e-06,0.000120373
INPP1,3696.67,3669.33,7366.00,1,1.6643e-05,0.000100106
HIVEP3,2971.00,4395.33,7366.33,2,8.92866e-06,9.99139e-05
MRPL45,3947.33,3419.00,7366.33,1,2.21738e-06,0.000333254
MIR7114,4366.67,2999.67,7366.33,2,5.66826e-07,0.000298497
PTPLB,3567.67,3799.00,7366.67,2,7.92674e-06,9.9967e-05
KCTD12,3667.00,3700.00,7367.00,2,3.15595e-06,0.000111144
KLHDC7A,4383.33,2983.67,7367.00,2,1.43555e-06,0.000149189
LOC100507472,4502.33,2865.00,7367.33,2,6.27877e-07,0.000149672
C1orf162,4031.33,3336.00,7367.33,2,3.41496e-06,0.000122558
NXPE3,2696.33,4671.67,7368.00,2,1.24875e-05,9.98541e-05
NEIL3,4000.67,3367.33,7368.00,2,2.20024e-06,0.000155583
MLLT4-AS1,2953.00,4415.00,7368.00,2,1.01333e-05,9.98739e-05
DDX20,4108.33,3260.67,7369.00,2,3.57482e-06,0.000100021
FEZ1,3155.67,4213.33,7369.00,2,3.75143e-06,0.000133919
PRELID2,3979.67,3390.33,7370.00,2,2.60556e-06,0.000160206
ERAP1,3903.33,3467.00,7370.33,1,9.80434e-06,0.000100197
IGIP,2866.67,4505.00,7371.67,2,1.17875e-05,9.9902e-05
ARID4A,4299.33,3073.00,7372.33,2,2.93309e-06,0.000100023
KCNQ4,3972.67,3401.67,7374.33,1,2.11953e-06,0.000360157
TFAP2C,3397.33,3978.33,7375.67,2,4.62128e-06,0.000143212
NR2F1-AS1,2674.33,4702.67,7377.00,2,1.13276e-05,9.9872e-05
OPLAH,4550.33,2827.33,7377.67,2,5.2235e-07,0.000141933
CDC23,3949.33,3428.33,7377.67,2,4.53989e-06,9.99794e-05
STON2,2497.67,4881.67,7379.33,2,1.34839e-05,9.98092e-05
SIL1,4002.67,3377.00,7379.67,2,4.35222e-06,9.99882e-05
CCND2,3353.67,4028.00,7381.67,2,3.62327e-06,0.000132976
ZNF10,2756.67,4626.00,7382.67,2,1.304e-05,9.9879e-05
PYHIN1,3485.67,3897.33,7383.00,2,8.06467e-06,9.99513e-05
SCAMP1,3716.00,3667.67,7383.67,2,5.19178e-06,9.99608e-05
LINC01137,3378.00,4005.67,7383.67,2,1.28009e-05,9.99244e-05
ATP1B3,4038.00,3345.67,7383.67,2,2.42258e-06,0.000133082
ZHX1,3776.33,3607.67,7384.00,2,2.89698e-06,0.000132595
AC083843.1,3019.33,4364.67,7384.00,2,1.11973e-05,9.98885e-05
TNFSF11,4013.33,3371.67,7385.00,1,1.98587e-06,0.000423133
MTR,3797.33,3587.67,7385.00,2,2.38902e-06,0.000125416
TIMM13,4169.67,3215.33,7385.00,2,1.949e-06,0.000134931
TYMSOS,3625.67,3761.00,7386.67,2,2.03854e-06,0.000129928
COX11,3144.67,4242.00,7386.67,2,8.89406e-06,9.99299e-05
ULK2,3239.67,4148.33,7388.00,2,1.04185e-05,9.99392e-05
WDR36,2820.33,4568.33,7388.67,2,1.00041e-05,9.98858e-05
RPLP2,3956.67,3434.67,7391.33,2,3.98039e-06,0.000119191
FRMD4B,3501.33,3890.00,7391.33,1,5.67385e-06,0.000200577
ARNTL,2802.67,4589.33,7392.00,2,1.28113e-05,9.988e-05
MGA,3982.33,3411.00,7393.33,1,2.08492e-06,0.000346276
TSPAN3,3508.67,3885.67,7394.33,1,5.52175e-06,0.000200918
OVOL1,3716.33,3679.67,7396.00,1,1.59104e-05,0.000100101
PLEKHM3,3196.33,4200.33,7396.67,2,1.51222e-05,9.99002e-05
FBXL2,4454.33,2942.33,7396.67,2,1.88186e-06,0.000135816
NBPF1,4103.67,3293.00,7396.67,2,3.88031e-06,9.99946e-05
ALG9,3169.33,4227.67,7397.00,2,9.76406e-06,9.99289e-05
RND3,3814.33,3583.67,7398.00,1,1.10973e-05,0.000100121
GOLGA7B,3602.33,3795.67,7398.00,1,4.33588e-06,0.000210795
ROBO2,3000.67,4397.67,7398.33,2,9.70693e-06,9.99147e-05
BHMT2,3448.33,3951.33,7399.67,2,1.13118e-05,9.99558e-05
STXBP6,4251.00,3149.33,7400.33,2,1.54335e-06,0.000130853
TICRR,3485.00,3915.67,7400.67,2,5.7437e-06,0.000135563
HS3ST2,3459.00,3942.00,7401.00,2,6.65485e-06,9.98918e-05
METRNL,3610.67,3790.67,7401.33,1,1.53327e-05,0.000100051
RP11-121C2.2,2670.33,4731.33,7401.67,2,1.15659e-05,9.9852e-05
RP3-406A7.7,4257.33,3144.67,7402.00,2,1.28223e-06,0.000153693
DNAH3,3440.00,3962.33,7402.33,2,7.21827e-06,0.000145941
FAM13B,4286.00,3117.00,7403.00,2,1.81104e-06,0.000141609
PIGA,3348.67,4054.67,7403.33,2,6.69792e-06,9.9946e-05
SLC44A3,4716.33,2687.33,7403.67,2,2.10658e-07,0.000201927
ICAM3,3447.33,3957.00,7404.33,2,7.20902e-06,9.9934e-05
ALG6,3893.33,3511.00,7404.33,1,1.10994e-05,0.000100231
SYT13,4099.00,3305.33,7404.33,2,2.21266e-06,0.000159483
ID1,3592.33,3812.67,7405.00,2,4.2646e-06,0.000142908
COBLL1,4045.33,3359.67,7405.00,1,8.30861e-06,0.000100601
CYB5R4,3811.67,3593.67,7405.33,1,2.84478e-06,0.000244192
RASA2,4027.67,3378.33,7406.00,2,3.9976e-06,0.000123087
IDNK,2662.67,4744.67,7407.33,2,1.57928e-05,9.98619e-05
FCHO1,3691.00,3716.67,7407.67,2,2.20008e-06,0.000138323
FAM122A,2815.67,4592.33,7408.00,2,1.07494e-05,9.98767e-05
MID1IP1,3707.00,3701.00,7408.00,2,1.73141e-06,0.000134016
LILRB2,2526.67,4881.67,7408.33,2,1.29374e-05,9.97645e-05
CTA-390C10.10,3094.33,4314.33,7408.67,2,8.06864e-06,9.99185e-05
TOP1,3552.00,3856.67,7408.67,2,5.97345e-06,9.99411e-05
SLC9A6,2898.00,4512.00,7410.00,2,9.47425e-06,9.99001e-05
TMEM154,3844.33,3565.67,7410.00,2,4.99312e-06,9.99769e-05
EP300,3952.33,3458.00,7410.33,2,1.86117e-06,0.000122373
ZNF626,3763.67,3647.33,7411.00,2,5.77058e-06,9.99758e-05
RPL18,4235.67,3175.67,7411.33,2,1.85867e-06,0.00013786
ADAL,2735.67,4675.67,7411.33,2,1.08053e-05,9.98659e-05
HUNK,4441.00,2970.67,7411.67,2,1.0032e-06,0.000154907
PSAT1,3817.67,3595.33,7413.00,2,5.57644e-06,0.000121104
STXBP5,2874.00,4539.67,7413.67,2,9.85008e-06,9.98896e-05
ZNF257,2885.00,4529.67,7414.67,2,9.52317e-06,9.98848e-05
COL4A4,2885.00,4532.00,7417.00,2,9.49117e-06,9.98988e-05
ANKS1A,3173.67,4243.33,7417.00,2,1.53294e-05,9.99104e-05
C5orf28,4306.00,3112.00,7418.00,2,3.02793e-06,0.000129136
SRI,3909.33,3508.67,7418.00,1,9.71453e-06,0.000100163
TMEM45B,3439.00,3980.00,7419.00,2,5.17289e-06,0.000142219
CABYR,3755.33,3664.33,7419.67,1,1.47135e-05,0.000100108
BC113958,2908.00,4511.67,7419.67,2,1.16534e-05,9.99007e-05
MGAT4A,4026.00,3394.33,7420.33,1,8.49498e-06,0.000100325
CD53,3582.67,3840.00,7422.67,2,4.52352e-06,0.000111819
UAP1L1,3986.33,3436.33,7422.67,1,2.07104e-06,0.000315373
KIAA1919,3882.67,3541.67,7424.33,1,1.00207e-05,0.00010014
CCDC88A,3066.33,4358.67,7425.00,2,8.99107e-06,9.9913e-05
PI4K2B,3447.33,3978.33,7425.67,2,6.39305e-06,9.99365e-05
IFNGR1,3967.00,3459.67,7426.67,1,9.16227e-06,0.000100204
EPB41,4322.67,3106.33,7429.00,2,2.08522e-06,0.000127962
USP22,4351.33,3077.67,7429.00,2,1.51989e-06,0.000160475
ZNF738,3894.67,3536.67,7431.33,2,4.32196e-06,9.99798e-05
MEIS3P1,3892.33,3540.33,7432.67,2,4.35078e-06,0.000111888
TRAT1,3497.67,3936.00,7433.67,2,6.06584e-06,9.9959e-05
GBP4,2619.33,4815.67,7435.00,2,1.23111e-05,9.98109e-05
CNIH2,4055.33,3381.00,7436.33,1,1.85405e-06,0.000392535
USP3,3395.33,4041.00,7436.33,2,6.59883e-06,9.99321e-05
GGH,4065.67,3372.00,7437.67,1,1.82506e-06,0.000422926
SMPDL3A,4080.00,3357.67,7437.67,1,1.78295e-06,0.000486276
NKG7,4229.33,3208.33,7437.67,2,9.06911e-07,0.000203934
CTB-181H17.1,3076.33,4362.67,7439.00,2,8.4193e-06,9.99181e-05
INSM1,3773.33,3666.00,7439.33,2,1.59163e-06,0.000155276
OSMR,3845.33,3595.00,7440.33,2,6.00639e-06,9.99722e-05
SLC18A2,2603.33,4838.33,7441.67,2,1.24126e-05,9.98326e-05
SATB2,4831.33,2610.67,7442.00,2,1.99631e-07,0.000173022
DOCK2,3816.00,3626.33,7442.33,1,2.82082e-06,0.000236746
FAAH2,3661.00,3782.00,7443.00,1,1.81201e-05,0.000100074
C2orf82,3378.67,4064.33,7443.00,1,9.3861e-06,0.000185583
PRICKLE1,3631.33,3813.67,7445.00,2,3.80007e-06,0.000124925
ATAD1,3420.00,4025.33,7445.33,2,6.31215e-06,9.994e-05
QSER1,3658.33,3787.67,7446.00,1,3.81714e-06,0.000211604
RP11-1109F11.5,2980.67,4465.67,7446.33,2,9.47461e-06,9.99047e-05
CPOX,4357.67,3089.33,7447.00,2,2.79807e-06,0.000100016
PALLD,4100.67,3347.00,7447.67,2,1.9435e-06,0.000144279
MCF2L-AS1,4762.00,2686.00,7448.00,2,5.01219e-07,0.000151945
ASAP3,3962.00,3486.00,7448.00,1,9.20394e-06,0.000100178
C10orf2,3237.67,4210.33,7448.00,2,3.29961e-06,0.000129917
ATM,4058.33,3390.33,7448.67,1,1.84912e-06,0.00037698
ZNF599,2709.33,4739.67,7449.00,2,1.09819e-05,9.98621e-05
CERS5,3962.67,3486.67,7449.33,1,2.16119e-06,0.000281848
FBXO15,3070.33,4379.67,7450.00,2,9.06752e-06,9.99161e-05
CTD-2554C21.3,3083.00,4368.00,7451.00,2,9.12517e-06,9.99089e-05
IFI35,3826.33,3625.00,7451.33,1,2.76432e-06,0.000236991
C10orf35,3506.33,3946.00,7452.33,2,1.15706e-05,9.99514e-05
LOC728554,3837.67,3615.33,7453.00,1,1.23859e-05,0.000100131
TM7SF3,3801.67,3651.33,7453.00,2,1.91702e-06,0.000112257
DQ570096,2659.33,4794.00,7453.33,2,1.4818e-05,9.97853e-05
RNF138,3956.33,3497.67,7454.00,2,2.94313e-06,0.000119123
SPG20,3960.67,3493.67,7454.33,1,9.22024e-06,0.000100172
AMN1,3478.33,3976.67,7455.00,2,7.56087e-06,9.99377e-05
JAK1,3274.33,4181.00,7455.33,2,8.11369e-06,9.98996e-05
ZBTB42,3689.33,3766.33,7455.67,2,5.83715e-06,9.99477e-05
RBFOX2,3761.00,3695.33,7456.33,1,3.11584e-06,0.00022415
MTMR9,3029.67,4427.00,7456.67,2,1.61754e-05,9.98465e-05
DSCAM-AS1,4464.00,2994.33,7458.33,2,1.72151e-06,0.000161561
MAOB,2660.33,4798.33,7458.67,2,1.10194e-05,0.000118238
RP11-350F4.2,3837.33,3621.67,7459.00,2,4.89983e-06,9.99619e-05
C2,3804.67,3654.33,7459.00,1,2.87933e-06,0.000230902
SLC37A4,3821.00,3638.33,7459.33,2,3.63468e-06,0.000160475
CIDEB,3173.33,4287.00,7460.33,2,3.69616e-06,0.000112656
NRARP,3597.33,3863.33,7460.67,2,3.59031e-06,0.000121523
SMPD2,4410.33,3050.67,7461.00,2,5.25903e-07,0.000176615
MBIP,3546.33,3915.00,7461.33,2,6.04246e-06,9.99569e-05
GABPB1-AS1,4107.33,3354.33,7461.67,1,1.70875e-06,0.000508144
METTL3,3598.00,3865.67,7463.67,2,3.43962e-06,0.000119128
TENM3,3934.00,3530.33,7464.33,1,2.28657e-06,0.000262794
LOC101928245,3334.00,4131.67,7465.67,2,6.85351e-06,9.99184e-05
SAP130,3808.33,3657.33,7465.67,1,1.12068e-05,0.00010009
ASCL1,4339.33,3127.33,7466.67,2,7.02201e-07,0.000150286
MFSD7,3645.00,3822.00,7467.00,2,1.9653e-06,0.000140282
SLC7A6OS,2740.00,4727.33,7467.33,2,1.093e-05,9.986e-05
RAB7B,2728.00,4740.33,7468.33,2,1.35518e-05,9.98474e-05
OR2A20P,3840.33,3629.67,7470.00,1,1.06448e-05,0.0001001
SUPT16H,3448.00,4022.33,7470.33,2,7.10562e-06,9.99329e-05
CASP4,3604.67,3866.33,7471.00,2,7.44766e-06,9.99651e-05
CITED1,3451.67,4019.33,7471.00,2,3.80156e-06,0.000114816
SULT4A1,3113.00,4358.33,7471.33,2,1.01893e-05,0.000132169
DUSP14,3279.67,4191.67,7471.33,2,7.80196e-06,9.99335e-05
LOC153682,3230.67,4240.67,7471.33,2,7.33907e-06,9.99212e-05
SFRP1,3468.67,4003.00,7471.67,2,1.28045e-05,0.000129028
GYG2,3166.33,4306.00,7472.33,2,4.71103e-06,0.000128063
CHKB-CPT1B,4227.67,3245.67,7473.33,2,2.17478e-06,0.00012172
ANKRD11,3480.33,3993.33,7473.67,2,6.11466e-06,9.99398e-05
TRIM29,3818.33,3656.33,7474.67,2,4.98604e-06,0.000140182
OAS1,3577.33,3897.33,7474.67,2,8.71855e-06,0.000127147
ACSS2,4037.00,3438.00,7475.00,1,8.46663e-06,0.000100669
TAF15,3850.33,3624.67,7475.00,2,2.55333e-06,0.000139647
ZNF516,2781.33,4693.67,7475.00,2,1.04558e-05,9.98697e-05
CHMP4C,3815.67,3659.67,7475.33,2,1.71302e-06,0.000149396
REEP6,4486.00,2990.67,7476.67,2,1.21098e-06,0.000128796
GNG2,3900.33,3576.33,7476.67,1,2.428e-06,0.000249043
MOXD1,3496.67,3980.33,7477.00,3,2.1033e-06,0.000111879
CYB5D1,2745.67,4732.33,7478.00,2,1.06368e-05,9.98281e-05
R3HDM1,4125.33,3354.00,7479.33,1,1.64833e-06,0.000512045
RNF44,3897.67,3581.67,7479.33,1,1.0979e-05,0.000100149
ZNF420,4312.67,3166.67,7479.33,2,2.90878e-06,0.000100008
IGLV4-3,3755.33,3724.67,7480.00,2,6.12641e-06,0.000153139
ZNF862,3844.33,3635.67,7480.00,1,2.68563e-06,0.000234468
PRR5,4082.33,3398.00,7480.33,2,1.81697e-06,0.0001304
SPATA2,3568.67,3912.00,7480.67,2,2.21005e-06,0.000129448
KCTD11,2703.67,4777.33,7481.00,2,1.34745e-05,9.98023e-05
PLAG1,2766.67,4714.67,7481.33,2,1.09469e-05,9.98607e-05
MAPK12,4053.67,3429.00,7482.67,1,1.85728e-06,0.000321969
SLC35E3,4135.67,3347.00,7482.67,1,1.61532e-06,0.000576276
COL21A1,3494.00,3989.00,7483.00,2,1.00678e-05,9.99539e-05
BDP1,3741.33,3743.33,7484.67,2,6.33087e-06,9.9972e-05
DNAJC9,3854.33,3630.67,7485.00,1,2.63972e-06,0.000235625
SLC52A2,3565.33,3920.33,7485.67,1,4.73104e-06,0.000197094
MRPS26,4226.67,3259.00,7485.67,2,2.1281e-06,0.000141298
GUCY1A2,2671.00,4815.00,7486.00,2,1.31796e-05,9.98264e-05
IFT57,2930.00,4556.33,7486.33,2,1.00837e-05,9.98945e-05
INTS2,4271.67,3214.67,7486.33,2,2.25137e-06,0.000158852
SLC2A12,2965.33,4521.67,7487.00,3,6.43047e-06,0.000107642
HOOK3,3749.67,3739.33,7489.00,2,6.89976e-06,9.9959e-05
CRADD,3215.00,4274.00,7489.00,2,3.623e-06,0.000117868
HIAT1,3741.67,3748.00,7489.67,1,1.24466e-05,0.000100062
P2RY2,3573.33,3916.33,7489.67,2,2.42459e-06,0.000134864
LOC100291323,3506.67,3983.67,7490.33,2,6.77336e-06,9.99523e-05
ZNF75D,3093.67,4397.00,7490.67,2,9.08969e-06,9.98993e-05
MLKL,4046.00,3444.67,7490.67,1,8.36396e-06,0.000100558
GPATCH1,3876.67,3614.33,7491.00,1,1.01122e-05,0.000100107
SLC39A7,4083.67,3408.33,7492.00,2,1.18482e-06,0.000133427
FAM177A1,3913.33,3579.33,7492.67,2,4.35605e-06,9.99895e-05
PTAR1,3580.00,3914.67,7494.67,2,8.31792e-06,9.9948e-05
UXS1,2928.00,4566.67,7494.67,2,9.71599e-06,9.98729e-05
TRG-AS1,3558.67,3937.00,7495.67,2,6.06171e-06,9.99299e-05
FSBP,2871.67,4624.00,7495.67,2,1.01995e-05,9.98871e-05
OARD1,3907.67,3588.33,7496.00,2,4.82926e-06,9.99608e-05
CLEC2D,3438.33,4057.67,7496.00,2,6.51194e-06,9.99448e-05
ZBED9,3596.00,3901.00,7497.00,2,5.56946e-06,9.99159e-05
PSMG1,3506.33,3991.00,7497.33,1,5.5743e-06,0.000191067
USP51,2856.00,4641.67,7497.67,2,9.74599e-06,9.98634e-05
KIAA0020,3426.33,4072.67,7499.00,1,7.20028e-06,0.000184901
ZDHHC23,4119.33,3379.67,7499.00,2,8.6429e-07,0.000138097
TCF12,2802.00,4698.00,7500.00,2,1.01825e-05,9.98499e-05
CDC40,3866.33,3633.67,7500.00,2,4.39936e-06,9.99323e-05
LEPROT,3645.67,3856.00,7501.67,1,3.93796e-06,0.000204031
MPZL2,3588.00,3914.33,7502.33,2,7.08798e-06,9.99576e-05
PCDHB7,3002.33,4500.00,7502.33,2,9.49779e-06,9.98763e-05
TSC22D1,3627.00,3877.00,7504.00,1,4.07296e-06,0.000201891
CDC42EP3,4157.33,3347.00,7504.33,2,3.75391e-06,9.99918e-05
SLC22A3,3907.00,3597.67,7504.67,2,3.42606e-06,0.000117758
COQ10A,2926.33,4578.33,7504.67,2,1.22566e-05,9.98862e-05
LOC100129917,3582.33,3922.33,7504.67,2,5.99024e-06,9.996e-05
LACTB,3618.00,3887.00,7505.00,1,1.51119e-05,0.000100029
C11orf80,3644.67,3863.00,7507.67,2,2.66019e-06,0.000125351
RP11-29H23.4,3936.67,3571.33,7508.00,2,4.17534e-06,9.99774e-05
SPATA6,2820.67,4688.00,7508.67,2,1.09475e-05,9.98672e-05
DHX32,3381.00,4129.33,7510.33,2,7.10236e-06,9.99343e-05
DSC3,4562.00,2948.67,7510.67,2,1.39888e-06,0.000153647
VAV1,3205.67,4305.33,7511.00,2,7.56806e-06,9.98863e-05
SPARC,3801.67,3709.67,7511.33,2,3.35933e-06,0.000121005
EFHC2,3573.33,3938.33,7511.67,2,7.47185e-06,9.99594e-05
DENND4A,3340.67,4171.33,7512.00,2,6.84357e-06,9.99376e-05
SLC34A2,3220.00,4292.00,7512.00,2,7.46108e-06,9.99164e-05
HSPA1A,3970.67,3541.67,7512.33,2,2.1168e-06,0.000130081
SLC30A8,3626.00,3886.33,7512.33,2,2.51782e-06,0.000123089
ETS1,3990.67,3522.00,7512.67,1,8.8693e-06,0.000100154
IRX4,3861.67,3652.00,7513.67,2,4.52271e-06,0.000126839
XAGE-4,4011.33,3502.67,7514.00,2,1.28464e-06,0.000125131
CPB1,3857.33,3657.67,7515.00,2,3.75514e-06,0.000133232
TBX5,3969.00,3546.33,7515.33,1,9.14421e-06,0.000100139
THRSP,4124.67,3392.67,7517.33,1,1.64908e-06,0.000371938
NAA25,3639.67,3878.00,7517.67,2,2.84997e-06,0.000119269
IBSP,4040.33,3478.00,7518.33,1,8.42456e-06,0.000100329
DET1,2789.33,4729.33,7518.67,2,1.09627e-05,9.98616e-05
SGK2,3978.00,3541.33,7519.33,1,2.09942e-06,0.000259184
ZCCHC14,4168.33,3351.33,7519.67,1,1.52174e-06,0.000525921
FAM111B,3804.00,3716.00,7520.00,1,1.32302e-05,0.00010009
ELFN1,2880.33,4639.67,7520.00,2,1.00062e-05,9.98678e-05
MSL3,3721.33,3799.00,7520.33,2,5.11803e-06,9.99593e-05
RTN4RL1,2869.00,4651.67,7520.67,2,1.31991e-05,9.98148e-05
ZNF818P,3272.00,4249.00,7521.00,2,7.83377e-06,9.99303e-05
LIMS1,3429.00,4094.00,7523.00,2,6.74144e-06,9.99452e-05
ZNF764,4151.33,3372.00,7523.33,2,3.53954e-06,0.000100003
CAPG,3619.00,3904.67,7523.67,1,4.15431e-06,0.000198787
FAM222A,4063.67,3460.33,7524.00,2,1.35225e-06,0.000148889
RNF111,4243.33,3280.67,7524.00,2,3.24147e-06,0.000100003
TMEM243,4453.00,3071.00,7524.00,2,2.46696e-06,0.000100032
CAPN12,4164.00,3361.33,7525.33,2,1.33326e-06,0.000135438
CASC1,2891.33,4634.33,7525.67,2,9.46776e-06,9.98828e-05
IGSF1,4278.67,3247.00,7525.67,2,1.61591e-06,0.000136649
XK,4352.33,3173.67,7526.00,2,8.97885e-07,0.000135678
AL832163,4346.00,3180.00,7526.00,2,2.85132e-06,0.000100004
ARHGAP31,3927.67,3599.33,7527.00,1,9.56238e-06,0.000100114
SSFA2,3101.00,4426.00,7527.00,2,1.24718e-05,9.98936e-05
DMPK,3474.00,4053.67,7527.67,1,6.18825e-06,0.00018634
NLK,3110.67,4417.00,7527.67,2,8.05678e-06,9.98724e-05
SLC9B2,3812.33,3716.00,7528.33,2,1.77657e-06,0.000139738
LOC100507642,4447.00,3081.67,7528.67,2,2.27673e-06,0.000100023
ATP8B1,3973.67,3555.00,7528.67,1,9.08233e-06,0.000100134
RBM11,3531.00,3997.67,7528.67,2,6.02703e-06,9.99474e-05
SYNJ2BP,3357.33,4172.00,7529.33,2,7.66573e-06,9.99364e-05
LOC100130872,3757.67,3773.00,7530.67,1,3.14931e-06,0.00021378
ELAC1,2902.00,4628.67,7530.67,2,1.11396e-05,9.98793e-05
RPP40,3802.67,3729.33,7532.00,1,1.3251e-05,0.000100086
IREB2,3701.00,3831.00,7532.00,2,3.84439e-06,0.00012927
ZNF222,3482.00,4051.00,7533.00,2,8.49247e-06,9.98968e-05
FXYD3,3924.00,3609.67,7533.67,2,1.23829e-06,0.000125814
ZSCAN12,3946.67,3587.33,7534.00,1,2.22418e-06,0.000245714
LOC101927451,3839.67,3695.00,7534.67,2,4.72846e-06,9.99381e-05
LINC00665,4047.33,3488.67,7536.00,1,8.28784e-06,0.000100176
KIF2A,3836.33,3700.33,7536.67,1,1.24286e-05,0.000100094
ORAI3,3630.00,3907.00,7537.00,2,8.52117e-06,9.99436e-05
CROCCP2,3876.67,3661.00,7537.67,1,2.52978e-06,0.000229521
MYEOV2,4531.00,3007.00,7538.00,2,4.34325e-07,0.000140823
ZNF85,4098.33,3440.00,7538.33,2,3.65073e-06,9.99842e-05
PIK3C3,3784.00,3754.67,7538.67,1,1.16032e-05,0.00010006
TNFAIP8L2,3514.67,4024.67,7539.33,2,8.55997e-06,9.98742e-05
CYP26B1,4359.67,3181.33,7541.00,2,1.38624e-06,0.000142298
STRBP,4024.00,3517.33,7541.33,1,8.5202e-06,0.000100158
RP4-813F11.4,2735.33,4806.67,7542.00,2,1.19364e-05,9.98365e-05
TTC3,3909.00,3633.00,7542.00,2,2.47399e-06,0.000125674
WWTR1,3815.67,3727.67,7543.33,2,2.29759e-06,0.000107736
ZNF519,2939.67,4603.67,7543.33,2,1.0312e-05,9.98489e-05
LOC202181,3164.33,4380.00,7544.33,2,8.44762e-06,9.991e-05
KIAA1429,2923.67,4622.33,7546.00,2,9.57153e-06,9.98868e-05
PTPN22,3759.00,3787.00,7546.00,2,4.99108e-06,9.99557e-05
CCNA1,2608.00,4938.00,7546.00,2,1.75443e-05,9.97587e-05
KIAA1598,3919.67,3628.33,7548.00,2,2.70243e-06,0.000133665
ARMC8,3133.67,4416.67,7550.33,2,8.0754e-06,9.98546e-05
VCPIP1,3199.33,4351.00,7550.33,2,8.68844e-06,9.98817e-05
SERHL2,3755.00,3795.67,7550.67,2,1.63134e-06,0.000133877
ETV1,3439.33,4112.33,7551.67,2,4.83066e-06,0.000134317
GPSM2,3924.67,3627.33,7552.00,1,2.3181e-06,0.000236477
EFNA5,3470.00,4082.00,7552.00,2,7.22525e-06,9.99456e-05
CCNDBP1,3203.00,4350.33,7553.33,2,8.76551e-06,9.98971e-05
LOC101929177,4030.00,3523.33,7553.33,1,8.45764e-06,0.000100153
SLK,3184.67,4368.67,7553.33,2,1.46361e-05,9.98818e-05
LY9,4145.67,3409.67,7555.33,2,3.65989e-06,9.99962e-05
ERN1,3459.67,4096.00,7555.67,2,8.79964e-06,9.99259e-05
LINC00888,2866.67,4691.33,7558.00,2,1.03746e-05,9.9873e-05
SEC11A,4052.67,3505.67,7558.33,1,8.21534e-06,0.000100165
CCNO,3619.00,3939.67,7558.67,2,2.64084e-06,0.000129366
THUMPD2,4518.00,3041.67,7559.67,2,2.27491e-06,0.000100037
KIF13A,3960.00,3600.00,7560.00,1,9.23846e-06,0.000100113
ZKSCAN2,3453.33,4106.67,7560.00,2,2.77883e-06,0.000128284
GUCY1B3,3269.33,4291.00,7560.33,3,2.85729e-06,0.000108724
KATNBL1,4113.33,3447.67,7561.00,2,3.58112e-06,0.000122795
LRRC46,2851.33,4709.67,7561.00,2,2.26252e-05,9.97627e-05
NPC2,4120.33,3441.67,7562.00,2,3.56432e-06,9.99783e-05
WT1,4182.67,3379.67,7562.33,2,1.76931e-06,0.000152992
TTC27,3790.33,3772.00,7562.33,2,4.71866e-06,9.99354e-05
EFCAB2,3460.67,4102.00,7562.67,2,6.70865e-06,9.99422e-05
GID4,3762.67,3800.00,7562.67,1,3.10716e-06,0.000210104
C4orf33,3781.67,3782.00,7563.67,1,3.00457e-06,0.000212507
RP11-97C16.1,3673.67,3890.67,7564.33,2,2.73168e-06,0.000127932
LOC100506314,4312.67,3251.67,7564.33,2,1.27854e-06,0.000129422
PRMT3,3209.67,4354.67,7564.33,2,4.5432e-06,0.00011171
SMYD4,2715.67,4849.33,7565.00,2,1.18737e-05,9.98273e-05
HMBOX1,3976.00,3590.00,7566.00,1,2.10629e-06,0.000245209
TRPS1,4237.00,3329.33,7566.33,2,2.87234e-06,0.000112574
TTBK2,4061.00,3506.67,7567.67,1,8.11496e-06,0.000100164
SLC29A4,4470.67,3097.33,7568.00,2,1.76788e-06,0.000127053
RP11-285J16.1,2832.33,4736.00,7568.33,2,1.06346e-05,9.9839e-05
TRPA1,4326.33,3242.33,7568.67,2,1.78925e-06,0.000128534
ZBED3,3592.33,3976.33,7568.67,2,5.27029e-06,0.000137459
FAM155A,2733.67,4835.33,7569.00,2,1.15546e-05,9.98307e-05
JKAMP,3346.67,4223.33,7570.00,2,6.80043e-06,9.99263e-05
PADI2,4119.67,3451.67,7571.33,2,9.70355e-07,0.000129343
MAFG-AS1,4332.67,3238.67,7571.33,2,1.84253e-06,0.000139435
LOC101929709,3332.67,4239.00,7571.67,2,8.44012e-06,9.98955e-05
RASAL3,3675.00,3897.00,7572.00,2,1.88641e-06,0.000139511
EPB41L5,3052.67,4521.00,7573.67,2,1.02656e-05,9.98939e-05
ADAM12,4526.67,3047.33,7574.00,2,1.30365e-06,0.000153748
CARD8,4012.67,3562.00,7574.67,1,8.63329e-06,0.00010013
CCDC117,3980.67,3595.33,7576.00,1,2.09319e-06,0.000243782
HIRA,3968.67,3608.00,7576.67,1,2.13661e-06,0.000241104
SLU7,4065.33,3511.33,7576.67,1,8.06063e-06,0.000100162
ERICH1,3641.67,3936.00,7577.67,1,3.97831e-06,0.000195428
TMEM213,4027.67,3551.67,7579.33,2,3.91717e-06,9.99728e-05
NEMF,3957.67,3621.67,7579.33,2,2.47805e-06,0.000130973
SP6,4044.33,3535.33,7579.67,1,1.87597e-06,0.000261747
ZDHHC21,3093.00,4487.33,7580.33,2,8.78528e-06,9.99042e-05
MLLT6,4216.00,3364.67,7580.67,1,1.40654e-06,0.000448911
KIAA1586,3733.00,3848.67,7581.67,2,4.97424e-06,9.99507e-05
KRBOX4,3392.00,4191.00,7583.00,2,8.77266e-06,9.99363e-05
AL832909,2715.33,4868.33,7583.67,2,1.26559e-05,9.98002e-05
THEMIS,4022.67,3561.67,7584.33,2,4.06509e-06,9.99906e-05
GCC2,3791.00,3794.00,7585.00,1,2.94855e-06,0.000210963
ASAP2,3835.67,3749.33,7585.00,1,1.0698e-05,0.000100062
SLC4A7,3672.00,3913.67,7585.67,1,3.70512e-06,0.000197929
RASSF5,3534.67,4051.33,7586.00,2,2.87509e-06,0.000137043
PLCL2,4155.67,3430.67,7586.33,1,7.21463e-06,0.00010024
IGFLR1,3128.67,4457.67,7586.33,2,1.21334e-05,9.99078e-05
SMARCA1,3902.67,3684.00,7586.67,2,2.19452e-06,0.000115471
FUS,3715.33,3871.67,7587.00,1,3.41138e-06,0.000202329
TRIM24,3711.00,3877.00,7588.00,2,7.07028e-06,9.99461e-05
LOC286437,3853.00,3735.00,7588.00,1,1.04457e-05,0.000100065
TRAPPC10,4090.67,3497.33,7588.00,1,1.75226e-06,0.000276008
PPCDC,2847.67,4741.67,7589.33,2,1.01387e-05,9.98629e-05
KANSL3,3857.00,3732.67,7589.67,2,3.89574e-06,0.000143045
SDE2,3720.00,3869.67,7589.67,2,5.62978e-06,9.98964e-05
CAMSAP2,4012.00,3577.67,7589.67,2,4.11153e-06,9.99596e-05
KBTBD11,4525.67,3064.33,7590.00,2,1.40517e-06,0.000139428
MYO10,3092.33,4497.67,7590.00,2,1.17317e-05,9.98451e-05
DNM3,3506.67,4083.67,7590.33,2,6.52619e-06,9.98783e-05
ZMYND12,3238.33,4352.00,7590.33,2,9.30755e-06,9.98614e-05
ARL14EP,3928.33,3662.00,7590.33,1,9.55924e-06,0.000100089
GXYLT1,4108.33,3482.33,7590.67,2,3.86203e-06,9.99892e-05
LOC101927609,3576.00,4014.67,7590.67,2,2.14009e-06,0.000121213
VPS37A,3894.67,3697.00,7591.67,1,9.88255e-06,0.000100078
TRAM1L1,3545.67,4046.33,7592.00,2,8.73478e-06,9.98891e-05
N4BP1,2912.00,4680.00,7592.00,2,9.61651e-06,9.98681e-05
AGPS,3361.67,4230.67,7592.33,2,9.31321e-06,9.99037e-05
ATXN3,4078.67,3514.00,7592.67,1,7.93861e-06,0.00010016
PCMTD2,3876.33,3716.67,7593.00,2,1.83526e-06,0.000118689
SLC15A4,4149.67,3444.00,7593.67,1,1.57753e-06,0.000308492
IL22RA2,3715.00,3879.00,7594.00,2,7.34118e-06,9.99304e-05
PLAGL2,3898.67,3695.67,7594.33,2,2.8156e-06,0.000119705
CHIT1,4594.67,3000.00,7594.67,2,1.69193e-06,0.000100023
KANSL1L,3426.00,4170.00,7596.00,2,9.49636e-06,9.9924e-05
TMEM263,3854.00,3742.00,7596.00,2,2.56621e-06,0.000125129
DHX36,3971.00,3626.33,7597.33,1,9.11378e-06,0.000100102
MPP3,2802.33,4796.67,7599.00,2,1.52848e-05,9.98038e-05
DDX19B,3894.00,3705.00,7599.00,2,3.94408e-06,0.000135275
PRR7,4425.00,3174.33,7599.33,2,1.67968e-06,0.000169436
VPS45,3598.00,4002.33,7600.33,1,4.37952e-06,0.000190072
ZNF101,3612.33,3989.00,7601.33,2,6.07607e-06,9.99179e-05
FGF1,3680.67,3921.00,7601.67,1,3.64583e-06,0.000197023
SLC35A5,3572.33,4030.33,7602.67,2,5.8117e-06,9.99443e-05
AK025117,3145.33,4457.67,7603.00,2,7.81546e-06,9.99032e-05
IGHD,4663.67,2940.67,7604.33,2,8.93531e-07,0.000142454
BTAF1,3431.00,4174.00,7605.00,2,3.47154e-06,0.000119795
NOP14,4039.67,3566.00,7605.67,1,8.43805e-06,0.000100165
ZNF562,4154.67,3451.67,7606.33,2,1.87804e-06,0.000113164
CMTM3,3778.67,3828.33,7607.00,1,3.02199e-06,0.000206717
SETD2,3244.00,4363.00,7607.00,2,7.98541e-06,9.99094e-05
PPARGC1A,3878.33,3728.67,7607.00,1,1.15213e-05,0.000100086
IQCH-AS1,4168.00,3439.33,7607.33,2,3.05534e-06,0.000122846
EMB,3440.33,4168.00,7608.33,2,3.35986e-06,0.000115037
TBC1D8,4054.00,3554.33,7608.33,1,1.85623e-06,0.000254911
REXO2,3830.00,3779.67,7609.67,1,2.75094e-06,0.000212732
CCDC77,3364.00,4246.33,7610.33,2,7.4041e-06,9.99e-05
DCBLD1,4070.33,3541.33,7611.67,2,4.07708e-06,9.99493e-05
CRYBG3,3381.67,4231.00,7612.67,2,1.34442e-05,9.99229e-05
GALNT5,4400.00,3213.33,7613.33,2,7.47944e-07,0.000136221
CALB2,3933.33,3680.00,7613.33,2,2.8832e-06,0.000126523
SAT2,3978.33,3635.33,7613.67,1,9.02564e-06,0.000100098
GMFB,3709.67,3904.67,7614.33,1,1.29881e-05,0.000100025
SGIP1,2984.33,4630.33,7614.67,2,1.26752e-05,9.98594e-05
MRPS18C,3884.00,3731.33,7615.33,2,2.79725e-06,0.00013187
LOC284837,3892.33,3723.00,7615.33,2,4.85002e-06,9.98706e-05
PIP5K1B,4042.00,3575.00,7617.00,2,2.38212e-06,0.000116486
PIK3C2G,3929.67,3687.67,7617.33,2,4.82656e-06,9.99505e-05
SHANK2,3765.00,3853.33,7618.33,1,1.19568e-05,0.000100038
TEX30,3522.00,4096.67,7618.67,1,5.33764e-06,0.000183389
ZBTB24,3359.67,4259.67,7619.33,2,6.69154e-06,9.99105e-05
PLCB3,4127.67,3492.33,7620.00,2,8.81817e-07,0.000135834
AFAP1,3096.00,4524.33,7620.33,2,9.18624e-06,9.98884e-05
MAMLD1,3331.67,4289.33,7621.00,2,6.83464e-06,9.99202e-05
PPP1R11,4087.67,3533.33,7621.00,1,1.76408e-06,0.000262068
LL22NC03-N27C7.1,4077.33,3544.33,7621.67,2,3.73033e-06,9.9966e-05
POLK,3746.67,3875.33,7622.00,2,3.65111e-06,0.000122306
BCL3,4152.00,3470.67,7622.67,1,1.5655e-06,0.000291935
FLJ36848,3781.67,3841.67,7623.33,1,1.38901e-05,0.000100061
APCDD1,4236.00,3387.33,7623.33,1,1.35925e-06,0.000383145
RAPGEF2,4150.00,3473.67,7623.67,1,7.26548e-06,0.000100189
CCNB2,3873.33,3750.33,7623.67,2,3.53379e-06,0.00011772
SOCS7,4262.67,3361.67,7624.33,1,1.29485e-06,0.000472304
SF3B2,3887.33,3737.33,7624.67,1,2.47651e-06,0.000217995
ATP7B,4623.67,3001.33,7625.00,2,6.08341e-07,0.000169873
FGF2,3006.67,4618.67,7625.33,2,1.12767e-05,9.98869e-05
ROPN1B,3479.33,4146.33,7625.67,2,7.75359e-06,0.000129111
RANBP6,3910.00,3716.00,7626.00,2,2.467e-06,0.000109319
LOC102723847,4073.33,3553.00,7626.33,2,1.054e-06,0.000120628
RP4-740C4.7,3951.67,3675.00,7626.67,2,4.38016e-06,9.99654e-05
AP5M1,3915.67,3711.33,7627.00,1,9.68715e-06,0.000100073
HIST1H4E,4649.00,2978.00,7627.00,2,6.10975e-07,0.000165879
DIEXF,4030.33,3596.67,7627.00,1,8.54962e-06,0.000100141
LIN37,3479.33,4148.33,7627.67,2,3.33763e-06,0.000120983
KCTD21,3810.00,3818.00,7628.00,2,4.86671e-06,9.99635e-05
LRTOMT,4169.00,3459.00,7628.00,2,7.88859e-07,0.000138627
TGFBI,4021.33,3607.33,7628.67,1,1.95628e-06,0.000241528
FBXO8,3586.33,4042.33,7628.67,2,5.57756e-06,9.99453e-05
SGSM2,4049.67,3579.33,7629.00,1,8.25439e-06,0.000100123
RP11-226L15.5,4227.67,3401.67,7629.33,2,3.36174e-06,0.000100015
ZNF354A,3942.67,3687.33,7630.00,1,2.24557e-06,0.000225565
PROSER2,3285.33,4345.67,7631.00,2,7.66034e-06,9.98692e-05
GALNT16,2990.33,4641.00,7631.33,2,1.45729e-05,0.000114072
NECAP1,4094.00,3538.67,7632.67,1,7.77577e-06,0.000100142
HSPE1-MOB4,3880.33,3752.67,7633.00,1,1.00592e-05,0.000100061
MKS1,4392.00,3241.33,7633.33,2,7.73653e-07,0.000131259
RNASEH2B,3358.67,4275.67,7634.33,2,6.69796e-06,9.99278e-05
SPTSSA,3550.67,4084.33,7635.00,1,1.70716e-05,9.99938e-05
ZNF225,3302.33,4333.67,7636.00,2,1.14948e-05,9.99206e-05
GP2,4060.67,3575.67,7636.33,1,1.83765e-06,0.000249265
FBXO30,3620.67,4015.67,7636.33,2,5.75482e-06,9.99514e-05
AL133493.2,4169.00,3467.67,7636.67,2,3.57372e-06,9.99896e-05
ABCB8,4409.00,3228.00,7637.00,2,1.15512e-06,0.000168271
JAM3,3047.67,4590.00,7637.67,2,1.67572e-05,0.000124584
CTC-444N24.11,3483.00,4154.67,7637.67,2,6.10989e-06,9.99295e-05
TMEM181,3923.67,3714.67,7638.33,1,9.60991e-06,0.000100073
ZNF93,3983.33,3655.00,7638.33,1,2.08333e-06,0.000230653
PITHD1,4422.00,3217.00,7639.00,2,1.16316e-06,0.000151023
RAB2B,4526.67,3113.67,7640.33,2,2.23625e-06,0.000100012
EIF3H,3415.00,4226.33,7641.33,2,6.74913e-06,9.99322e-05
SDK1,2837.00,4804.33,7641.33,2,1.00914e-05,9.98465e-05
TRIP11,3406.67,4235.00,7641.67,2,6.40084e-06,9.98885e-05
ZNF236,3950.33,3691.33,7641.67,1,9.31802e-06,0.00010008
TMEM50B,4029.33,3613.00,7642.33,1,8.46771e-06,0.000100107
MAP3K5,3678.67,3964.00,7642.67,2,5.17187e-06,9.99454e-05
MYO1G,3262.67,4380.33,7643.00,2,7.71256e-06,9.98964e-05
CHST11,3266.00,4377.00,7643.00,2,7.29719e-06,9.98786e-05
MUC20,3878.00,3766.33,7644.33,2,4.03964e-06,0.000129986
TMEM163,3263.00,4381.67,7644.67,2,7.15421e-06,9.98925e-05
TRAPPC11,3681.00,3964.67,7645.67,1,3.6429e-06,0.000193367
MYCL,3466.67,4179.00,7645.67,2,2.50794e-06,0.00013083
LTBP1,3852.00,3794.67,7646.67,2,4.91664e-06,9.99548e-05
PTGS1,3590.67,4056.33,7647.00,2,6.24126e-06,9.99476e-05
MCM5,3993.67,3654.00,7647.67,1,9.15442e-06,0.000100111
FDX1,3041.33,4606.33,7647.67,2,1.74755e-05,9.9832e-05
ABCC3,4191.00,3457.00,7648.00,2,2.07358e-06,0.000120825
DNAJB2,3695.33,3953.00,7648.33,1,1.67359e-05,0.000100043
CCPG1,3878.67,3770.33,7649.00,2,5.37454e-06,9.99705e-05
PLA2G4A,4468.00,3181.00,7649.00,3,8.386e-07,0.000113816
FMO4,3812.67,3837.33,7650.00,2,1.48966e-06,0.000128244
PAFAH2,4278.33,3372.33,7650.67,1,1.25126e-06,0.000421847
CYFIP2,3484.33,4167.67,7652.00,2,6.73081e-06,9.98924e-05
MCOLN2,4630.00,3022.33,7652.33,2,4.48591e-07,0.000260839
LYG1,3710.67,3942.00,7652.67,2,1.70863e-06,0.000130891
ZSWIM6,3618.33,4034.67,7653.00,1,1.51052e-05,0.000100003
SLC25A17,3939.67,3713.67,7653.33,2,4.15134e-06,9.99777e-05
LMO2,4139.67,3513.67,7653.33,1,1.60322e-06,0.000269569
SMKR1,4175.00,3478.67,7653.67,3,1.43126e-06,0.000122185
SOX2,3704.33,3950.33,7654.67,2,1.77577e-06,0.000125843
MYB,4103.33,3552.67,7656.00,2,2.5334e-06,0.000148747
LRP5L,3975.67,3682.00,7657.67,1,9.45674e-06,0.000100101
PPFIA3,4065.33,3592.67,7658.00,2,3.46694e-06,0.000116129
ERMP1,4145.33,3513.00,7658.33,1,1.58777e-06,0.000269813
SNORD3A,4194.67,3464.00,7658.67,2,1.26882e-06,0.000127466
HR,3885.00,3774.00,7659.00,2,2.54279e-06,0.000138953
TESK2,4142.00,3517.33,7659.33,2,9.62952e-07,0.000140843
PCGF6,3376.67,4283.33,7660.00,2,7.07279e-06,9.98935e-05
ZNF14,3262.67,4400.00,7662.67,2,1.34315e-05,9.98837e-05
ANKRD46,3770.67,3892.33,7663.00,2,2.40697e-06,0.000118865
PLTP,3887.67,3776.00,7663.67,1,2.475e-06,0.000213311
DDX10,4256.33,3407.33,7663.67,1,1.31429e-06,0.000350742
C19orf52,4361.00,3303.00,7664.00,2,6.21219e-07,0.000138373
GLIDR,3874.67,3790.00,7664.67,1,1.01506e-05,0.000100051
CTSG,4225.00,3441.67,7666.67,2,1.82902e-06,0.000128236
LOC101928830,3588.67,4078.33,7667.00,2,5.57987e-06,9.99461e-05
COX5A,4313.67,3353.67,7667.33,1,1.1681e-06,0.000512903
HMGA1P4,3861.33,3806.00,7667.33,2,1.66738e-06,0.000120195
RFC3,4108.67,3559.33,7668.00,1,1.70365e-06,0.000253711
GJA5,4037.67,3630.67,7668.33,1,8.38086e-06,0.0001001
JMY,3452.67,4215.67,7668.33,2,7.49652e-06,9.99218e-05
CTAG1A,4396.33,3272.67,7669.00,2,9.06707e-07,0.000180902
IRAK1BP1,3313.00,4358.33,7671.33,2,8.43986e-06,9.99021e-05
ITM2B,4201.33,3470.33,7671.67,1,6.83334e-06,0.000100192
TMPRSS2,4186.33,3485.67,7672.00,2,1.50538e-06,0.000136272
TMEM39B,3701.00,3971.33,7672.33,2,5.11129e-06,9.99298e-05
TSPAN18,3814.00,3858.33,7672.33,1,1.29197e-05,0.000100057
GPR155,3819.00,3854.00,7673.00,2,1.68635e-06,0.000130674
STAP1,3304.00,4369.33,7673.33,2,6.99918e-06,9.9914e-05
LINC00921,3789.67,3884.67,7674.33,1,2.95288e-06,0.0002011
SFTPB,2918.00,4757.33,7675.33,2,1.0911e-05,9.98583e-05
IGHV3-73,3491.67,4184.00,7675.67,2,6.32971e-06,9.99372e-05
TBC1D12,4024.67,3651.67,7676.33,1,8.51614e-06,0.000100092
STK38,3725.33,3951.33,7676.67,1,3.3374e-06,0.000194323
ZNF462,4003.67,3673.33,7677.00,1,2.01624e-06,0.000227286
HOMER2,4106.00,3571.00,7677.00,2,3.61943e-06,9.99649e-05
TULP4,4092.67,3584.33,7677.00,1,1.74666e-06,0.000246453
AHNAK,4094.00,3583.33,7677.33,1,1.74347e-06,0.000246888
ITGA9,3826.67,3853.33,7680.00,1,1.26448e-05,0.000100059
ETNK2,3884.67,3798.00,7682.67,2,2.16696e-06,0.00011978
TMEM67,4144.00,3539.67,7683.67,1,7.33159e-06,0.000100142
HCG11,2754.00,4929.67,7683.67,2,1.27635e-05,9.97725e-05
LOC101930578,3910.33,3774.00,7684.33,1,2.37453e-06,0.00021351
ZNF502,3786.33,3898.33,7684.67,2,4.71405e-06,0.000142835
FGD5,3472.67,4212.67,7685.33,1,3.05204e-05,0.000100011
RUNX1-IT1,4071.00,3615.00,7686.00,1,1.81069e-06,0.000239354
CYP27A1,3994.00,3692.00,7686.00,1,8.83629e-06,0.000100079
LOC283278,3924.33,3761.67,7686.00,1,1.04019e-05,0.000100079
CD59,3988.67,3697.33,7686.00,1,8.9175e-06,0.000100078
ACTR3C,4730.00,2956.67,7686.67,2,4.59537e-07,0.000154438
C6orf106,2826.00,4861.00,7687.00,2,1.13909e-05,9.98002e-05
HIST1H2BG,4045.00,3642.33,7687.33,2,3.54293e-06,0.000129978
PTPN21,4153.33,3534.67,7688.00,1,1.56088e-06,0.000261839
TRIB3,4125.00,3563.33,7688.33,1,1.64861e-06,0.000252661
C1orf115,3786.33,3903.33,7689.67,1,2.97641e-06,0.000198951
ZNF683,4742.67,2947.67,7690.33,2,5.91854e-07,0.000150757
FLJ23867,3470.67,4220.33,7691.00,2,2.71394e-06,0.000117388
ZNF34,2835.67,4855.33,7691.00,2,1.00167e-05,9.98199e-05
BC036055,4239.00,3452.00,7691.00,1,6.55006e-06,0.000100214
IGSF6,3861.00,3830.33,7691.33,2,4.46082e-06,9.99449e-05
PHTF1,3532.67,4158.67,7691.33,2,8.05943e-06,9.98838e-05
CTH,3336.67,4356.00,7692.67,2,2.91737e-06,0.000127097
ITGB8,3996.33,3696.33,7692.67,1,9.11452e-06,0.000100095
RPS6KC1,3478.67,4215.00,7693.67,2,8.54792e-06,9.99334e-05
THOC1,4138.33,3556.33,7694.67,1,7.36308e-06,0.000100133
ZNF431,4259.33,3436.33,7695.67,2,3.16741e-06,0.000100002
FBXO38,4084.67,3611.67,7696.33,1,7.86449e-06,0.000100108
FBXO9,4175.00,3521.33,7696.33,1,7.03252e-06,0.000100155
SHOC2,4148.33,3548.33,7696.67,1,7.27282e-06,0.000100138
RP11-28F1.2,3477.33,4219.33,7696.67,2,8.08688e-06,9.99106e-05
METTL2B,3327.00,4370.67,7697.67,2,6.8565e-06,9.99125e-05
TMEM17,2982.00,4716.33,7698.33,2,9.92818e-06,9.9869e-05
LRRC23,2946.00,4752.67,7698.67,2,9.22924e-06,9.98332e-05
GATSL3,3635.00,4064.67,7699.67,2,1.98077e-06,0.000129315
CYTH3,4509.67,3190.00,7699.67,2,1.14537e-06,0.000142048
OPRK1,3936.33,3763.33,7699.67,1,1.01693e-05,0.000100079
KCNK1,3839.33,3861.00,7700.33,1,2.71869e-06,0.000203583
UBLCP1,4083.67,3618.33,7702.00,1,7.87578e-06,0.000100106
ZNRF1,3030.67,4673.00,7703.67,2,9.18176e-06,9.98741e-05
GEMIN8,4452.33,3252.33,7704.67,2,2.45389e-06,0.000100001
SRCRB4D,3869.67,3835.67,7705.33,2,1.94321e-06,0.000123412
TSTD1,4313.67,3391.67,7705.33,1,6.04665e-06,0.000100335
DDHD1,3261.00,4444.67,7705.67,2,1.00644e-05,9.98998e-05
FAM120A,4196.67,3509.00,7705.67,1,1.44647e-06,0.000271465
KIAA0907,3801.67,3904.67,7706.33,2,2.37305e-06,0.00013112
SLC43A1,4334.00,3372.33,7706.33,2,1.44424e-06,0.000131011
LEO1,3798.33,3908.33,7706.67,1,1.13393e-05,0.000100024
GADD45B,3640.67,4066.67,7707.33,1,1.45503e-05,9.99971e-05
DCAF13,3901.00,3806.33,7707.33,2,2.37959e-06,0.000138263
RPL23AP32,4096.00,3611.33,7707.33,1,7.75476e-06,0.000100108
TMEM178B,4579.33,3129.00,7708.33,2,3.84747e-07,0.000199072
RORC,3750.33,3958.67,7709.00,2,1.60606e-06,0.000123948
UVRAG,4214.67,3495.00,7709.67,1,6.74509e-06,0.000100171
COL6A2,4324.67,3385.33,7710.00,1,1.14335e-06,0.000386621
PGBD1,3119.00,4591.33,7710.33,2,8.1448e-06,9.98912e-05
CLIP2,4018.67,3691.67,7710.33,2,3.45412e-06,0.000115471
ITCH,3358.33,4352.67,7711.00,2,8.85148e-06,9.99034e-05
MECOM,3598.33,4114.33,7712.67,1,2.09744e-05,0.000100022
LINC00115,3907.00,3806.33,7713.33,2,5.36453e-06,9.99446e-05
LOC101929304,3992.33,3722.00,7714.33,1,2.05236e-06,0.000220342
LOC101928524,3333.00,4381.67,7714.67,2,6.77134e-06,9.99136e-05
ZBTB4,4143.67,3572.00,7715.67,1,7.33178e-06,0.000100125
JMJD7-PLA2G4B,4088.33,3628.00,7716.33,1,7.70965e-06,0.000100123
FAM126B,4219.00,3497.33,7716.33,1,6.71171e-06,0.000100168
DSCR3,3615.33,4101.33,7716.67,2,2.00986e-06,0.000117485
NCOA4,4190.33,3527.00,7717.33,1,6.90425e-06,0.000100152
QTRT1,4020.33,3697.33,7717.67,1,1.9604e-06,0.000223987
FGD4,4286.33,3432.00,7718.33,1,6.22492e-06,0.000100238
SIK1,3430.33,4288.67,7719.00,1,7.13336e-06,0.000170511
GOLGA8N,3636.67,4082.67,7719.33,2,3.20227e-06,0.000115727
KLHL28,4351.33,3369.00,7720.33,2,1.98946e-06,0.000117188
CMTM7,4140.67,3580.00,7720.67,1,7.34515e-06,0.000100122
SSBP2,3129.00,4592.00,7721.00,2,1.32865e-05,9.98605e-05
TPBG,3714.33,4007.67,7722.00,2,2.45269e-06,0.000123142
GUSBP4,3732.67,3990.00,7722.67,2,5.28818e-06,9.99532e-05
PLS3,3299.33,4424.00,7723.33,2,6.74278e-06,0.000124033
TRIM52-AS1,3962.00,3761.67,7723.67,2,1.29845e-06,0.000141314
RASAL1,4335.00,3389.33,7724.33,1,1.11873e-06,0.000377771
MAP3K7CL,2906.33,4818.00,7724.33,2,1.01708e-05,9.9814e-05
HTRA3,3849.00,3876.00,7725.00,1,2.66406e-06,0.000201976
RAP1B,3807.67,3918.33,7726.00,1,1.12154e-05,0.000100023
KCNC4,3874.00,3852.33,7726.33,1,1.16141e-05,0.000100059
NSUN7,2964.33,4762.33,7726.67,2,1.2023e-05,9.98335e-05
PVRIG,4839.67,2887.67,7727.33,2,3.86515e-07,0.000197906
TAGAP,3623.67,4104.00,7727.67,2,5.50423e-06,9.99271e-05
RPS6,4515.33,3212.67,7728.00,2,6.97578e-07,0.000177985
RP1-93H18.6,3578.00,4150.33,7728.33,2,5.80778e-06,9.99325e-05
SH3BGRL,4145.00,3583.33,7728.33,2,2.07884e-06,0.00014576
CD300LG,3594.33,4134.67,7729.00,1,2.11276e-05,0.00010002
COL8A1,4709.00,3021.00,7730.00,2,1.57652e-06,0.00014375
SNN,4101.00,3629.00,7730.00,2,3.15919e-06,0.000127737
PPAP2C,4106.33,3624.67,7731.00,1,7.46847e-06,0.000100125
FAM71E1,3687.00,4044.67,7731.67,2,6.40921e-06,0.000132682
FUT11,3231.67,4500.00,7731.67,2,8.14441e-06,9.99032e-05
FLJ31306,3629.67,4102.00,7731.67,2,4.49889e-06,0.000116167
ETFDH,4376.67,3357.67,7734.33,1,5.57698e-06,0.000100664
EFTUD2,4209.33,3525.33,7734.67,1,1.42084e-06,0.000264479
CDK5,3970.00,3765.00,7735.00,1,9.50668e-06,0.000100078
SPOP,3992.33,3743.67,7736.00,2,4.13208e-06,9.99721e-05
DUXAP10,3743.33,3993.33,7736.67,2,1.7584e-06,0.000129212
FCGR2A,3676.00,4061.00,7737.00,1,3.68209e-06,0.000185704
SYCE1L,3977.67,3759.33,7737.00,1,2.10009e-06,0.00021537
PRDM6,3524.67,4212.33,7737.00,2,6.17972e-06,9.99233e-05
RASEF,4105.33,3632.00,7737.33,1,7.66856e-06,0.000100099
TMEM30A,3613.33,4124.67,7738.00,1,1.52326e-05,9.99866e-05
TPPP,3512.67,4225.67,7738.33,1,2.64634e-05,0.000100009
FCRL5,3672.67,4066.33,7739.00,2,8.70056e-06,9.99327e-05
TTC33,4040.67,3699.33,7740.00,1,8.34839e-06,0.000100077
SCAPER,4019.00,3721.67,7740.67,1,8.56937e-06,0.000100069
WDR72,4084.33,3656.67,7741.00,2,2.51105e-06,0.00015052
PEX7,3234.00,4507.33,7741.33,2,7.32232e-06,9.9889e-05
CTA-29F11.1,3595.00,4146.67,7741.67,2,5.71371e-06,9.99405e-05
PRIMPOL,3824.33,3918.00,7742.33,2,4.98105e-06,9.99595e-05
COL9A2,4177.33,3566.00,7743.33,1,1.49893e-06,0.000252128
TXNL4B,3810.67,3932.67,7743.33,2,1.52527e-06,0.000128588
ESRRG,3389.67,4354.00,7743.67,2,6.51406e-06,9.99093e-05
CAP2,3836.00,3908.67,7744.67,2,3.01573e-06,0.000112285
TPRG1L,4342.67,3402.00,7744.67,1,5.82381e-06,0.000100296
EVI5,3924.00,3821.67,7745.67,1,2.31904e-06,0.000207621
MT1F,4336.67,3409.00,7745.67,1,1.11654e-06,0.00034866
TAF1A,4459.67,3286.67,7746.33,2,1.00722e-06,0.000143259
MMADHC,4131.00,3616.67,7747.67,1,7.44871e-06,0.000100107
RP1-228H13.5,4408.67,3339.00,7747.67,2,2.55354e-06,9.99962e-05
IL17B,3701.00,4047.00,7748.00,1,3.50458e-06,0.000186755
SMIM17,2970.67,4778.00,7748.67,2,1.07913e-05,9.98534e-05
TADA2A,4752.00,2996.67,7748.67,2,3.44543e-07,0.00014045
TCEAL1,3487.00,4262.67,7749.67,2,6.85604e-06,9.99277e-05
SMAGP,4436.33,3314.67,7751.00,2,6.11147e-07,0.000130082
ZSCAN9,3681.33,4070.00,7751.33,2,6.32544e-06,9.98919e-05
CBWD1,3790.67,3961.00,7751.67,1,2.9499e-06,0.00019377
PAF1,3964.33,3787.33,7751.67,1,9.19613e-06,0.000100052
RUSC1-AS1,3775.67,3977.33,7753.00,2,5.44948e-06,9.99419e-05
RLF,3260.33,4493.00,7753.33,2,7.99478e-06,9.98912e-05
ZFP69,3064.67,4689.00,7753.67,2,8.50502e-06,9.98195e-05
IFI27,3772.67,3982.33,7755.00,2,6.56265e-06,0.000119224
FAR2,4246.00,3509.33,7755.33,2,7.108e-07,0.00013812
CA5BP1,4261.33,3494.33,7755.67,1,1.30158e-06,0.000277978
MIR6840,4167.67,3588.00,7755.67,1,1.52307e-06,0.000245525
CMPK1,4200.67,3555.33,7756.00,1,1.44119e-06,0.00025481
LOC102724229,3906.00,3850.00,7756.00,2,2.07185e-06,0.000135815
MSN,4121.67,3634.33,7756.00,2,2.19002e-06,0.000131317
NT5E,4489.00,3267.67,7756.67,3,1.26105e-06,0.000118602
GNAZ,3567.00,4191.33,7758.33,2,2.99422e-06,0.000120463
MEGF6,4656.00,3102.33,7758.33,2,1.71107e-06,0.000100085
MEX3D,4236.67,3521.67,7758.33,1,1.35867e-06,0.000265923
ZBTB47,3835.00,3924.67,7759.67,1,1.24491e-05,0.000100047
GAS2L1,4382.33,3378.33,7760.67,1,1.02722e-06,0.000402323
BHLHB9,3243.00,4517.67,7760.67,2,7.47572e-06,9.98998e-05
ACTR6,4339.67,3421.00,7760.67,1,1.11183e-06,0.000330702
TMEM44,3984.00,3778.00,7762.00,2,1.52666e-06,0.000132298
TAF13,4299.33,3463.00,7762.33,1,6.15686e-06,0.000100202
SUSD1,3433.33,4329.67,7763.00,2,8.6385e-06,9.98538e-05
CRABP1,4699.00,3064.33,7763.33,2,4.1927e-07,0.000145605
PSMA5,3255.00,4509.00,7764.00,2,7.81224e-06,9.98507e-05
SLC22A14,4748.33,3015.67,7764.00,2,4.66647e-07,0.000151988
CCNYL1,3150.00,4614.33,7764.33,2,1.14338e-05,9.9863e-05
STEAP3,4094.00,3670.33,7764.33,1,7.63106e-06,0.000100105
A2M-AS1,3229.67,4535.33,7765.00,2,8.48867e-06,9.98957e-05
KCNN4,4177.67,3587.67,7765.33,2,2.10388e-06,0.000127961
PIGC,3944.00,3822.33,7766.33,1,2.2383e-06,0.000207479
STYX,3410.33,4357.00,7767.33,2,6.79997e-06,9.99182e-05
ARHGEF26-AS1,3181.33,4588.00,7769.33,2,7.81457e-06,9.98915e-05
SMC2,4097.67,3672.33,7770.00,1,7.59772e-06,0.000100104
GCAT,3716.67,4056.00,7772.67,2,2.27635e-06,0.000118428
GFPT2,3984.00,3788.67,7772.67,3,2.77544e-06,0.00011795
WDR52,3470.00,4303.33,7773.33,2,6.58645e-06,9.99208e-05
CSAD,4174.00,3599.67,7773.67,1,1.50536e-06,0.000243021
IFT88,4045.67,3728.67,7774.33,1,1.87389e-06,0.000219168
DLST,4137.00,3638.33,7775.33,1,1.61209e-06,0.000233996
TLE4,4006.33,3770.00,7776.33,1,8.66739e-06,0.000100056
RPS6KA2,3854.00,3922.67,7776.67,1,1.04425e-05,0.000100022
EDEM1,4151.67,3625.33,7777.00,1,7.25245e-06,0.000100102
BBS4,3593.67,4184.33,7778.00,2,5.7949e-06,9.99329e-05
NOVA1,3816.33,3962.33,7778.67,1,1.28556e-05,0.000100042
HAMP,3955.00,3825.00,7780.00,2,5.05718e-06,9.99456e-05
FEM1C,4435.33,3344.67,7780.00,1,5.2251e-06,0.000256503
SNX13,3999.33,3781.33,7780.67,1,8.77056e-06,0.000100053
FAM174B,3700.33,4080.67,7781.00,2,5.3325e-06,9.99394e-05
WDR66,3536.33,4245.67,7782.00,2,7.93184e-06,9.98817e-05
MAPK6,4154.33,3628.00,7782.33,1,1.56003e-06,0.000236087
RAB15,4217.00,3565.67,7782.67,2,2.03459e-06,0.000123364
LTB,3674.33,4109.00,7783.33,1,3.69506e-06,0.000182552
JADE3,3738.67,4045.00,7783.67,2,1.91277e-06,0.000124903
COG1,4373.00,3410.67,7783.67,1,1.04422e-06,0.000346293
RP11-255C15.4,3092.33,4691.67,7784.00,2,9.05419e-06,9.98742e-05
LOC101060264,4766.33,3018.00,7784.33,2,1.81454e-07,0.000162062
PTER,3696.00,4088.33,7784.33,1,3.53235e-06,0.000184021
AK000798,2971.67,4814.00,7785.67,2,9.86622e-06,9.98422e-05
ZNF256,3709.00,4077.00,7786.00,2,6.39065e-06,9.99221e-05
SUV39H2,4102.33,3684.33,7786.67,1,1.72143e-06,0.000226027
RUFY2,3687.67,4099.00,7786.67,1,3.59043e-06,0.000183235
UBR1,3068.67,4718.33,7787.00,2,8.45329e-06,9.98426e-05
CAMLG,4185.33,3602.00,7787.33,1,6.94338e-06,0.000100112
GLB1,3938.33,3849.00,7787.33,1,1.01055e-05,0.000100059
CCDC109B,4177.00,3611.00,7788.00,2,2.87563e-06,0.000146267
ADAT3,4273.00,3515.67,7788.67,2,8.66249e-07,0.000129596
LPXN,4303.33,3488.00,7791.33,2,2.91269e-06,9.99953e-05
TARP,3921.00,3871.33,7792.33,2,1.64001e-06,0.000120895
TOP1MT,4286.67,3506.33,7793.00,1,1.23375e-06,0.00027244
SMIM20,3797.33,3998.00,7795.33,2,5.23466e-06,9.99433e-05
PCDHA9,3583.00,4213.33,7796.33,2,7.93793e-06,9.9895e-05
ACSL3,4015.33,3783.00,7798.33,1,8.60782e-06,0.000100053
RAB31,3423.67,4375.00,7798.67,2,3.67638e-06,0.000115804
UGT8,3246.00,4552.67,7798.67,2,1.34181e-05,0.000123294
FGD1,3514.67,4284.33,7799.00,2,2.62201e-06,0.000123124
SRP19,3769.67,4029.33,7799.00,2,5.84622e-06,9.99354e-05
RP11-357G3.2,4173.67,3627.33,7801.00,1,7.04468e-06,0.000100101
ZEB2,4144.67,3656.67,7801.33,1,7.32618e-06,0.00010009
EDEM3,4017.00,3784.67,7801.67,1,1.97325e-06,0.000212201
TSPAN12,3852.00,3950.00,7802.00,2,1.49704e-06,0.000114079
MALAT1,3535.00,4267.00,7802.00,2,3.19548e-06,0.000120099
MED10,4081.33,3722.00,7803.33,1,7.80367e-06,0.000100088
TIMM23B,4034.00,3771.67,7805.67,1,8.50186e-06,0.000100076
CXorf38,3913.33,3892.67,7806.00,2,4.74092e-06,9.99144e-05
INTS7,3871.67,3934.33,7806.00,1,1.16494e-05,0.000100045
KLHDC8B,3339.00,4467.67,7806.67,2,1.47612e-05,9.9852e-05
IRF2BP2,3335.67,4471.67,7807.33,1,3.25888e-05,0.000159783
MIR5193,3489.67,4318.00,7807.67,1,2.86594e-05,9.99993e-05
ESCO1,4163.33,3645.67,7809.00,2,3.50168e-06,9.99611e-05
LOC440354,4128.67,3681.00,7809.67,1,1.64027e-06,0.000226333
ATAD2,3902.00,3910.00,7812.00,1,2.42197e-06,0.00019828
OTULIN,3775.00,4037.67,7812.67,1,1.40963e-05,0.000100031
KCNQ3,4216.00,3596.67,7812.67,2,3.24987e-06,9.99757e-05
RELB,4007.00,3807.67,7814.67,2,1.21474e-06,0.000132168
CDT1,4030.00,3785.67,7815.67,1,1.92134e-06,0.000212092
ARL10,4297.00,3519.33,7816.33,1,1.2121e-06,0.000267461
CLDN12,3680.33,4136.67,7817.00,1,3.64611e-06,0.000180377
C4orf19,4294.00,3523.33,7817.33,2,1.0384e-06,0.000132293
SLC26A3,4905.33,2912.67,7818.00,2,3.48345e-07,0.000156317
FBXL19,4307.33,3511.00,7818.33,1,6.10283e-06,0.000100162
ARL8B,3950.00,3868.33,7818.33,1,9.31816e-06,0.000100034
CHSY3,3967.00,3852.00,7819.00,2,4.30496e-06,9.99457e-05
LYPD6B,3559.00,4260.33,7819.33,2,2.18307e-06,0.0001287
C11orf70,3421.33,4399.33,7820.67,2,6.29722e-06,9.99133e-05
SKIV2L2,4249.67,3571.33,7821.00,1,1.32803e-06,0.000250598
ZBTB21,3370.67,4451.00,7821.67,2,7.03468e-06,9.98899e-05
RBM39,4469.00,3353.00,7822.00,2,2.06116e-06,0.000125938
DDX5,4192.67,3630.00,7822.67,1,6.88878e-06,0.0001001
PDP2,4625.67,3197.67,7823.33,2,8.30417e-07,0.000184816
GLIS3,3322.67,4501.33,7824.00,2,6.92236e-06,9.99026e-05
LOC401052,4009.00,3815.33,7824.33,1,8.65572e-06,0.000100046
NOTCH2,4240.33,3584.33,7824.67,1,6.54269e-06,0.000100121
TRAPPC2,4171.00,3654.00,7825.00,1,1.51628e-06,0.000231141
MYC,4041.00,3784.33,7825.33,1,1.88543e-06,0.000212212
MARVELD2,3905.33,3920.33,7825.67,2,4.6237e-06,9.99574e-05
SALL2,4413.00,3413.67,7826.67,2,2.53954e-06,0.000100006
WBP1L,4088.67,3738.00,7826.67,1,7.83928e-06,0.000100064
MGME1,3543.00,4284.00,7827.00,1,5.02847e-06,0.000170747
DPAGT1,4209.67,3617.67,7827.33,1,6.14988e-06,0.00010013
FOSL1,4565.67,3261.67,7827.33,2,1.12031e-06,0.000144927
MGAM,3478.33,4349.00,7827.33,1,2.98554e-05,9.99952e-05
LOC102606465,2951.67,4878.67,7830.33,2,9.26079e-06,9.98024e-05
NLGN4X,3118.00,4713.00,7831.00,2,1.2119e-05,0.000120053
AX748339,3504.67,4327.67,7832.33,2,6.2967e-06,9.99028e-05
RPS27,3768.00,4069.00,7837.00,1,3.07781e-06,0.000185145
TOPORS,4018.67,3818.67,7837.33,1,1.96876e-06,0.000207972
SRPK2,4004.33,3833.00,7837.33,1,8.69813e-06,0.000100042
LIF,4466.33,3372.00,7838.33,2,4.80076e-07,0.000128432
PAQR8,4601.67,3237.33,7839.00,2,7.33209e-07,0.000152204
SHPRH,3892.00,3949.33,7841.33,2,2.84619e-06,0.000114927
SPATA18,3558.00,4285.00,7843.00,2,5.53126e-06,0.00011513
COL3A1,4301.00,3542.33,7843.33,2,2.37936e-06,0.000135583
SNX30,3180.67,4663.33,7844.00,2,8.55768e-06,9.98796e-05
CNDP2,4414.00,3430.33,7844.33,1,9.54563e-07,0.000320531
SERTAD2,4378.00,3466.67,7844.67,1,5.57023e-06,0.000100197
PLBD1,4146.33,3698.33,7844.67,1,1.58261e-06,0.000223874
APPBP2,3789.33,4056.33,7845.67,2,4.72102e-06,9.99445e-05
LINC00865,4212.00,3635.00,7847.00,2,3.27355e-06,9.99777e-05
ZNHIT6,3951.33,3896.00,7847.33,2,4.35695e-06,9.99627e-05
UCN,4001.00,3846.33,7847.33,1,9.06939e-06,0.00010006
TP73-AS1,3979.67,3868.33,7848.00,1,2.09455e-06,0.000202839
SPATA17,3571.00,4278.00,7849.00,2,5.87911e-06,9.99193e-05
ZDHHC9,4054.67,3795.00,7849.67,1,8.23737e-06,0.00010007
ANTXR2,3961.00,3889.00,7850.00,1,2.16564e-06,0.000200659
LOC101927365,4610.00,3240.33,7850.33,2,1.93321e-06,0.000100001
STX19,4226.00,3627.00,7853.00,2,1.02305e-06,0.000140588
C12orf57,3928.00,3925.00,7853.00,1,2.30562e-06,0.000196697
MAP3K3,4060.67,3793.67,7854.33,1,8.11668e-06,0.000100051
AP4S1,3320.00,4534.67,7854.67,2,7.09741e-06,9.98964e-05
TIAM1,3693.33,4162.33,7855.67,2,5.23254e-06,9.99374e-05
LOC101927720,3555.33,4301.33,7856.67,2,5.70169e-06,9.99236e-05
PKN2,4305.67,3551.67,7857.33,1,6.11057e-06,0.000100136
FLJ12120,3374.33,4484.33,7858.67,2,7.55356e-06,9.98897e-05
TRAPPC8,4013.00,3845.67,7858.67,1,8.62902e-06,0.00010004
DOCK5,4302.33,3557.00,7859.33,1,1.19342e-06,0.000254133
GJA4,3499.67,4359.67,7859.33,1,2.73481e-05,9.99938e-05
LOC645166,3930.33,3930.00,7860.33,1,2.29848e-06,0.000195813
SLC25A24,4186.67,3673.67,7860.33,1,1.47308e-06,0.000227274
LOC100289019,4174.67,3685.67,7860.33,2,2.79381e-06,0.000127362
BCLAF1,3701.00,4160.00,7861.00,2,5.9065e-06,9.99182e-05
NUB1,4005.33,3856.00,7861.33,2,2.30677e-06,0.000110202
PFN1,3678.67,4184.00,7862.67,1,1.73803e-05,0.000100015
LOC389831,4272.33,3591.00,7863.33,2,3.1193e-06,9.99713e-05
PRRG2,4920.33,2943.00,7863.33,2,5.42511e-08,0.000136024
GPR98,4196.00,3667.33,7863.33,1,6.2925e-06,0.000100106
ALG10,3918.00,3945.33,7863.33,2,4.61325e-06,9.99576e-05
MAMDC4,4557.67,3306.33,7864.00,2,1.07015e-06,0.000142445
HIST1H3A,3689.33,4175.00,7864.33,2,6.43287e-06,0.000125697
C15orf40,4266.00,3598.33,7864.33,1,6.37081e-06,0.000100114
PPARGC1B,4138.67,3726.00,7864.67,1,1.60611e-06,0.000219809
MRPS23,4136.33,3729.00,7865.33,1,7.10254e-06,0.000100086
NBR2,3698.67,4166.67,7865.33,2,1.73167e-06,0.000122445
CHN2,4117.00,3748.67,7865.67,2,8.67578e-07,0.000134696
C1orf50,3799.67,4066.00,7865.67,2,5.64753e-06,9.99262e-05
LMAN2L,3945.67,3921.00,7866.67,2,4.4074e-06,9.99603e-05
ZNF185,4650.00,3217.33,7867.33,2,1.5961e-06,0.000147448
ZNF700,3582.00,4286.33,7868.33,2,3.49998e-06,0.000119727
TMEM173,3041.67,4827.00,7868.67,2,8.982e-06,9.98077e-05
FUBP1,3710.67,4158.00,7868.67,1,3.43457e-06,0.000178923
CTBS,3660.00,4209.33,7869.33,2,5.64574e-06,9.99287e-05
FDXR,3213.67,4656.33,7870.00,2,3.99132e-06,0.000120478
ABHD2,3456.67,4413.67,7870.33,2,2.74979e-06,0.000119692
STAG3L4,4189.67,3683.00,7872.67,1,6.90746e-06,0.000100082
LOC100505938,4212.00,3661.67,7873.67,2,2.20688e-06,0.000146085
OBFC1,4296.00,3578.33,7874.33,1,6.18688e-06,0.000100123
CAMK2D,4424.33,3451.33,7875.67,1,5.28961e-06,0.000100215
TATDN3,4226.67,3649.00,7875.67,1,1.38133e-06,0.000231799
NPAS2,3899.33,3977.00,7876.33,2,1.93471e-06,0.000127123
BORA,4171.67,3704.67,7876.33,1,1.51375e-06,0.000222514
BPI,3389.00,4488.00,7877.00,2,3.55127e-06,0.000118385
ERVK13-1,4292.33,3584.67,7877.00,1,1.22098e-06,0.000246444
ZNF669,3204.33,4673.00,7877.33,2,8.06979e-06,9.9874e-05
TPTEP1,4103.67,3776.33,7880.00,1,7.50658e-06,0.000100075
TM2D1,4249.00,3631.33,7880.33,1,6.48648e-06,0.0001001
CAND1,4155.00,3725.33,7880.33,2,3.40917e-06,9.99671e-05
C10orf88,3560.67,4320.33,7881.00,2,7.16381e-06,9.98544e-05
ARHGEF28,3607.33,4273.67,7881.00,1,2.04352e-05,0.000100005
PEX3,4213.00,3668.33,7881.33,1,6.76185e-06,0.000100087
THUMPD3-AS1,4209.00,3672.67,7881.67,1,6.15827e-06,0.000100104
TBC1D13,3772.33,4110.00,7882.33,1,1.42569e-05,0.000100022
GAREM,3522.67,4361.33,7884.00,2,7.436e-06,9.99183e-05
NCOA3,3896.00,3988.33,7884.33,1,9.86438e-06,0.000100011
PVALB,4578.67,3307.00,7885.67,2,8.65311e-07,0.000138494
CYBB,3838.33,4047.67,7886.00,1,2.7215e-06,0.000186743
TIPRL,4224.33,3662.67,7887.00,1,6.66024e-06,0.000100089
ZNF285,3697.00,4191.00,7888.00,2,5.19504e-06,9.99201e-05
TMEM223,4483.67,3404.33,7888.00,1,8.22133e-07,0.000355258
MRPS14,3375.67,4513.33,7889.00,2,6.80997e-06,9.98971e-05
GREB1L,4152.67,3736.67,7889.33,1,6.82373e-06,0.000100084
THAP9,3244.33,4645.33,7889.67,2,7.6393e-06,9.98044e-05
PRKAB2,4645.33,3245.33,7890.67,2,1.76201e-06,0.000100012
MPP5,4290.00,3601.33,7891.33,1,6.2103e-06,0.000100112
GLDC,4294.67,3596.67,7891.33,2,1.73571e-06,0.000141802
NRROS,4256.33,3635.33,7891.67,2,1.27794e-06,0.000153681
ILKAP,3732.33,4159.33,7891.67,2,5.00402e-06,9.99333e-05
SRPRB,3999.67,3892.67,7892.33,1,9.08072e-06,0.000100052
SNRPE,4031.00,3861.33,7892.33,1,1.91912e-06,0.000203553
ITGAL,3201.33,4691.33,7892.67,2,8.12691e-06,9.98706e-05
ARHGDIB,3912.67,3980.00,7892.67,1,2.37084e-06,0.000192022
CEP192,4044.67,3848.33,7893.00,1,8.31108e-06,0.000100039
SLC24A2,4135.00,3758.67,7893.67,1,7.11057e-06,0.00010008
LOC101929841,4180.33,3713.33,7893.67,1,6.98026e-06,0.000100073
MARCH8,4160.33,3733.33,7893.67,1,1.54761e-06,0.0002185
CLCF1,4195.67,3698.00,7893.67,2,7.84723e-07,0.000135375
ZFP37,3248.67,4646.00,7894.67,2,1.10074e-05,9.98784e-05
MUC19,4459.33,3435.67,7895.00,2,1.0688e-06,0.000146768
ADH5,3931.67,3964.33,7896.00,2,4.28713e-06,9.99546e-05
PIK3CA,4310.67,3586.00,7896.67,1,6.08813e-06,0.00010012
PPP4R1,4123.67,3774.67,7898.33,2,3.92651e-06,9.99571e-05
ANAPC13,4372.67,3526.00,7898.67,1,1.04475e-06,0.000264166
DHX58,3825.67,4073.33,7899.00,2,1.39953e-06,0.000127941
AMMECR1,4375.00,3525.00,7900.00,1,1.04166e-06,0.00026461
PTTG3P,4214.00,3687.33,7901.33,2,1.16661e-06,0.000140416
BC062753,4192.33,3710.67,7903.00,1,6.88933e-06,0.000100073
OAT,4182.67,3720.67,7903.33,2,3.06844e-06,0.00011641
TUBD1,4114.00,3790.67,7904.67,1,1.68202e-06,0.00021125
ZNF689,3993.33,3911.33,7904.67,1,9.15841e-06,0.000100049
MEF2A,4341.33,3565.00,7906.33,1,5.83005e-06,0.000100129
MOCS2,3264.00,4642.67,7906.67,2,7.69801e-06,9.98813e-05
MPHOSPH9,3169.00,4738.00,7907.00,2,9.87877e-06,9.98071e-05
FLJ41455,3716.67,4190.33,7907.00,2,6.54433e-06,9.99057e-05
SERPINB6,3570.33,4337.00,7907.33,2,7.84234e-06,0.000129876
MED13,3963.67,3944.67,7908.33,2,4.09372e-06,9.99262e-05
KCNQ5,4191.00,3717.67,7908.67,1,6.35127e-06,0.000100089
FAM133B,4056.00,3852.67,7908.67,2,2.49762e-06,0.00012785
GTF2A1,4196.33,3712.33,7908.67,1,6.86692e-06,0.000100073
PRKAR1A,4058.67,3850.33,7909.00,1,8.1342e-06,0.000100038
TUSC3,3346.00,4563.00,7909.00,2,4.61037e-06,0.000115937
ZDHHC17,3756.00,4153.33,7909.33,2,7.205e-06,9.99401e-05
TMEM128,4017.00,3893.33,7910.33,1,8.58284e-06,0.000100028
LITAF,3493.33,4417.33,7910.67,1,5.85104e-06,0.000162966
MARCH6,3405.00,4505.67,7910.67,1,8.09063e-06,0.000158156
RAB5A,3827.33,4083.33,7910.67,1,2.75513e-06,0.000184255
PSMB1,4541.00,3370.33,7911.33,1,7.27587e-07,0.000427602
RSRC2,4045.00,3867.33,7912.33,1,8.30949e-06,0.000100034
CCDC34,4070.00,3843.00,7913.00,1,1.8142e-06,0.00020531
DIP2C,4401.33,3512.33,7913.67,2,9.62738e-07,0.000164545
COL13A1,4176.00,3738.33,7914.33,1,6.54667e-06,0.000100084
CYP1B1,4304.33,3611.00,7915.33,2,3.05409e-06,0.000118446
EHBP1,4442.67,3472.67,7915.33,1,5.17957e-06,0.00010019
ZNF486,4231.00,3684.33,7915.33,2,3.37705e-06,9.99806e-05
C3orf58,4652.00,3264.00,7916.00,2,5.14562e-07,0.000137533
CBY1,4269.00,3649.33,7918.33,1,1.27663e-06,0.000231779
PHACTR4,3345.00,4573.67,7918.67,2,7.78391e-06,9.9893e-05
CHEK2,3779.33,4140.33,7919.67,2,1.63182e-06,0.000132539
MAML2,3868.67,4051.33,7920.00,1,1.0227e-05,9.99997e-05
APLP2,3917.33,4002.67,7920.00,1,9.67328e-06,0.000100009
LXN,4234.33,3688.00,7922.33,2,3.18625e-06,0.000114144
SLC25A16,4373.00,3550.67,7923.67,1,5.60381e-06,0.000100137
PLEKHA6,4120.33,3804.00,7924.33,2,2.39669e-06,0.000115218
MYRIP,3447.33,4477.33,7924.67,1,3.35772e-05,9.99807e-05
APOL1,4272.33,3652.33,7924.67,2,1.46003e-06,0.000122971
FBXW2,4196.67,3728.00,7924.67,1,6.86594e-06,0.000100067
KLRC4-KLRK1,4006.00,3919.00,7925.00,2,2.04563e-06,0.00012834
GPKOW,4423.33,3502.00,7925.33,1,4.01444e-06,0.000100253
EIF4E,4473.00,3452.67,7925.67,1,8.40561e-07,0.00030267
ANKMY2,3680.00,4246.33,7926.33,2,5.4717e-06,9.99305e-05
SMAD7,3356.33,4570.33,7926.67,2,9.91638e-06,9.98737e-05
PDGFRA,4170.67,3756.00,7926.67,1,1.51656e-06,0.000215756
LAYN,3772.00,4155.33,7927.33,2,2.12204e-06,0.000133576
EIF3J-AS1,4349.33,3578.67,7928.00,1,5.76605e-06,0.000100123
MON2,4249.67,3678.67,7928.33,1,6.48073e-06,0.000100083
SHC2,3957.33,3972.00,7929.33,1,9.77467e-06,0.000100041
FGFR1OP2,4245.00,3684.67,7929.67,1,6.51718e-06,0.000100082
PLIN2,4189.00,3741.00,7930.00,1,1.46645e-06,0.000217725
MLLT1,4571.67,3358.33,7930.00,1,6.75058e-07,0.000483705
HSPA13,4203.00,3727.67,7930.67,1,6.82206e-06,0.000100067
COL6A3,3467.33,4464.67,7932.00,2,3.27932e-06,0.000124868
ARHGAP9,3371.33,4562.00,7933.33,2,6.59461e-06,9.98915e-05
LOC729966,4524.33,3409.33,7933.67,2,1.15306e-06,0.000195939
WDR75,3682.00,4251.67,7933.67,1,3.62854e-06,0.000172774
OLFM1,4064.67,3869.33,7934.00,2,1.67536e-06,0.000141459
CHRAC1,3000.00,4934.00,7934.00,2,8.68957e-06,9.97695e-05
ANG,4272.00,3662.67,7934.67,2,2.45731e-06,0.000125789
PDE12,3666.00,4269.67,7935.67,1,3.75078e-06,0.000171566
RPL7,3797.67,4138.33,7936.00,1,2.90959e-06,0.000180266
ABCA5,4376.33,3559.67,7936.00,1,5.57802e-06,0.000100131
MARVELD1,4403.67,3532.67,7936.33,1,9.80415e-07,0.000262166
XPO1,4312.67,3624.00,7936.67,2,1.16623e-06,0.000117053
PATL2,3848.33,4088.33,7936.67,2,4.98079e-06,9.99413e-05
AUTS2,4193.33,3743.67,7937.00,1,1.45569e-06,0.000217212
LOC101927811,4657.67,3279.67,7937.33,2,5.14763e-07,0.000137883
SKP2,4314.33,3624.33,7938.67,1,1.1674e-06,0.000237176
QDPR,3964.67,3974.67,7939.33,1,2.15087e-06,0.000192527
C2orf44,3906.67,4033.00,7939.67,2,1.50413e-06,0.000130447
UBE2B,3516.00,4426.00,7942.00,1,5.4042e-06,0.000162493
PRKCQ,3785.67,4157.00,7942.67,2,2.61984e-06,0.000130889
ACAD11,3137.00,4806.33,7943.33,2,1.68759e-05,9.98167e-05
FUT4,4420.33,3524.33,7944.67,2,8.82776e-07,0.000150538
PDZK1,4453.00,3492.00,7945.00,2,7.73836e-07,0.000125911
DNAH5,4161.67,3783.67,7945.33,2,3.39022e-06,9.99539e-05
ZSCAN5A,4534.00,3411.33,7945.33,1,7.38366e-07,0.000345748
THNSL1,4118.33,3827.33,7945.67,2,3.81393e-06,9.99579e-05
ITGA9-AS1,3660.00,4286.33,7946.33,1,1.81683e-05,0.000100003
IMMP2L,4404.00,3542.67,7946.67,1,9.80327e-07,0.00025831
WDR44,4573.33,3373.33,7946.67,1,6.71233e-07,0.00042048
C1orf210,3897.33,4049.33,7946.67,2,4.00751e-06,0.000120997
LOC340085,4490.33,3459.00,7949.33,1,4.85656e-06,0.000100205
CCRL2,4302.00,3647.33,7949.33,2,8.23956e-07,0.000139713
DLG5,3502.67,4446.67,7949.33,2,3.07831e-06,0.000120049
CD68,4202.33,3747.33,7949.67,2,1.90793e-06,0.000145142
BICD1,3493.33,4457.00,7950.33,2,6.8518e-06,9.98993e-05
MATN1-AS1,3929.33,4021.00,7950.33,2,5.28978e-06,9.99461e-05
TBX2,3988.33,3963.00,7951.33,1,9.24568e-06,0.000100042
SLMO1,3636.33,4315.33,7951.67,2,1.9295e-06,0.000122451
ZNF675,3471.67,4480.33,7952.00,2,6.4223e-06,9.9904e-05
ARHGEF10,4324.00,3628.33,7952.33,1,5.98073e-06,0.000100101
NHLRC2,4086.67,3866.00,7952.67,1,1.76626e-06,0.000203074
BEND3,4328.33,3624.33,7952.67,1,4.81905e-06,0.000100125
ASPSCR1,4142.00,3811.33,7953.33,2,1.21878e-06,0.000139354
THY1,3550.00,4403.67,7953.67,1,4.92601e-06,0.000163821
BSPRY,3973.33,3980.33,7953.67,1,2.11799e-06,0.000191989
STS,4628.67,3325.00,7953.67,2,3.2919e-07,0.000143717
ERCC5,4259.67,3694.33,7954.00,1,6.40989e-06,0.000100079
COPZ2,3709.33,4244.67,7954.00,1,3.44616e-06,0.000173285
PTGER4,4260.33,3694.33,7954.67,1,1.30327e-06,0.000224318
PDLIM5,4485.33,3469.33,7954.67,1,8.19665e-07,0.00029237
THG1L,3811.33,4144.33,7955.67,2,1.52125e-06,0.000127404
RGS10,4253.67,3702.00,7955.67,1,1.31956e-06,0.000223111
NUDT13,3278.33,4678.33,7956.67,2,9.52565e-06,9.98191e-05
FBXL6,4451.33,3507.33,7958.67,1,8.73884e-07,0.000271994
DHCR7,4050.67,3908.67,7959.33,1,1.86302e-06,0.000198378
GABARAPL1,4178.67,3781.00,7959.67,1,6.99808e-06,0.000100053
MYO3B,4015.00,3945.00,7960.00,1,8.82984e-06,0.000100044
PANX2,3677.00,4284.00,7961.00,2,8.15541e-06,0.000130364
HMGCS1,4682.33,3279.67,7962.00,2,3.06193e-07,0.000139199
TRNP1,3941.33,4020.67,7962.00,1,2.25039e-06,0.000188687
BRD3,4130.67,3831.33,7962.00,1,1.6334e-06,0.000206519
TMEM106B,3798.67,4165.33,7964.00,1,2.90798e-06,0.000178406
CCNE2,3746.33,4218.00,7964.33,1,3.20392e-06,0.000174992
RNASET2,3778.00,4186.67,7964.67,1,3.02579e-06,0.000176801
STX1A,4473.33,3492.00,7965.33,2,9.39302e-07,0.000146733
GINS3,3258.00,4707.67,7965.67,2,3.49082e-06,0.000113334
MUC6,4181.00,3786.67,7967.67,1,1.48689e-06,0.000211821
TOR1AIP2,4307.67,3660.33,7968.00,1,6.10267e-06,0.000100089
TMEM206,3957.67,4011.33,7969.00,1,2.18417e-06,0.000189648
SRBD1,3221.00,4748.00,7969.00,2,1.15423e-05,9.98415e-05
GOLGA4,4618.33,3350.67,7969.00,1,5.95575e-07,0.000530226
HOXC4,4557.33,3412.33,7969.67,1,7.03551e-07,0.000343261
RNF19B,4534.33,3435.67,7970.00,1,7.37899e-07,0.00031642
PSMD5-AS1,4225.00,3745.67,7970.67,1,1.38606e-06,0.000216992
PDE9A,4540.33,3431.67,7972.00,1,7.29676e-07,0.000319838
ATP9B,4294.33,3678.33,7972.67,1,1.21699e-06,0.000226608
DCD,4487.33,3485.33,7972.67,2,1.3135e-06,0.000123621
DENND1A,4391.00,3581.67,7972.67,2,1.07522e-06,0.000145
PALM,3701.00,4272.33,7973.33,1,1.64587e-05,0.000100005
TRIM23,4036.67,3937.33,7974.00,2,4.38481e-06,9.99569e-05
MIR21,3842.00,4133.33,7975.33,1,2.70736e-06,0.000180609
ZNF853,4249.67,3726.00,7975.67,1,5.69964e-06,0.000100087
MUT,4526.33,3450.00,7976.33,1,4.61881e-06,0.000100216
SMIM8,4142.00,3834.67,7976.67,1,7.33819e-06,0.000100042
ZBTB41,4557.33,3419.67,7977.00,2,1.07429e-06,0.000132172
EHD2,4526.67,3451.00,7977.67,1,3.07955e-06,0.000100483
PGGT1B,4562.33,3416.00,7978.33,1,6.94982e-07,0.000337808
TST,4312.67,3665.67,7978.33,2,2.21575e-06,0.000132608
FRAS1,3799.33,4179.33,7978.67,2,3.49277e-06,0.000123768
TEK,3462.33,4516.67,7979.00,2,3.29789e-06,0.000117589
GNMT,3814.00,4165.33,7979.33,2,1.51559e-06,0.000116727
ELF3,4013.33,3967.00,7980.33,2,2.20039e-06,0.000123867
FAM91A1,3808.33,4172.67,7981.00,1,2.85863e-06,0.000177897
ERMARD,4285.00,3696.33,7981.33,1,6.24046e-06,0.000100078
CEP290,3499.33,4482.67,7982.00,2,1.0333e-05,9.98995e-05
BTN3A2,4862.67,3119.67,7982.33,2,6.80746e-07,0.000146932
THAP10,4043.33,3939.33,7982.67,1,8.38815e-06,0.000100045
TAF4,4259.67,3723.33,7983.00,1,1.30578e-06,0.000220181
CCDC127,4002.33,3981.00,7983.33,2,3.95349e-06,9.99545e-05
CACNA2D1,3997.33,3986.00,7983.33,1,2.03685e-06,0.000191599
USP53,4456.33,3528.00,7984.33,1,5.07887e-06,0.000100151
ZNF146,4443.33,3541.67,7985.00,1,8.94845e-07,0.000259081
ADORA2B,4258.00,3728.00,7986.00,2,2.08697e-06,0.000132555
RP5-1136G13.2,4350.33,3636.33,7986.67,2,2.7472e-06,9.9962e-05
METRN,4234.67,3752.00,7986.67,1,1.36369e-06,0.000216366
SOAT1,4469.00,3518.00,7987.00,2,2.48146e-06,9.99806e-05
SLC36A4,4627.33,3359.67,7987.00,2,1.54891e-06,9.99882e-05
EIF1B,4607.00,3381.00,7988.00,2,5.06427e-07,0.000118954
ANKRD18A,4362.33,3627.00,7989.33,2,1.0164e-06,0.000135016
LOC100190986,4268.00,3721.67,7989.67,1,1.28e-06,0.000220401
RECQL,4101.67,3888.00,7989.67,2,2.28591e-06,0.000129012
UHRF1BP1,3438.00,4552.33,7990.33,1,6.93365e-06,0.000155467
ZNF253,4333.33,3657.33,7990.67,1,4.77222e-06,0.00010011
C1orf95,3926.33,4064.67,7991.00,1,2.30885e-06,0.000185549
ENAH,4004.67,3986.33,7991.00,2,1.15694e-06,0.000129264
SAMD8,3836.67,4154.33,7991.00,1,2.73224e-06,0.000179135
KLRG2,3831.33,4160.00,7991.33,1,2.73988e-06,0.000178761
CDKAL1,3477.00,4514.67,7991.67,1,6.14023e-06,0.000157636
MPC1,3858.00,4134.33,7992.33,1,2.62569e-06,0.000180522
B9D1,3897.00,4095.33,7992.33,1,2.43788e-06,0.00018353
C5orf30,4641.67,3352.33,7994.00,1,5.53673e-07,0.000520948
P2RY6,3927.00,4068.67,7995.67,1,1.03477e-05,0.000100027
FAM185A,4580.67,3417.33,7998.00,1,6.57396e-07,0.00033627
IGF2BP2,4229.00,3769.67,7998.67,1,1.37593e-06,0.000214281
KRT8,3959.00,4039.67,7998.67,1,2.17907e-06,0.000187309
ZNF254,4551.33,3447.67,7999.00,2,2.07925e-06,9.99961e-05
PSENEN,3547.00,4453.00,8000.00,1,4.9591e-06,0.000160901
TAF1B,4186.00,3814.33,8000.33,2,3.53333e-06,9.99221e-05
MTMR10,4326.67,3674.00,8000.67,1,1.13774e-06,0.000227271
CEP170,4440.33,3561.00,8001.33,1,5.19308e-06,0.000100131
ADAMTS12,4078.00,3924.00,8002.00,1,1.78624e-06,0.000196806
EFNA1,4411.00,3591.67,8002.67,2,1.88586e-06,0.0001319
PIP4K2A,3848.33,4155.00,8003.33,1,1.05108e-05,9.99815e-05
RP11-196G18.23,4070.33,3933.67,8004.00,2,3.68832e-06,9.99359e-05
AMFR,4438.33,3565.67,8004.00,2,1.21932e-06,0.000128067
FAM127A,4323.00,3681.33,8004.33,2,7.71422e-07,0.000139303
ZNF404,4126.67,3878.33,8005.00,2,3.884e-06,9.99588e-05
SPECC1L,4623.67,3381.67,8005.33,1,3.94461e-06,0.000100366
KRCC1,3684.67,4321.33,8006.00,1,1.3409e-05,9.99508e-05
CRIPT,4331.00,3675.00,8006.00,1,5.91253e-06,0.000100084
AF001548.5,4401.00,3606.67,8007.67,2,7.68606e-07,0.000135151
PCMTD1,4345.00,3663.67,8008.67,2,2.37449e-06,0.000153177
KIAA1328,3792.33,4216.67,8009.00,1,1.35481e-05,0.00010001
LINC01355,4253.33,3756.00,8009.33,2,2.05001e-06,0.000126794
SAT1,3932.67,4076.67,8009.33,1,2.29254e-06,0.000184685
CXorf36,4386.67,3622.67,8009.33,1,4.33827e-06,0.000100125
ST3GAL5,3461.67,4548.33,8010.00,2,6.16012e-06,9.98382e-05
UCP2,3702.33,4307.67,8010.00,1,3.50039e-06,0.00016949
BATF2,4044.67,3966.67,8011.33,1,1.87562e-06,0.000193219
COL1A2,4084.33,3927.00,8011.33,2,1.15557e-06,0.00013798
MDFI,3766.33,4245.33,8011.67,2,1.60557e-06,0.000125352
CTB-119C2.1,3571.33,4441.00,8012.33,2,7.99959e-06,9.98987e-05
RPL5,4133.00,3879.33,8012.33,1,1.62697e-06,0.000201549
ZNF207,4111.67,3901.00,8012.67,1,1.68677e-06,0.000199143
PDSS2,4052.67,3961.67,8014.33,2,3.80893e-06,9.99408e-05
ERCC2,4865.67,3148.67,8014.33,2,1.31532e-07,0.000140518
CTSK,3851.00,4163.67,8014.67,2,2.33131e-06,0.000121588
FRA10AC1,4269.67,3745.00,8014.67,1,6.32551e-06,0.000100063
C11orf57,4191.67,3823.33,8015.00,1,6.89296e-06,0.000100045
CREBL2,4292.67,3723.33,8016.00,1,6.2044e-06,0.000100069
NIPA1,3887.67,4128.67,8016.33,1,1.12513e-05,0.000100021
DLX3,4157.00,3860.00,8017.00,1,6.76983e-06,0.000100057
GAA,4274.00,3743.33,8017.33,1,6.30968e-06,0.000100063
SGK223,4228.00,3789.33,8017.33,1,1.37959e-06,0.000211355
LMO4,4093.33,3924.00,8017.33,1,7.77715e-06,0.000100022
DHRS2,4441.67,3576.00,8017.67,2,9.42704e-07,0.000150974
ZNF33B,4205.67,3812.00,8017.67,1,6.18528e-06,0.000100067
ELP2,4132.00,3887.67,8019.67,1,7.43839e-06,0.000100029
WAC-AS1,4162.00,3857.67,8019.67,1,7.15987e-06,0.000100037
LGALS12,4201.33,3818.33,8019.67,1,6.24247e-06,0.000100066
FXYD5,3870.67,4149.67,8020.33,1,2.55193e-06,0.000179405
MBD5,3748.00,4272.67,8020.67,2,5.23615e-06,9.991e-05
MIR6883,3658.33,4362.67,8021.00,1,1.8211e-05,9.99935e-05
EGFR,4042.00,3979.00,8021.00,1,1.88367e-06,0.000192168
GNA15,3867.33,4154.00,8021.33,2,4.45399e-06,9.9922e-05
CEP76,3427.00,4595.33,8022.33,1,7.18979e-06,0.000153136
SRR,3651.33,4371.67,8023.00,2,5.34508e-06,9.98661e-05
DNAJC10,4143.00,3880.33,8023.33,1,7.33455e-06,0.000100031
CSRP2,3886.00,4138.67,8024.67,2,3.19865e-06,0.0001109
C1orf216,4412.33,3613.00,8025.33,2,2.5629e-06,9.9967e-05
LOC101060691,3787.33,4238.33,8025.67,2,5.04852e-06,9.99315e-05
KIAA1033,4148.67,3877.00,8025.67,1,7.27171e-06,0.000100032
RPL27A,4135.00,3891.33,8026.33,1,1.61701e-06,0.00020048
POLR3GL,4469.33,3558.00,8027.33,1,4.98514e-06,0.000100133
FER1L4,4347.00,3680.33,8027.33,2,7.16165e-07,0.000133727
COMMD6,4463.67,3564.33,8028.00,2,1.62981e-06,0.000131155
TMEM161B,4431.00,3598.67,8029.67,1,5.24525e-06,0.000100114
TNNI2,3902.67,4127.67,8030.33,1,1.09051e-05,0.000100021
SMURF2,4222.00,3808.33,8030.33,2,1.86779e-06,0.000130412
RNF121,4425.33,3606.33,8031.67,2,7.93077e-07,0.000140701
DNM1,4406.67,3625.33,8032.00,1,9.76591e-07,0.000236975
MFSD8,4000.00,4032.33,8032.33,1,8.76397e-06,0.000100003
Y16709,4312.33,3720.33,8032.67,1,1.17539e-06,0.000220524
CHCHD6,4213.00,3819.67,8032.67,2,2.21353e-06,0.000119253
ABCC11,4465.00,3567.67,8032.67,2,1.46385e-06,0.000145343
SNTB1,4247.67,3785.67,8033.33,1,5.72603e-06,0.000100073
CPNE3,3587.67,4446.00,8033.67,1,4.49057e-06,0.000161311
PXDNL,3680.33,4353.33,8033.67,1,1.7303e-05,9.99948e-05
ACTR10,4474.33,3560.33,8034.67,1,4.95501e-06,0.000100131
PYGB,4085.67,3949.67,8035.33,1,1.77008e-06,0.000194499
LOC285419,3684.33,4351.67,8036.00,2,5.1855e-06,9.99197e-05
PDE10A,4464.67,3571.67,8036.33,1,3.6515e-06,0.000100161
RNF144A,4209.00,3827.33,8036.33,1,1.42097e-06,0.000206818
KIAA1683,4190.67,3845.67,8036.33,1,1.46269e-06,0.000205105
TLR6,3833.67,4202.67,8036.33,2,4.85444e-06,9.99349e-05
EEF1E1,4248.67,3788.00,8036.67,1,1.33331e-06,0.000211554
LDOC1L,3617.33,4422.00,8039.33,2,5.67487e-06,9.98955e-05
SPTY2D1,3732.67,4307.33,8040.00,2,4.98105e-06,9.99237e-05
RRN3,3970.67,4070.00,8040.67,1,9.11565e-06,9.99964e-05
WDR6,4438.00,3603.33,8041.33,1,9.07316e-07,0.00024225
ZNF782,3651.67,4389.67,8041.33,2,5.33076e-06,9.99152e-05
BARD1,3893.00,4148.67,8041.67,1,1.11043e-05,0.000100019
GLYATL1,3950.00,4092.33,8042.33,2,2.59548e-06,0.000124992
AQR,4332.67,3710.00,8042.67,1,5.89622e-06,0.000100074
LRRC41,3459.00,4583.67,8042.67,1,6.53361e-06,0.000153765
SPIRE1,3942.00,4100.67,8042.67,2,2.46545e-06,0.000123525
LINS,4067.33,3975.33,8042.67,1,8.03495e-06,0.000100013
IDE,4402.33,3640.67,8043.00,1,4.21004e-06,0.000100117
MNT,3912.33,4132.00,8044.33,1,2.37178e-06,0.000180645
PAPD7,4337.00,3707.67,8044.67,1,5.85101e-06,0.000100075
TFAP2B,3480.67,4564.33,8045.00,2,4.52623e-06,0.000121577
CDC42,4319.67,3725.33,8045.00,1,1.15393e-06,0.000219824
CXCR6,3336.67,4708.67,8045.33,2,1.06874e-05,9.98162e-05
SEC24A,4066.67,3979.33,8046.00,2,2.40374e-06,0.000113924
CLMP,4312.00,3734.00,8046.00,2,2.28187e-06,0.000116816
CBR3,4307.00,3739.33,8046.33,1,1.18217e-06,0.000217787
IKZF5,4451.00,3595.33,8046.33,1,5.12165e-06,0.000100116
KIAA0391,4534.67,3511.67,8046.33,1,7.3752e-07,0.000270301
ACER3,4670.67,3376.00,8046.67,1,4.98509e-07,0.000409998
ZNF239,3811.33,4236.67,8048.00,1,2.84507e-06,0.000173545
GLRB,3812.00,4237.00,8049.00,2,4.64729e-06,9.99282e-05
LYSMD2,4108.67,3940.67,8049.33,1,7.63334e-06,0.000100018
SC5D,4321.67,3728.33,8050.00,1,1.14901e-06,0.000219214
SRPX2,4431.00,3619.67,8050.67,1,9.25065e-07,0.000238162
TRIP4,4275.67,3775.00,8050.67,1,6.29216e-06,0.000100055
C9orf152,4184.67,3866.33,8051.00,2,1.57555e-06,0.000119363
ZNF407,4498.33,3553.33,8051.67,1,7.95472e-07,0.000255028
AK9,4297.67,3754.00,8051.67,2,2.95202e-06,9.99759e-05
ERP44,3966.67,4086.00,8052.67,1,9.56379e-06,0.000100025
STARD13,4619.33,3433.67,8053.00,1,5.94779e-07,0.000318196
TMEM53,4040.67,4012.67,8053.33,2,9.7729e-07,0.00012817
PTPN2,4139.00,3915.67,8054.67,1,1.60482e-06,0.000197683
LINC01087,3830.33,4224.33,8054.67,2,2.57648e-06,0.000128011
UNC119B,3965.33,4089.67,8055.00,1,2.14897e-06,0.000183879
PPOX,4711.67,3343.67,8055.33,1,4.22765e-07,0.000641164
POP1,4241.33,3814.67,8056.00,2,9.72371e-07,0.000147248
ADAMTS2,4218.00,3838.67,8056.67,1,1.40345e-06,0.000205896
MAN1A2,4484.33,3573.33,8057.67,1,8.22052e-07,0.000250079
SNX3,4231.67,3826.00,8057.67,1,6.60093e-06,0.000100044
ARHGEF16,4203.67,3854.00,8057.67,1,6.20854e-06,0.000100058
MRPS27,4679.00,3379.00,8058.00,1,4.85223e-07,0.000400385
SPHK1,3818.33,4240.00,8058.33,2,6.15884e-06,0.000130563
KDF1,4359.67,3698.67,8058.33,1,4.55755e-06,0.000100095
BCOR,3960.33,4098.00,8058.33,2,4.08804e-06,9.99287e-05
RBM18,3547.67,4511.00,8058.67,2,6.26538e-06,9.98721e-05
LOC100287896,4059.00,4000.67,8059.67,2,2.76562e-06,0.000117319
MIEF2,4335.00,3724.67,8059.67,1,4.74767e-06,0.000100087
KBTBD2,4438.00,3622.00,8060.00,1,3.87739e-06,0.000100126
KDELR3,4561.00,3499.67,8060.67,1,2.83118e-06,0.00010026
ZBTB10,4176.67,3884.33,8061.00,1,7.00723e-06,0.00010003
CDKN1B,4643.00,3418.33,8061.33,2,1.65739e-06,0.000135937
SUN1,4247.00,3814.33,8061.33,1,6.50845e-06,0.000100047
CAMK1,4286.00,3776.00,8062.00,1,5.30533e-06,0.000100075
MDK,4010.33,4052.00,8062.33,1,1.99047e-06,0.000186507
LOC101927166,4246.33,3817.00,8063.33,1,1.33803e-06,0.000208232
CDC20B,4366.00,3697.33,8063.33,2,7.74236e-07,0.000129902
SDCBP,4355.00,3708.67,8063.67,1,5.71415e-06,0.000100074
WDR19,4168.67,3895.00,8063.67,1,1.52053e-06,0.000199857
ZNF829,3566.33,4498.67,8065.00,1,4.72473e-06,0.00015846
RP11-1114A5.4,3325.67,4741.00,8066.67,2,8.78196e-06,9.98634e-05
LOC729680,3553.00,4514.33,8067.33,2,3.05055e-06,0.000121019
FARP1,4121.33,3947.00,8068.33,1,1.65624e-06,0.000194609
FAH,4276.00,3792.33,8068.33,1,1.25703e-06,0.000211121
GABBR1,3610.33,4458.33,8068.67,1,4.26199e-06,0.000160558
RP11-190A12.8,4296.67,3772.33,8069.00,1,5.19064e-06,0.000100076
DLX4,4315.67,3754.00,8069.67,1,4.96075e-06,0.000100081
SDHB,4240.67,3829.33,8070.00,1,1.35102e-06,0.000206638
SPATS2L,4042.00,4028.33,8070.33,1,8.33592e-06,0.000100004
YAF2,3805.00,4266.00,8071.00,1,2.87832e-06,0.00017179
ITGA11,4450.33,3621.00,8071.33,1,8.77133e-07,0.000237795
S100B,3601.67,4469.67,8071.33,2,6.98764e-06,0.000121847
LINC00339,4459.00,3612.33,8071.33,2,1.14172e-06,0.000139529
TEAD1,4410.00,3661.33,8071.33,1,9.66332e-07,0.000229513
ZCCHC2,4373.67,3698.00,8071.67,1,5.59304e-06,0.000100078
GOLT1A,3856.67,4216.67,8073.33,2,3.0337e-06,0.000119958
NKX2-2,4429.67,3644.33,8074.00,2,9.81502e-07,0.000153109
TAF5,3240.67,4833.33,8074.00,2,8.31036e-06,9.98071e-05
CEP70,3978.67,4095.33,8074.00,1,9.01859e-06,9.99915e-05
SNX16,3704.67,4369.67,8074.33,2,7.13457e-06,9.99017e-05
FN1,3584.33,4490.00,8074.33,2,2.26317e-06,0.000117911
KATNA1,4201.00,3874.00,8075.00,1,6.83763e-06,0.000100032
MAT2B,4109.33,3967.33,8076.67,1,1.6991e-06,0.000193163
LOC100130429,4514.33,3562.33,8076.67,1,4.69581e-06,0.00010013
C18orf21,4327.00,3749.67,8076.67,1,1.13611e-06,0.00021668
EPHB3,4480.67,3596.33,8077.00,1,8.24179e-07,0.000243643
ZNF45,3583.33,4494.33,8077.67,2,5.81792e-06,9.98986e-05
AK057657,4245.67,3832.33,8078.00,1,6.51442e-06,0.000100042
CCDC15,3846.67,4231.67,8078.33,2,4.77394e-06,9.99177e-05
ZNF672,4278.00,3800.67,8078.67,1,1.25361e-06,0.00021005
DNAJC1,4271.67,3807.00,8078.67,1,1.26993e-06,0.000209339
UBE3A,3987.00,4092.33,8079.33,1,2.06966e-06,0.00018368
PRSS23,3694.33,4386.33,8080.67,1,3.54234e-06,0.000164746
MCM10,4436.33,3645.00,8081.33,1,9.10112e-07,0.00023236
THBS3,4190.00,3891.33,8081.33,1,6.90517e-06,0.000100028
TICAM2,4244.00,3839.33,8083.33,2,3.22322e-06,9.99496e-05
TMED10,4494.00,3590.00,8084.00,1,4.8379e-06,0.000100119
SRD5A3,3625.67,4460.33,8086.00,2,7.22682e-06,9.99076e-05
LOC642852,4363.67,3722.67,8086.33,1,5.66513e-06,0.000100069
RPS15,4127.00,3960.00,8087.00,2,2.52785e-06,0.000135377
MARCH3,4368.67,3718.67,8087.33,2,1.84631e-06,0.000131833
ZNF512,4031.33,4056.00,8087.33,2,4.14745e-06,9.99428e-05
PTPN4,3578.67,4509.00,8087.67,2,7.95853e-06,9.98828e-05
SLC7A1,4381.33,3706.33,8087.67,1,1.02939e-06,0.000222306
CRYZL1,4291.67,3796.00,8087.67,1,1.22558e-06,0.000210703
SLC2A1,4624.33,3463.67,8088.00,1,5.82102e-07,0.000296128
ALDH1A3,3803.33,4285.00,8088.33,1,1.32371e-05,0.000100003
BOD1,4389.67,3699.00,8088.67,1,5.50402e-06,0.000100078
CLDN23,4168.67,3920.67,8089.33,1,6.62333e-06,0.000100048
MKNK1,4647.33,3443.33,8090.67,1,3.78916e-06,0.000100226
RPS6KB1,4108.33,3982.33,8090.67,1,7.63727e-06,0.000100012
STK11IP,4026.33,4064.67,8091.00,1,8.62714e-06,0.000100028
GALNT14,3928.33,4163.33,8091.67,2,5.29623e-06,9.9936e-05
ANKRD28,4164.67,3927.00,8091.67,1,7.13558e-06,0.000100021
LRRC37A4P,4191.67,3900.33,8092.00,1,6.34367e-06,0.000100051
LINC00511,4605.33,3487.00,8092.33,2,8.81256e-07,0.000128198
LOC101927933,4426.33,3666.33,8092.67,1,5.27638e-06,0.000100087
SLC25A46,3977.67,4116.00,8093.67,1,9.02966e-06,9.99882e-05
LIN52,4187.33,3907.00,8094.33,2,3.40567e-06,9.99564e-05
MGMT,4558.67,3535.67,8094.33,1,6.99715e-07,0.000261614
CMTM6,4352.33,3742.67,8095.00,1,1.08451e-06,0.000217297
ERICH5,4248.33,3846.67,8095.00,2,3.1825e-06,9.99547e-05
SREK1IP1,4403.33,3691.67,8095.00,1,5.42849e-06,0.00010008
AGO3,3659.33,4436.67,8096.00,2,8.36375e-06,9.99098e-05
FAM83F,4208.00,3888.33,8096.33,1,1.42196e-06,0.000200712
LOC102724689,3984.33,4112.67,8097.00,2,4.48507e-06,9.99435e-05
ALYREF,4220.00,3877.33,8097.33,1,1.3971e-06,0.000201891
PDGFRB,4689.67,3407.67,8097.33,2,5.60468e-07,0.000148572
BASP1,4302.00,3796.33,8098.33,1,1.19382e-06,0.000210647
SLC30A3,4320.00,3779.00,8099.00,1,1.15157e-06,0.000212779
STX8,3800.67,4299.67,8100.33,1,2.90095e-06,0.000169805
GPBP1,4518.00,3583.00,8101.00,1,4.66371e-06,0.000100121
CDK13,3952.00,4149.33,8101.33,1,2.205e-06,0.00017944
ZNF230,4145.33,3957.00,8102.33,1,7.31139e-06,0.000100016
RPL18P10,3281.00,4821.33,8102.33,2,1.21181e-05,9.98304e-05
OSBPL8,4460.33,3642.00,8102.33,1,5.06625e-06,0.000100095
BBS2,3373.67,4729.00,8102.67,2,8.19973e-06,9.98642e-05
ZNF649,4413.00,3689.67,8102.67,2,9.90478e-07,0.000141848
RWDD3,4596.67,3506.33,8103.00,1,4.11891e-06,0.000100165
NKX2-5,4152.67,3950.67,8103.33,1,1.56191e-06,0.000194404
ASS1,4723.67,3380.00,8103.67,2,7.94256e-07,0.000138784
DSP,4140.33,3964.00,8104.33,1,1.60292e-06,0.000193454
KIAA0895,3894.67,4211.33,8106.00,2,1.63734e-06,0.000130666
ZNF136,4140.33,3966.00,8106.33,1,7.34735e-06,0.000100014
GPD1,4096.33,4010.00,8106.33,1,1.73583e-06,0.000189711
COQ10B,3741.00,4365.67,8106.67,1,3.22966e-06,0.000165995
KIF1C,4220.00,3888.33,8108.33,1,6.05361e-06,0.000100052
ZNF57,3875.00,4233.67,8108.67,2,1.4553e-06,0.000124713
MCEE,4066.00,4043.00,8109.00,1,8.04596e-06,0.000100001
ZBTB5,3623.67,4485.33,8109.00,2,5.41882e-06,9.99014e-05
COX6A1,4286.00,3824.00,8110.00,2,1.94998e-06,0.000121665
TPD52L1,3899.00,4211.00,8110.00,1,2.43375e-06,0.000175385
LYRM7,4410.67,3700.33,8111.00,1,5.38715e-06,0.000100077
JAZF1,3823.67,4289.00,8112.67,2,6.44435e-06,9.98898e-05
RNF5,4212.67,3900.00,8112.67,1,1.41248e-06,0.000199255
IK,4169.67,3943.67,8113.33,1,1.51956e-06,0.000194859
GLT8D1,4340.67,3772.67,8113.33,1,5.83945e-06,0.000100056
ZNF621,4772.67,3342.00,8114.67,1,3.20583e-07,0.000673763
GNG4,4421.67,3693.33,8115.00,1,9.40524e-07,0.000224572
APBA2,3559.33,4556.33,8115.67,2,5.75718e-06,9.98959e-05
PPAPDC2,4208.67,3907.33,8116.00,1,6.1607e-06,0.00010005
IFIT5,4232.67,3884.00,8116.67,1,6.59483e-06,0.00010003
ZNF140,4274.67,3843.67,8118.33,1,6.29825e-06,0.00010004
NAA35,4235.33,3883.33,8118.67,1,6.57678e-06,0.00010003
MAP2K4,3770.00,4350.33,8120.33,1,1.18131e-05,9.99462e-05
ZNF426,4276.33,3844.67,8121.00,1,1.25639e-06,0.000205128
BMS1P6,4225.33,3896.00,8121.33,1,6.65849e-06,0.000100028
HILPDA,4450.67,3671.00,8121.67,1,8.76251e-07,0.000227822
BAG4,4635.00,3487.33,8122.33,2,1.92617e-06,9.9976e-05
CNKSR3,3911.33,4212.00,8123.33,2,1.21883e-06,0.000124206
SIM1,4326.33,3797.67,8124.00,1,1.13931e-06,0.000210547
TRAPPC12,3679.33,4445.33,8124.67,1,1.73662e-05,9.99844e-05
C17orf97,4085.00,4039.67,8124.67,2,1.8862e-06,0.000121703
NRAS,3627.00,4498.33,8125.33,1,1.48682e-05,9.9918e-05
UFSP2,4533.00,3593.67,8126.67,1,4.55905e-06,0.000100117
HADHB,4485.67,3641.33,8127.00,1,4.89197e-06,0.000100096
TP53,4759.33,3368.00,8127.33,1,3.39756e-07,0.000437744
SYCE3,4353.00,3775.67,8128.67,1,4.6135e-06,0.000100075
PVRL4,4049.67,4079.00,8128.67,1,8.29652e-06,0.000100026
C6orf62,4254.67,3875.00,8129.67,1,6.4562e-06,0.000100032
MSH5-SAPCD1,4620.33,3510.00,8130.33,1,5.93407e-07,0.000271186
SLC38A9,4245.00,3885.33,8130.33,2,3.19367e-06,9.99632e-05
TCF15,4346.00,3785.33,8131.33,1,1.09604e-06,0.000212092
UTP11L,4593.00,3538.67,8131.67,1,6.40532e-07,0.000260421
HIPK2,4024.00,4107.67,8131.67,1,1.94692e-06,0.000182598
RCHY1,4446.00,3686.00,8132.00,1,5.15468e-06,0.000100081
SMIM13,3570.67,4561.67,8132.33,2,6.40872e-06,9.98629e-05
ARHGAP27,3862.00,4271.00,8133.00,1,2.59887e-06,0.000171545
DDX59,4408.33,3725.00,8133.33,1,5.3987e-06,0.000100068
GIN1,3565.00,4569.33,8134.33,2,6.02917e-06,9.98924e-05
RAMP3,4336.00,3799.33,8135.33,1,4.74034e-06,0.000100069
CEBPZ,4448.33,3687.67,8136.00,1,5.14114e-06,0.000100081
VPS9D1,4049.33,4087.67,8137.00,1,8.30343e-06,0.000100025
LOC441155,3709.00,4428.67,8137.67,2,5.38925e-06,9.99107e-05
HCG4,3856.67,4281.33,8138.00,2,5.18549e-06,9.98943e-05
IPW,3987.00,4151.33,8138.33,1,8.93299e-06,9.99821e-05
LOC101930324,3850.67,4287.67,8138.33,1,1.04819e-05,9.99569e-05
CCDC64B,4261.33,3879.00,8140.33,2,1.70269e-06,0.00011781
IL37,4264.00,3876.67,8140.67,1,5.53136e-06,0.000100055
FBXO32,3574.33,4567.67,8142.00,2,3.83914e-06,0.000123999
LINC01116,4103.33,4039.33,8142.67,2,1.97871e-06,0.000131508
NCOR2,4583.33,3561.67,8145.00,2,4.5212e-07,0.000117414
ULBP2,4041.67,4103.33,8145.00,2,1.19326e-06,0.000124717
RHOC,4303.67,3842.00,8145.67,1,1.19169e-06,0.000205457
NRBF2,3621.33,4525.00,8146.33,1,1.5047e-05,9.9912e-05
METTL25,4563.33,3583.33,8146.67,1,4.36725e-06,0.000100121
UBL3,4313.33,3833.33,8146.67,1,6.05353e-06,0.000100042
CENPV,4006.00,4142.00,8148.00,1,2.00974e-06,0.000179998
C19orf18,3700.33,4448.00,8148.33,1,1.64832e-05,9.99841e-05
CROT,4309.67,3840.00,8149.67,1,6.09162e-06,0.000100041
KCNE3,3874.00,4275.67,8149.67,2,1.31353e-06,0.000120494
CHRNA5,4095.00,4055.67,8150.67,1,1.73981e-06,0.000186178
SEZ6L2,3823.33,4328.67,8152.00,2,2.9694e-06,0.000118573
RSRC1,4090.00,4062.67,8152.67,2,2.41701e-06,0.000126655
FLI1,4035.33,4117.33,8152.67,1,8.40118e-06,9.9988e-05
TUG1,4611.00,3542.00,8153.00,1,6.10216e-07,0.000258516
SMIM12,4485.00,3668.00,8153.00,1,8.19744e-07,0.000228273
FAM210B,4554.00,3599.00,8153.00,1,7.08026e-07,0.000243264
C19orf33,4485.00,3668.33,8153.33,2,1.5165e-06,0.000130213
RBBP4,4402.33,3751.33,8153.67,1,5.43406e-06,0.000100061
MB21D1,3868.33,4285.67,8154.00,2,4.39817e-06,9.99175e-05
TMC6,4248.67,3905.33,8154.00,1,5.70611e-06,0.00010005
ERVK3-1,3748.33,4406.00,8154.33,2,5.2429e-06,9.99035e-05
KIF18A,4211.33,3943.33,8154.67,1,1.418e-06,0.000194877
PHLDA2,4170.33,3985.00,8155.33,1,1.51704e-06,0.000191668
ZC3H14,4066.67,4088.67,8155.33,1,8.03725e-06,9.99932e-05
SLC39A6,4681.00,3475.00,8156.00,2,7.577e-07,0.000163494
TECPR2,3540.33,4615.67,8156.00,1,2.45264e-05,9.99648e-05
TTC5,4262.00,3894.67,8156.67,1,6.38634e-06,0.000100028
LGALS8,4125.67,4032.67,8158.33,1,7.49195e-06,0.000100003
ITGA6,4216.33,3942.33,8158.67,1,1.40593e-06,0.000194945
COX3,4293.00,3866.33,8159.33,2,3.00076e-06,9.99591e-05
RAB13,3966.33,4193.33,8159.67,1,2.14438e-06,0.000176353
TSG101,4190.67,3969.33,8160.00,1,6.90423e-06,0.000100014
FBXO42,4569.33,3590.67,8160.00,1,4.32425e-06,0.000100118
ZFP30,4712.33,3448.33,8160.67,1,4.21446e-07,0.000304622
ISM1,3408.67,4752.00,8160.67,2,3.64811e-06,0.000113789
KCTD14,4197.67,3963.67,8161.33,2,2.88304e-06,0.000111858
COL4A6,3735.67,4426.00,8161.67,1,1.51733e-05,9.99868e-05
TTC30A,4081.67,4080.00,8161.67,1,7.90958e-06,9.99945e-05
TAF10,4389.67,3772.33,8162.00,1,1.00911e-06,0.000213967
ZNF548,4560.00,3602.33,8162.33,1,4.38844e-06,0.000100112
PP7080,4664.67,3498.33,8163.00,1,5.12702e-07,0.000275726
LOC101927870,4138.33,4025.00,8163.33,1,7.06368e-06,0.000100033
COL22A1,4337.67,3826.33,8164.00,1,4.72481e-06,0.000100064
RP2,4077.00,4088.00,8165.00,1,1.79027e-06,0.000184023
DUSP10,3514.67,4650.33,8165.00,1,5.45296e-06,0.000149611
CHST2,3611.00,4554.33,8165.33,1,4.25886e-06,0.000155362
BC032415,4539.33,3627.67,8167.00,2,1.24707e-06,0.000132643
DYNC1I1,3935.67,4232.33,8168.00,2,4.40855e-06,9.99287e-05
GCLM,4278.33,3889.67,8168.00,1,6.27684e-06,0.000100029
THOC5,4804.00,3364.00,8168.00,1,2.78257e-07,0.000455082
MOB1A,3729.00,4439.00,8168.00,1,1.26506e-05,9.993e-05
MTO1,4430.00,3739.33,8169.33,1,5.25046e-06,0.000100064
MDM1,4001.67,4168.67,8170.33,2,4.7203e-06,9.99329e-05
PJA1,4437.00,3733.67,8170.67,2,1.95317e-06,9.99494e-05
SIDT2,4235.00,3936.67,8171.67,1,6.57884e-06,0.000100019
CILP2,4233.67,3938.00,8171.67,1,5.89803e-06,0.000100045
ANKRD37,4456.67,3715.33,8172.00,1,8.6709e-07,0.000221289
MIR6787,4444.33,3727.67,8172.00,1,8.93607e-07,0.00021935
LOC101929243,4262.33,3910.33,8172.67,1,6.38615e-06,0.000100024
PRKAB1,4337.00,3836.33,8173.33,2,5.83258e-07,0.000139389
EDN2,4148.33,4026.00,8174.33,1,6.88591e-06,0.000100033
PLEKHB2,3945.67,4228.67,8174.33,1,2.22963e-06,0.000174111
FKBP1A-SDCBP2,4882.00,3293.00,8175.00,2,1.64972e-07,0.000149183
GLS,4287.33,3889.00,8176.33,1,6.21924e-06,0.000100029
TMUB2,4419.00,3757.33,8176.33,1,5.32949e-06,0.00010006
TMEM251,3986.67,4190.33,8177.00,1,8.93428e-06,9.9975e-05
AK094644,3836.67,4341.00,8177.67,1,1.24194e-05,9.9996e-05
LHFPL2,4411.33,3767.33,8178.67,1,5.37954e-06,0.000100057
DYNLRB1,4395.67,3783.00,8178.67,1,9.94683e-07,0.000212404
IGHA1,4607.33,3572.00,8179.33,1,6.18693e-07,0.00025046
AP001462.6,4346.67,3833.00,8179.67,1,4.65001e-06,0.000100063
ACCS,3971.67,4208.33,8180.00,1,9.11202e-06,9.99712e-05
SLC35B3,3584.00,4596.33,8180.33,1,1.59595e-05,9.98961e-05
SOD2,4545.33,3635.00,8180.33,1,7.20752e-07,0.000234585
STAG2,3396.00,4784.33,8180.33,1,8.52729e-06,0.000141563
MRPL41,4396.33,3784.33,8180.67,2,8.34702e-07,0.000136836
ZNF350,4413.33,3767.67,8181.00,1,5.37303e-06,0.000100057
LOC440173,4483.00,3699.33,8182.33,1,3.46741e-06,0.000100094
ITFG1,4457.67,3725.33,8183.00,1,5.07134e-06,0.000100068
CHP1,4447.33,3736.00,8183.33,1,8.89052e-07,0.000218243
RNF13,4326.00,3859.00,8185.00,1,5.95061e-06,0.000100037
ZHX1-C8orf76,4069.00,4117.33,8186.33,1,7.99648e-06,0.000100022
BAG5,3540.67,4646.00,8186.67,2,7.72692e-06,9.98698e-05
STX12,4590.00,3597.33,8187.33,1,4.17012e-06,0.000100115
QTRTD1,4101.00,4086.33,8187.33,1,1.72471e-06,0.000184149
KHNYN,4337.33,3850.33,8187.67,1,4.72904e-06,0.000100059
LOC101060521,4675.67,3512.00,8187.67,1,1.91345e-06,0.000100229
TTC30B,4144.67,4043.00,8187.67,2,3.44978e-06,9.99329e-05
MTFMT,4214.67,3974.00,8188.67,2,8.40637e-07,0.000122064
TRAK2,4290.67,3898.33,8189.00,1,6.20906e-06,0.000100027
DPH3,3531.00,4658.33,8189.33,1,1.78739e-05,9.98823e-05
CCBL2,4218.00,3972.00,8190.00,1,6.72022e-06,0.000100014
FAM57A,4278.67,3911.67,8190.33,2,6.58022e-07,0.000131072
GUSB,4654.33,3537.00,8191.33,1,5.29413e-07,0.000260949
CKB,3880.67,4310.67,8191.33,2,4.82635e-06,0.000127603
ANKRD27,4528.00,3663.33,8191.33,1,4.60592e-06,0.000100088
PNPLA8,4172.33,4019.33,8191.67,1,7.06299e-06,0.000100006
SEPSECS,4308.33,3883.33,8191.67,1,5.04218e-06,0.000100053
ZNF572,3920.33,4272.33,8192.67,2,4.30293e-06,9.99199e-05
KLHDC2,4400.67,3792.00,8192.67,1,5.44124e-06,0.000100051
TDRD5,4013.67,4179.67,8193.33,1,8.84501e-06,0.000100015
UFL1,4405.67,3788.67,8194.33,1,9.77234e-07,0.000211438
ANAPC16,4629.33,3565.33,8194.67,1,3.90028e-06,0.000100129
SNCAIP,3642.67,4552.33,8195.00,1,1.90164e-05,9.99722e-05
PSMB8-AS1,3990.33,4205.00,8195.33,1,2.05729e-06,0.000175698
ENTPD1,4736.33,3459.67,8196.00,2,1.57923e-06,0.000100003
EPHB6,3698.00,4498.00,8196.00,2,4.98302e-06,0.000121233
HOXB6,4368.33,3827.67,8196.00,2,6.86857e-07,0.000137577
ZNF586,4031.67,4165.67,8197.33,1,8.44604e-06,9.99793e-05
TYW1,4127.33,4070.33,8197.67,1,7.20773e-06,0.000100027
ACOX2,4169.00,4029.00,8198.00,2,1.20467e-06,0.00010738
LOC100129029,3479.33,4718.67,8198.00,2,6.29934e-06,9.98394e-05
TMEM150A,4601.33,3596.67,8198.00,1,4.09652e-06,0.000100115
AMN,4711.00,3487.67,8198.67,1,4.26196e-07,0.000281444
TNFRSF10B,4845.67,3353.00,8198.67,2,1.31506e-07,0.000162807
MIR7110,3815.00,4384.33,8199.33,1,1.29083e-05,9.99909e-05
SMAP2,4127.67,4072.00,8199.67,1,7.47855e-06,9.99961e-05
FGF7,4455.67,3744.33,8200.00,1,5.08405e-06,0.000100063
MIR4680,3908.00,4292.00,8200.00,1,2.39376e-06,0.000170315
RNH1,4240.33,3960.00,8200.33,1,1.35129e-06,0.00019383
MRPL23,4298.00,3902.33,8200.33,1,1.20559e-06,0.000199074
CSGALNACT2,4348.33,3852.33,8200.67,2,2.81195e-06,9.99478e-05
SCML4,4312.00,3888.67,8200.67,1,4.98714e-06,0.000100052
RP11-353N14.2,4597.67,3603.00,8200.67,1,2.55228e-06,0.000100138
ALKBH8,3461.67,4739.33,8201.00,2,9.364e-06,9.98559e-05
SMPD3,4640.67,3560.67,8201.33,1,5.54267e-07,0.000253302
PSMB2,4026.67,4175.00,8201.67,1,1.93943e-06,0.000177741
VPS16,3712.33,4489.33,8201.67,1,3.42829e-06,0.000158851
SLC9A3R1,4435.33,3766.33,8201.67,1,9.10972e-07,0.000214597
PRRT3-AS1,4267.33,3934.33,8201.67,2,1.29094e-06,0.000133495
NBN,4305.33,3898.00,8203.33,1,6.11232e-06,0.000100027
RP11-250B2.6,3869.00,4335.33,8204.33,2,4.55432e-06,9.99091e-05
ZNF280C,3736.33,4469.33,8205.67,2,5.36364e-06,9.99065e-05
MINPP1,4130.00,4075.67,8205.67,1,7.45931e-06,9.99953e-05
ALMS1,4517.33,3689.00,8206.33,1,4.66817e-06,0.00010008
ETS2,3970.67,4236.00,8206.67,1,9.50266e-06,0.000100008
ISY1-RAB43,3508.67,4698.67,8207.33,2,6.41118e-06,9.98619e-05
TENM4,4360.33,3848.00,8208.33,2,2.64145e-06,9.99611e-05
CREB3L4,4422.67,3786.67,8209.33,2,2.53279e-06,0.000129221
CCRN4L,4444.33,3765.33,8209.67,1,3.81967e-06,0.000100078
ARID2,4382.00,3829.33,8211.33,1,5.54107e-06,0.000100043
SNX1,3755.67,4457.33,8213.00,1,3.15927e-06,0.000160695
CLNS1A,4838.33,3375.00,8213.33,1,2.28535e-07,0.00041297
PRSS8,4261.67,3952.33,8214.00,1,1.2997e-06,0.000194259
GBAP1,4535.00,3679.33,8214.33,1,7.37341e-07,0.000226464
TRIQK,4035.67,4179.00,8214.67,1,1.90525e-06,0.000177362
KLK8,4721.33,3493.67,8215.00,1,4.09781e-07,0.000278371
SPTBN2,4228.33,3987.00,8215.33,1,1.37893e-06,0.000191524
RABGEF1,4368.33,3847.00,8215.33,1,4.49721e-06,0.00010006
VASN,3731.00,4486.67,8217.67,1,1.53988e-05,9.99797e-05
MCM3AP,4570.33,3648.00,8218.33,1,6.79196e-07,0.000232055
LOC102724112,4390.33,3828.00,8218.33,2,5.86854e-07,0.000129632
ZNF138,4758.67,3460.00,8218.67,1,3.40399e-07,0.000298136
KLF11,4860.67,3358.67,8219.33,1,1.97647e-07,0.000478735
RGPD3,4142.00,4077.33,8219.33,1,1.60016e-06,0.000184649
CCDC170,4337.67,3882.67,8220.33,2,6.95437e-07,0.000126267
RAPGEF6,3937.33,4283.33,8220.67,2,4.18662e-06,9.99258e-05
UBE2V1P9,4429.67,3791.33,8221.00,1,3.95725e-06,0.000100071
RNF166,4643.67,3577.33,8221.00,2,1.43331e-06,0.000135893
NEIL2,3883.33,4337.67,8221.00,1,1.14018e-05,9.99965e-05
CORO6,4301.33,3920.00,8221.33,2,2.37604e-06,0.000139521
GNS,4309.33,3913.00,8222.33,1,6.09215e-06,0.000100024
LDLRAD4,3893.00,4329.67,8222.67,1,2.45386e-06,0.000168247
FNIP2,4715.33,3507.67,8223.00,1,3.38907e-06,0.000100164
ZNF664,3380.33,4842.67,8223.00,1,9.36649e-06,0.000137519
BTBD1,4475.67,3748.33,8224.00,1,4.94795e-06,0.000100062
TSC1,4468.33,3755.67,8224.00,1,4.99765e-06,0.00010006
ABI1,3823.67,4400.67,8224.33,1,2.77489e-06,0.000164005
ATP2A3,4195.33,4030.33,8225.67,1,1.44994e-06,0.000187748
C9orf64,4578.33,3648.00,8226.33,1,4.26252e-06,0.000100094
FBXW4,4260.33,3967.00,8227.33,1,6.40486e-06,0.000100014
MMAB,3874.67,4354.00,8228.67,1,1.16102e-05,9.99946e-05
HK3,3971.33,4259.00,8230.33,1,9.49696e-06,0.000100006
BAG3,3855.00,4375.67,8230.67,1,1.04105e-05,9.9942e-05
CD163L1,4367.00,3864.67,8231.67,1,4.50745e-06,0.000100057
DLL1,3751.00,4481.33,8232.33,1,3.18178e-06,0.000159371
KIAA0368,4453.00,3780.33,8233.33,1,5.10571e-06,0.000100054
RP11-378A13.1,4313.33,3920.33,8233.67,1,4.98257e-06,0.000100048
HOXC13,4642.00,3592.67,8234.67,1,2.1595e-06,0.000100143
C11orf16,4502.33,3732.67,8235.00,1,3.30856e-06,0.000100085
ZNF274,4545.33,3689.67,8235.00,1,4.47805e-06,0.00010008
TADA1,3981.67,4253.33,8235.00,1,2.08544e-06,0.000172716
BRSK1,3559.00,4677.33,8236.33,1,4.79508e-06,0.000147975
NUP93,4681.67,3554.67,8236.33,1,4.81143e-07,0.000254894
PYCARD,4201.33,4035.33,8236.67,1,1.43951e-06,0.000187465
TXNIP,4781.00,3457.00,8238.00,1,3.10915e-07,0.000299811
HEPH,4262.33,3976.33,8238.67,1,1.29715e-06,0.000192435
PWWP2A,4473.33,3766.00,8239.33,1,3.56456e-06,0.000100078
ACTN2,4533.00,3706.67,8239.67,1,3.03756e-06,0.000100092
LINC00922,3746.67,4493.00,8239.67,2,6.06951e-06,9.98879e-05
UQCRC2,4303.33,3937.00,8240.33,1,6.13139e-06,0.000100019
TXNL1,4645.00,3595.67,8240.67,1,3.80081e-06,0.000100116
SUPT7L,3584.00,4657.00,8241.00,2,6.23718e-06,9.9863e-05
PARP14,4079.67,4161.67,8241.33,1,1.78309e-06,0.000178686
CTDSP1,3864.33,4377.67,8242.00,1,1.17736e-05,9.99918e-05
USP34,4522.33,3720.00,8242.33,1,4.63864e-06,0.00010007
MAST3,3950.67,4292.00,8242.67,1,9.88972e-06,0.000100003
CHKB,4421.33,3822.33,8243.67,1,5.3035e-06,0.000100045
RBAKDN,3892.00,4351.67,8243.67,1,2.45649e-06,0.000166895
SH3YL1,4742.33,3501.67,8244.00,1,3.73108e-07,0.00027451
AIFM1,4002.33,4242.33,8244.67,1,9.03451e-06,0.000100007
FAM134A,4398.00,3847.00,8245.00,1,5.44781e-06,0.000100039
COX7A2L,4548.00,3697.67,8245.67,2,2.2026e-06,9.99506e-05
MAP3K1,4611.67,3634.33,8246.00,1,4.03493e-06,0.000100099
TP53BP2,3916.67,4329.67,8246.33,1,9.68216e-06,9.99499e-05
AB074162,4000.33,4246.67,8247.00,2,4.01007e-06,9.99297e-05
NEBL,4029.33,4217.67,8247.00,1,8.56984e-06,0.00010001
TBX10,4213.00,4035.33,8248.33,2,2.65906e-06,0.000136901
C11orf54,4911.33,3337.33,8248.67,1,1.22694e-07,0.000903633
DYNC1LI2,3625.00,4623.67,8248.67,1,4.0931e-06,0.000151517
ATP2C1,3906.67,4342.33,8249.00,2,4.38399e-06,9.99204e-05
MIR205HG,3854.00,4395.33,8249.33,1,1.20138e-05,9.99898e-05
MRFAP1,4459.33,3791.00,8250.33,1,5.06956e-06,0.000100051
CD7,3868.67,4382.00,8250.67,1,2.56141e-06,0.000165075
BUB3,3647.00,4603.67,8250.67,1,3.91799e-06,0.000152545
DNM1L,4779.00,3472.00,8251.00,1,3.12486e-07,0.000291079
CNOT6,4647.00,3604.67,8251.67,1,3.79012e-06,0.000100111
C6orf120,4273.67,3978.00,8251.67,1,6.31105e-06,0.000100013
PRKRIR,4417.00,3835.00,8252.00,1,5.34377e-06,0.000100042
FAM111A,4461.00,3791.67,8252.67,1,8.58809e-07,0.000211143
UNC5B,3961.00,4291.67,8252.67,1,9.21997e-06,9.99565e-05
CAPZA2,4556.33,3696.67,8253.00,1,4.40391e-06,0.000100078
KIAA1432,4666.00,3587.67,8253.67,1,3.688e-06,0.00010012
MIR6732,3988.67,4265.00,8253.67,2,3.13339e-06,0.00012823
MINOS1P1,4684.00,3571.67,8255.67,1,4.74629e-07,0.000250527
CTSD,4539.00,3717.00,8256.00,1,4.5151e-06,0.000100071
TMEM92,4193.00,4063.00,8256.00,1,6.32976e-06,0.000100028
ZNF850,3544.33,4712.00,8256.33,2,6.39145e-06,9.98683e-05
USP48,4612.00,3645.00,8257.00,1,4.03485e-06,0.000100094
PPP4R2,4336.67,3920.67,8257.33,1,5.85275e-06,0.000100022
CRTC3,4560.67,3697.67,8258.33,1,4.38749e-06,0.000100078
ABCC4,4128.33,4130.33,8258.67,1,7.1838e-06,0.000100021
PRNP,4014.33,4244.33,8258.67,2,1.80838e-06,0.000120197
RAP1GAP,4393.67,3865.67,8259.33,1,4.28528e-06,0.000100056
ZFYVE27,4368.00,3891.67,8259.67,1,4.50434e-06,0.000100052
MTSS1,4832.33,3427.67,8260.00,1,2.36113e-07,0.000322679
RP13-238F13.5,4122.00,4138.00,8260.00,1,7.25169e-06,0.00010002
ENPP1,4412.33,3848.33,8260.67,1,9.57622e-07,0.000204813
PTCH1,4207.67,4053.00,8260.67,1,1.4248e-06,0.000186422
SLC22A23,4776.33,3484.67,8261.00,1,3.15411e-07,0.000283234
PARD6G,4368.33,3894.00,8262.33,1,1.05373e-06,0.00020018
DCK,4393.67,3869.00,8262.67,1,5.47031e-06,0.000100033
ITPRIPL2,4755.33,3507.67,8263.00,1,3.45425e-07,0.000271943
CNOT4,4509.33,3753.67,8263.00,1,4.73933e-06,0.000100061
ATL3,4710.33,3553.67,8264.00,1,4.26524e-07,0.00025494
OSGIN2,4578.33,3686.33,8264.67,1,6.63344e-07,0.000225682
ZMYM6,4015.00,4250.00,8265.00,1,8.60804e-06,9.99639e-05
JMJD1C,3594.00,4671.67,8265.67,1,4.43152e-06,0.000148287
FAM127B,4292.67,3973.67,8266.33,1,1.22061e-06,0.00019259
TPST1,3689.67,4577.33,8267.00,2,5.20446e-06,9.98877e-05
FBXL17,4222.00,4045.33,8267.33,1,6.67674e-06,0.0001
LOC100505478,4460.67,3807.33,8268.00,1,8.60822e-07,0.000209283
FCRL3,4273.33,3995.67,8269.00,1,5.43846e-06,0.000100037
ADCY7,4679.33,3590.67,8270.00,1,4.85028e-07,0.000245149
ARHGEF26,4223.67,4047.33,8271.00,1,6.66831e-06,0.0001
ZNF224,4378.67,3892.33,8271.00,1,5.56888e-06,0.000100028
CENPQ,3543.00,4728.33,8271.33,2,6.41765e-06,9.98643e-05
SLC35D1,4183.67,4088.33,8272.00,1,6.44374e-06,0.000100025
KTI12,4150.67,4121.33,8272.00,2,1.40406e-06,0.000134258
CLN5,3918.00,4354.00,8272.00,1,9.66955e-06,9.99452e-05
PROSC,4883.33,3388.67,8272.00,1,1.6377e-07,0.000378639
RGMB,4277.00,3995.00,8272.00,1,1.25571e-06,0.000190769
DKFZp451A211,4020.33,4252.00,8272.33,1,8.7498e-06,0.000100007
NTF3,3986.67,4286.00,8272.67,1,9.26689e-06,0.000100003
BHLHE40,4567.00,3706.00,8273.00,1,6.86081e-07,0.000222318
LOC101928274,4119.00,4155.33,8274.33,1,7.2916e-06,0.000100018
DCAF6,4123.00,4153.00,8276.00,1,1.65296e-06,0.000179296
ZNF654,4625.33,3650.67,8276.00,1,3.93587e-06,0.000100093
PPP2R5E,4270.00,4006.67,8276.67,1,6.32394e-06,0.000100008
RBL2,4211.00,4066.00,8277.00,1,6.77995e-06,9.99971e-05
FAM110A,3852.33,4424.67,8277.00,1,2.65149e-06,0.000162557
INTS4,4136.00,4141.00,8277.00,1,1.61473e-06,0.000180081
LA16c-83F12.6,3908.00,4369.33,8277.33,2,1.36746e-06,0.000120788
ZNF382,4624.00,3654.00,8278.00,1,3.94078e-06,0.000100091
RIPK3,4134.00,4145.00,8279.00,2,1.03888e-06,0.000121623
TMEM120B,4351.67,3930.00,8281.67,1,4.62286e-06,0.000100046
MED26,4839.00,3443.67,8282.67,1,2.26859e-07,0.000308651
ABCA2,4880.67,3403.33,8284.00,1,1.67842e-07,0.000357724
PRSS33,4906.00,3378.00,8284.00,1,1.30582e-07,0.000402436
EGFLAM,3484.00,4801.00,8285.00,1,2.93288e-05,9.99328e-05
GPATCH11,4393.00,3892.00,8285.00,1,5.4727e-06,0.000100028
ASF1A,3773.67,4511.33,8285.00,1,1.17597e-05,9.99151e-05
IFNLR1,4802.67,3482.33,8285.00,1,2.80465e-07,0.000285063
CSPG4,3511.33,4775.00,8286.33,1,2.66182e-05,9.99381e-05
LINC00094,3768.33,4518.67,8287.00,2,2.56638e-06,0.000116735
WDSUB1,4506.00,3782.00,8288.00,1,4.76485e-06,0.000100053
CCDC180,3563.00,4725.33,8288.33,1,2.30016e-05,9.99479e-05
ZNF292,4344.67,3944.33,8289.00,1,1.09778e-06,0.000194843
CDYL2,4492.00,3797.33,8289.33,1,8.0847e-07,0.00021057
LRRFIP1,4476.33,3813.67,8290.00,1,4.9445e-06,0.000100047
NT5C1B-RDH14,4544.00,3746.33,8290.33,1,4.49805e-06,0.000100062
CTC-471J1.2,3708.67,4582.33,8291.00,2,5.36795e-06,9.98878e-05
CDC27,4183.00,4108.00,8291.00,1,6.95612e-06,9.99893e-05
SRGAP2,4695.33,3596.00,8291.33,1,3.53991e-06,0.000100116
CNOT7,4439.67,3852.00,8291.67,1,5.19375e-06,0.000100038
DOK4,4717.00,3575.00,8292.00,1,4.13429e-07,0.000249424
NAA50,3748.67,4543.33,8292.00,1,1.23133e-05,9.99082e-05
C1orf112,3839.67,4452.67,8292.33,1,2.71833e-06,0.000160903
GINS4,4695.67,3597.00,8292.67,2,5.11752e-07,0.000141059
CYB5R1,4154.67,4138.00,8292.67,1,1.55991e-06,0.000180298
MPND,4598.67,3694.33,8293.00,1,2.54398e-06,0.000100095
ANXA5,4440.67,3852.33,8293.00,1,5.18965e-06,0.000100038
PGM2,4632.33,3663.00,8295.33,1,3.89338e-06,0.000100088
C12orf29,4226.67,4069.00,8295.67,1,5.96373e-06,0.000100027
CALHM2,4508.33,3788.00,8296.33,1,4.75623e-06,0.000100052
WARS,4014.33,4282.00,8296.33,1,1.98178e-06,0.000170847
LNX2,3923.33,4373.33,8296.67,1,9.61067e-06,9.99422e-05
AK126278,4600.67,3696.67,8297.33,2,1.96499e-06,0.000120276
ZMYM5,4655.00,3642.33,8297.33,1,3.7567e-06,0.000100095
NPTN,4828.67,3469.33,8298.00,1,2.58169e-06,0.000100193
KDM3A,4687.33,3611.33,8298.67,1,4.68845e-07,0.000240316
C12orf4,4081.33,4218.00,8299.33,1,7.90971e-06,9.99693e-05
LCP2,3946.67,4352.67,8299.33,1,9.37154e-06,9.99456e-05
CYFIP1,4534.00,3766.33,8300.33,1,4.55148e-06,0.000100057
UGP2,4768.00,3532.33,8300.33,1,3.01919e-06,0.000100146
B3GNTL1,3894.33,4406.33,8300.67,2,1.42521e-06,0.00011654
FBLN7,3849.00,4451.67,8300.67,1,1.21458e-05,9.99837e-05
SPATA13,4625.67,3675.00,8300.67,1,5.8055e-07,0.000227164
ZNF567,3842.00,4459.00,8301.00,2,3.14198e-06,0.000123497
FMR1,4183.67,4117.67,8301.33,1,1.47903e-06,0.000181929
UTP20,3882.33,4419.67,8302.00,2,4.41911e-06,9.99084e-05
ISG20L2,4366.33,3935.67,8302.00,1,1.05739e-06,0.000195429
ZNF780A,3916.00,4388.00,8304.00,2,4.50205e-06,9.9907e-05
STK38L,3706.67,4597.67,8304.33,1,1.30396e-05,9.98957e-05
UNC5C,4484.00,3821.33,8305.33,1,3.45551e-06,0.000100065
DENND3,3736.67,4569.00,8305.67,1,1.51325e-05,9.99705e-05
ACYP1,4496.67,3809.67,8306.33,1,4.81873e-06,0.000100048
HIF1A,4404.00,3903.00,8307.00,1,5.42679e-06,0.000100025
BC040901,3753.67,4554.00,8307.67,2,6.88221e-06,9.98962e-05
MAP7,4128.00,4179.67,8307.67,1,1.64043e-06,0.000177341
PARP16,4261.67,4046.67,8308.33,1,5.56524e-06,0.00010003
CREB3L1,4009.00,4300.00,8309.00,1,1.99564e-06,0.000169786
FAM117A,3601.67,4707.33,8309.00,2,7.1173e-06,9.98473e-05
TNFAIP1,4648.67,3660.67,8309.33,1,2.11209e-06,0.000100109
SLTM,4569.67,3739.67,8309.33,1,4.32051e-06,0.000100064
LOC100128288,4524.33,3785.33,8309.67,1,4.63171e-06,0.000100053
USP8,4495.33,3814.67,8310.00,1,4.82675e-06,0.000100047
FBXO3,4496.33,3814.00,8310.33,1,4.82164e-06,0.000100047
TRAF3IP2,4901.67,3408.67,8310.33,1,1.36073e-07,0.000348774
NFASC,3843.33,4467.00,8310.33,1,1.22615e-05,9.99819e-05
ESRP1,3684.00,4627.33,8311.33,1,3.61867e-06,0.000151231
OTUB2,4543.00,3768.33,8311.33,1,7.24675e-07,0.000214338
PARL,3711.00,4600.67,8311.67,1,3.43398e-06,0.000152693
SDR42E1,4571.33,3741.00,8312.33,1,2.74967e-06,0.000100083
RASSF3,4783.67,3529.00,8312.67,1,3.07134e-07,0.000263232
ACE,4113.00,4199.67,8312.67,2,1.51598e-06,0.000114961
TMEM50A,4386.67,3927.33,8314.00,1,5.52253e-06,0.000100021
SQLE,3548.67,4765.67,8314.33,1,4.9396e-06,0.000142811
UNC50,4664.33,3650.33,8314.67,1,3.69295e-06,0.000100093
C5orf24,4188.00,4126.67,8314.67,1,6.92088e-06,9.99861e-05
CLASP2,4271.33,4044.00,8315.33,1,6.32243e-06,0.0001
KCNMB4,3542.00,4774.33,8316.33,2,2.26581e-06,0.000116686
FRMD8P1,4898.33,3418.67,8317.00,1,1.40056e-07,0.000334538
KLF12,4760.33,3557.00,8317.33,1,3.09604e-06,0.000100133
CLPTM1L,4474.33,3843.33,8317.67,1,8.38329e-07,0.000205235
TRIM38,4828.00,3489.67,8317.67,1,2.59028e-06,0.000100176
MAF,3937.00,4381.33,8318.33,1,2.26149e-06,0.000165109
ACVRL1,4319.33,3999.00,8318.33,1,1.15488e-06,0.000190399
UBXN7,4202.67,4116.33,8319.00,1,6.82619e-06,9.99881e-05
SWAP70,4520.00,3799.33,8319.33,1,4.65464e-06,0.000100049
ECT2,4386.67,3932.67,8319.33,1,1.01774e-06,0.000195712
TSC22D3,3956.00,4363.67,8319.67,1,2.18835e-06,0.000166191
AP1S1,4728.00,3592.00,8320.00,1,3.98517e-07,0.000244687
DNAL4,4530.67,3790.33,8321.00,1,3.06548e-06,0.000100071
SERP1,4309.00,4012.33,8321.33,1,6.09323e-06,0.000100007
PLAC9,4444.67,3877.67,8322.33,1,8.93307e-07,0.000201801
MDP1,4553.67,3769.00,8322.67,1,4.43263e-06,0.000100057
UBXN2A,4679.00,3644.00,8323.00,1,3.62752e-06,0.000100095
RFX1,4561.00,3763.00,8324.00,1,6.97029e-07,0.000215067
ADAP2,4709.33,3615.00,8324.33,1,3.43519e-06,0.000100107
TBCK,4660.00,3664.33,8324.33,1,3.72976e-06,0.000100088
NBPF4,4034.67,4290.67,8325.33,1,8.50124e-06,0.000100003
FRMD6-AS1,4522.67,3802.67,8325.33,1,4.63813e-06,0.000100049
TEF,4625.00,3700.67,8325.67,1,5.81817e-07,0.000223235
NKRF,4441.00,3884.67,8325.67,1,3.84268e-06,0.000100053
KHK,4635.33,3690.33,8325.67,1,5.62764e-07,0.000225006
C7orf60,4833.00,3493.00,8326.00,2,1.17566e-06,9.99888e-05
PCM1,4568.33,3758.00,8326.33,1,4.33316e-06,0.000100059
PABPC1,4868.33,3459.00,8327.33,1,1.84893e-07,0.000298436
ACP1,4522.33,3807.67,8330.00,1,7.56094e-07,0.000209247
MANEA,4672.67,3657.33,8330.00,1,4.94475e-07,0.000229945
NDUFS4,3972.00,4358.33,8330.33,1,2.12444e-06,0.000166662
ZNF362,4114.33,4216.33,8330.67,1,1.68191e-06,0.000175063
JMJD6,4994.67,3336.33,8331.00,1,9.44171e-09,0.00098192
ATP6V1D,4545.67,3785.67,8331.33,1,4.47441e-06,0.000100052
ZNF24,4548.00,3784.00,8332.00,1,4.45932e-06,0.000100053
ZBTB7C,4006.33,4327.33,8333.67,1,2.00484e-06,0.000168414
SNHG19,4379.00,3954.67,8333.67,1,1.03231e-06,0.000194098
LINC01094,4615.67,3718.00,8333.67,2,1.56086e-06,0.000127875
KIAA0556,4809.33,3524.67,8334.00,1,1.09942e-06,0.00010021
INPP4A,4657.00,3677.33,8334.33,1,5.24999e-07,0.000226698
CD79B,4689.00,3645.33,8334.33,1,1.81638e-06,0.000100115
AMBRA1,4796.67,3538.33,8335.00,1,2.87147e-07,0.000260463
MIR646HG,4156.67,4179.67,8336.33,2,3.47416e-06,9.99349e-05
MAB21L1,3911.67,4425.00,8336.67,1,1.07272e-05,9.99868e-05
CXorf23,3723.33,4613.33,8336.67,2,5.15888e-06,9.9884e-05
NUDT1,3921.00,4416.00,8337.00,1,2.33071e-06,0.000163007
CNP,4856.33,3480.67,8337.00,1,2.03177e-07,0.00028585
S100A1,4520.33,3817.33,8337.67,1,3.11315e-06,0.000100066
GTF2IRD2,4768.67,3569.00,8337.67,1,3.01767e-06,0.000100127
STMN3,4982.33,3355.67,8338.00,1,2.8106e-08,0.000494543
C12orf10,3933.33,4405.00,8338.33,1,1.0215e-05,9.9989e-05
GTF2E2,4243.00,4095.67,8338.67,1,5.79498e-06,0.000100024
SYF2,4951.33,3387.67,8339.00,1,6.88113e-08,0.000382704
RAP2B,4529.33,3809.67,8339.00,2,1.59877e-06,0.000115623
TOB2,4622.67,3716.67,8339.33,1,5.85611e-07,0.000221133
CEP131,4321.33,4018.33,8339.67,1,4.87657e-06,0.000100034
KIAA0430,4454.67,3885.00,8339.67,1,8.68575e-07,0.00020099
PLEKHM1,4354.00,3986.67,8340.67,1,1.08066e-06,0.000191525
IL4I1,4152.33,4188.33,8340.67,1,1.56274e-06,0.000176715
ICK,4409.00,3932.00,8341.00,1,9.73935e-07,0.000195727
CPZ,4235.00,4107.33,8342.33,1,5.88687e-06,0.000100023
DUSP8,4303.33,4039.33,8342.67,1,5.10985e-06,0.000100031
GSDMB,4352.33,3990.67,8343.00,2,1.05462e-06,0.000123385
LA16c-380H5.4,4279.67,4063.33,8343.00,1,1.24895e-06,0.000185604
SNX19,4761.67,3581.33,8343.00,1,3.37923e-07,0.000247942
PSRC1,3615.33,4728.33,8343.67,2,4.22933e-06,0.000114035
FIBCD1,4278.67,4065.33,8344.00,1,1.2503e-06,0.000185476
MRPS31,4624.00,3720.67,8344.67,1,5.83427e-07,0.000220468
NAA40,4077.67,4268.00,8345.67,1,7.87018e-06,0.000100005
B2M,4480.00,3866.67,8346.67,1,4.93393e-06,0.000100034
CHM,3843.00,4503.67,8346.67,1,2.69089e-06,0.000158216
HTT,3809.00,4539.33,8348.33,1,1.3111e-05,9.99738e-05
BTRC,4407.67,3940.67,8348.33,1,9.75878e-07,0.00019502
TMED7,3872.33,4476.33,8348.67,1,1.01858e-05,9.99222e-05
ID3,3502.67,4846.33,8349.00,1,5.64684e-06,0.00013727
ANKRD13A,4836.67,3513.00,8349.67,1,2.53163e-06,0.000100161
BAZ1A,4116.00,4233.67,8349.67,1,7.58014e-06,9.99668e-05
SENP7,4717.33,3632.67,8350.00,1,3.38393e-06,0.000100099
ABHD5,4158.67,4191.33,8350.00,1,7.19358e-06,9.99749e-05
PAN3,4689.33,3661.33,8350.67,1,3.57345e-06,0.000100089
ZNF385D,3555.67,4796.67,8352.33,1,2.36001e-05,9.99338e-05
LOC100133039,4576.67,3776.33,8353.00,1,4.27005e-06,0.000100055
PTPRS,4521.33,3832.00,8353.33,1,7.58025e-07,0.000206513
ZNF280B,4132.67,4221.67,8354.33,2,1.36072e-06,0.000122857
HMX1,4341.67,4012.67,8354.33,1,5.82797e-06,0.000100007
TPST2,4557.00,3799.00,8356.00,1,4.39837e-06,0.000100049
STIL,3924.33,4431.67,8356.00,1,2.31826e-06,0.000162212
TRIM13,4327.33,4028.67,8356.00,1,5.94175e-06,0.000100004
GPR144,4989.33,3367.00,8356.33,1,1.74775e-08,0.000439298
CDC42BPA,3659.67,4697.00,8356.67,2,5.86012e-06,9.98731e-05
COPE,4438.33,3918.33,8356.67,1,9.07197e-07,0.000197558
EIF4E2,4646.67,3710.00,8356.67,1,2.13086e-06,0.000100091
PDE1C,3600.00,4756.67,8356.67,1,2.08678e-05,9.99421e-05
CD72,4068.33,4288.67,8357.00,1,8.00028e-06,0.000100003
ITPR2,4316.67,4040.33,8357.00,1,4.95438e-06,0.000100031
MT1H,3866.33,4490.67,8357.00,1,2.57315e-06,0.000158752
RP5-935K16.1,4736.33,3621.33,8357.67,1,3.26364e-06,0.000100103
ZHX2,4407.33,3951.00,8358.33,1,5.40539e-06,0.000100017
GAS6-AS1,4021.00,4337.33,8358.33,1,1.95698e-06,0.000167987
TRDV3,4047.33,4312.00,8359.33,1,8.35632e-06,0.0001
WBP4,4359.00,4000.33,8359.33,1,5.69281e-06,0.000100009
SHC3,4216.67,4142.67,8359.33,1,6.07974e-06,0.00010002
NTRK3,4234.33,4125.67,8360.00,1,5.89548e-06,0.000100021
FAM135A,4616.00,3744.00,8360.00,1,3.99797e-06,0.000100063
RGAG4,4078.33,4281.67,8360.00,1,7.86089e-06,0.000100004
MCCC2,4007.33,4352.67,8360.00,1,2.0017e-06,0.000166883
CNBP,4128.33,4232.33,8360.67,1,7.46533e-06,9.9967e-05
ATP6V1E1,4507.33,3854.33,8361.67,1,4.75931e-06,0.000100037
PGRMC2,4475.00,3886.67,8361.67,1,4.95214e-06,0.000100029
C1orf186,4144.67,4217.33,8362.00,2,9.70903e-07,0.000122511
MDN1,4221.33,4141.67,8363.00,1,1.39525e-06,0.000180053
PNMA6A,4549.33,3814.33,8363.67,2,1.16701e-06,0.00012768
MAD2L1,4145.00,4219.67,8364.67,1,1.58908e-06,0.000174827
KIAA0754,4458.00,3907.00,8365.00,1,8.64909e-07,0.000198641
TMEM42,4182.67,4182.67,8365.33,1,6.46038e-06,0.000100015
MTG1,4608.00,3757.67,8365.67,1,2.43615e-06,0.00010008
RP5-1074L1.4,4111.00,4255.00,8366.00,2,2.36006e-06,0.000122123
CIDEA,4487.67,3879.67,8367.33,1,8.16603e-07,0.000201537
PIGX,4507.67,3860.00,8367.67,1,7.8342e-07,0.000203667
TNFAIP8L1,4195.33,4172.67,8368.00,1,6.29842e-06,0.000100016
SLC17A5,4259.33,4109.00,8368.33,1,5.61671e-06,0.000100023
CCDC85A,3676.00,4692.33,8368.33,1,1.74976e-05,9.9953e-05
SNORD89,4087.00,4282.00,8369.00,1,7.85216e-06,9.99576e-05
ANO1,3899.33,4470.33,8369.67,1,2.43228e-06,0.000159824
EEF1A1,4656.33,3714.33,8370.67,1,5.25859e-07,0.000221329
DNAJC15,5000.67,3370.00,8370.67,1,4.40626e-10,0.000427639
RPL22L1,4930.67,3440.00,8370.67,2,7.28246e-07,0.00016315
NREP,4712.00,3659.33,8371.33,1,4.21453e-07,0.000229715
AGFG1,4077.33,4294.33,8371.67,1,7.95067e-06,9.9956e-05
MIA3,4120.00,4251.67,8371.67,1,7.54241e-06,9.99636e-05
HRSP12,4055.67,4316.33,8372.00,1,1.85397e-06,0.000168959
ZNF248,4623.33,3749.00,8372.33,1,3.95264e-06,0.000100062
EPB41L4B,4348.00,4024.67,8372.67,1,1.09186e-06,0.00018841
FAM160B1,4032.00,4341.00,8373.00,1,1.91326e-06,0.000167657
LOC101928198,4316.00,4057.33,8373.33,1,1.16339e-06,0.000186
HOXB5,3959.00,4414.67,8373.67,2,1.25871e-06,0.00011252
MTX3,4433.67,3940.00,8373.67,1,5.23343e-06,0.000100018
TNS3,4653.33,3721.00,8374.33,1,5.3029e-07,0.000220466
CRAMP1L,4507.00,3867.33,8374.33,1,7.84177e-07,0.00020298
NOC3L,4307.00,4067.67,8374.67,2,2.91913e-06,9.99211e-05
MINOS1,3861.33,4513.67,8375.00,1,1.18535e-05,9.99767e-05
GK5,4737.67,3639.00,8376.67,1,3.25845e-06,0.000100096
EZR,4937.00,3440.33,8377.33,1,8.55367e-08,0.000313093
ZC3H7A,4394.00,3983.67,8377.67,1,5.46988e-06,0.000100012
BBC3,4850.00,3527.67,8377.67,1,2.10639e-07,0.000263817
ATP13A5,4097.00,4281.00,8378.00,1,7.59829e-06,0.000100004
ZNF7,4808.33,3569.67,8378.00,1,2.72857e-07,0.000251296
XRCC6,4606.67,3771.33,8378.00,1,4.05875e-06,0.000100056
SLC12A2,4828.33,3549.67,8378.00,2,1.52712e-07,0.000144066
CAMK1D,4405.00,3973.33,8378.33,1,4.16841e-06,0.00010004
TBL2,4003.33,4375.33,8378.67,1,2.01647e-06,0.000165344
WHAMMP2,4409.00,3969.67,8378.67,1,5.39751e-06,0.000100014
TMEM69,4157.00,4221.67,8378.67,1,7.20039e-06,9.99683e-05
MAP4K4,4557.33,3822.00,8379.33,1,4.39826e-06,0.000100045
HERC2,4505.67,3873.67,8379.33,1,7.84944e-07,0.000202108
ZBTB44,4522.00,3858.67,8380.67,1,4.6405e-06,0.000100037
TBCCD1,4050.00,4330.67,8380.67,1,8.25113e-06,9.99498e-05
SLC35E1,4288.67,4092.67,8381.33,1,6.21344e-06,9.99925e-05
APBB1IP,4022.00,4360.67,8382.67,1,1.95124e-06,0.000166416
STK4,4527.67,3856.33,8384.00,1,4.61051e-06,0.000100037
FAM168A,4684.00,3700.00,8384.00,1,3.59667e-06,0.000100077
C16orf72,4067.00,4318.33,8385.33,1,8.03561e-06,9.99512e-05
CCDC138,4407.00,3978.67,8385.67,1,4.15324e-06,0.00010004
SLC4A11,4465.67,3921.00,8386.67,2,7.8764e-07,0.000146134
MPHOSPH8,3625.67,4762.00,8387.67,1,4.08677e-06,0.000143128
DR1,4618.00,3769.67,8387.67,1,3.98884e-06,0.000100056
CELSR2,4922.67,3465.00,8387.67,1,1.05202e-07,0.000294873
MMP25,4124.33,4264.00,8388.33,2,1.10033e-06,0.000127499
STARD3,4748.33,3640.00,8388.33,1,3.58925e-07,0.000233812
MAP2K1,3809.00,4580.00,8389.00,2,5.07705e-06,9.98927e-05
CDIPT,4729.00,3660.00,8389.00,1,3.30795e-06,0.000100089
RP11-73M18.8,4455.00,3934.33,8389.33,1,5.08584e-06,0.00010002
SLC25A30,4659.00,3730.67,8389.67,1,5.22744e-07,0.000219039
CCND3,4348.67,4041.33,8390.00,1,4.64262e-06,0.000100031
MARK3,4741.33,3649.00,8390.33,1,3.22779e-06,0.000100093
CELF5,4424.33,3966.33,8390.67,1,3.99467e-06,0.000100041
HDHD3,4427.00,3965.00,8392.00,1,9.31665e-07,0.000193335
MED31,4378.33,4014.00,8392.33,1,5.57008e-06,0.000100007
HLCS,4451.67,3940.67,8392.33,1,3.77068e-06,0.000100045
ANXA6,4362.00,4031.00,8393.00,1,1.06814e-06,0.000187698
FABP5,4598.33,3795.33,8393.67,1,6.33119e-07,0.000210805
EFCAB4A,4352.00,4042.00,8394.00,1,1.08469e-06,0.000187095
POLR2K,3519.00,4875.33,8394.33,1,5.36985e-06,0.000134865
KIAA0226,4820.67,3574.00,8394.67,1,2.52287e-07,0.00024974
RAB1A,4274.67,4120.00,8394.67,1,1.25913e-06,0.000181751
SCAF11,4443.33,3952.00,8395.33,1,5.17857e-06,0.000100016
ACSL6,4900.00,3495.33,8395.33,1,1.38044e-07,0.000277421
YME1L1,4374.67,4021.00,8395.67,1,1.04196e-06,0.000188665
NEK1,4683.67,3712.00,8395.67,1,3.59716e-06,0.000100073
ZNRF2,4798.33,3598.00,8396.33,1,2.84612e-07,0.000243409
SFXN1,4607.67,3788.67,8396.33,1,4.05475e-06,0.000100051
TMBIM4,3807.00,4589.67,8396.67,1,2.86225e-06,0.00015349
SSH1,3794.67,4603.00,8397.67,1,2.91883e-06,0.000152583
FBXW8,4503.67,3894.00,8397.67,1,3.301e-06,0.000100052
ABHD4,4275.00,4122.67,8397.67,1,1.25783e-06,0.000181481
HARBI1,4434.67,3963.67,8398.33,1,3.91461e-06,0.000100042
PIBF1,4139.33,4259.33,8398.67,1,1.60364e-06,0.000172283
ZNF318,4459.00,3940.33,8399.33,1,3.69737e-06,0.000100045
BTBD7,4712.67,3686.67,8399.33,1,3.41771e-06,0.000100081
NGLY1,4171.67,4227.67,8399.33,2,3.45776e-06,9.99291e-05
CDH19,3514.33,4885.33,8399.67,1,2.64132e-05,9.99101e-05
INTS10,3860.67,4539.00,8399.67,1,1.03223e-05,9.99092e-05
FABP6,4559.33,3840.33,8399.67,2,5.57533e-07,0.000142501
PRDX3,4224.00,4176.33,8400.33,1,1.38929e-06,0.000177591
KIAA1430,3834.33,4566.67,8401.00,1,2.73481e-06,0.000154747
RPL27AP,4997.33,3403.67,8401.00,1,5.14441e-09,0.00035633
VPS36,4637.00,3764.33,8401.33,1,5.59248e-07,0.000214851
OSBPL9,4352.33,4049.67,8402.00,1,5.7324e-06,9.99998e-05
MAATS1,3521.67,4880.67,8402.33,1,2.57727e-05,9.9911e-05
CWC22,4656.00,3746.67,8402.67,1,3.75269e-06,0.000100062
FUNDC1,4561.67,3841.33,8403.00,2,4.96123e-07,0.00013306
C16orf52,4780.00,3623.67,8403.67,1,2.91543e-06,0.000100102
ISOC1,4184.33,4219.33,8403.67,1,6.94718e-06,9.99691e-05
KCTD15,4348.33,4056.00,8404.33,1,1.09175e-06,0.000186154
ALG2,4817.67,3587.00,8404.67,1,2.59892e-07,0.000245785
ENTPD5,4930.00,3475.00,8405.00,1,9.73383e-08,0.000289208
ARHGEF39,4151.00,4254.00,8405.00,1,1.57329e-06,0.000172675
SMAD2,4792.00,3613.33,8405.33,1,2.82174e-06,0.000100107
ZC3HAV1L,4219.67,4186.00,8405.67,1,1.39894e-06,0.000176877
FKBP7,4677.33,3729.33,8406.67,1,3.63439e-06,0.000100067
RABEP1,4222.33,4184.33,8406.67,1,6.67441e-06,9.99762e-05
BLVRA,4498.00,3908.67,8406.67,2,1.63586e-06,0.000115705
C3orf70,4268.00,4139.33,8407.33,2,1.53752e-06,0.000114282
HELQ,4756.33,3652.00,8408.33,1,3.12331e-06,0.000100092
SIGLEC15,4254.67,4154.00,8408.67,1,1.3186e-06,0.00017918
RCBTB2,4945.33,3464.00,8409.33,1,7.73815e-08,0.000296097
CWC27,4408.00,4001.67,8409.67,1,5.40083e-06,0.000100009
LRCH3,4703.00,3707.00,8410.00,1,3.48951e-06,0.000100075
TTC39C,4432.67,3977.67,8410.33,2,2.51044e-06,9.993e-05
MARCH5,4093.00,4317.67,8410.67,1,7.778e-06,9.99515e-05
EPAS1,4051.00,4360.33,8411.33,1,1.86212e-06,0.000166446
CSRNP3,3480.00,4931.67,8411.67,1,2.97775e-05,9.9889e-05
RP11-1191J2.5,4200.33,4211.67,8412.00,1,6.25886e-06,0.000100011
HRCT1,3909.33,4504.00,8413.33,1,2.38352e-06,0.000158215
PSMD9,3761.33,4653.00,8414.33,1,3.11462e-06,0.000149489
ABCD3,4227.33,4187.33,8414.67,1,1.38059e-06,0.000176753
HPX,4629.00,3786.00,8415.00,1,5.74691e-07,0.000211876
PDS5B,4459.00,3956.33,8415.33,1,8.63219e-07,0.000194038
CSTF3,4544.67,3871.33,8416.00,1,4.48743e-06,0.000100033
FAM167B,3995.33,4420.67,8416.00,1,2.04035e-06,0.000162785
PYROXD1,4583.67,3833.67,8417.33,1,4.23253e-06,0.000100042
UBE2D4,4214.33,4203.67,8418.00,1,6.10834e-06,0.000100012
PLCG2,3574.00,4844.33,8418.33,1,4.64103e-06,0.000137395
LMBRD1,4492.67,3926.33,8419.00,1,4.8455e-06,0.000100021
CAMTA1,4636.00,3783.33,8419.33,1,3.87158e-06,0.000100053
AAMDC,4642.00,3777.67,8419.67,1,5.52001e-07,0.000213091
MIR34A,4746.67,3673.00,8419.67,1,3.18756e-06,0.000100085
PPP1R2,4929.67,3491.00,8420.67,1,9.7869e-08,0.000279104
EBAG9,4269.00,4152.00,8421.00,1,6.32799e-06,9.9982e-05
BVES,3945.00,4476.33,8421.33,1,1.00002e-05,9.99808e-05
FAM102A,4739.33,3682.33,8421.67,1,3.79689e-07,0.000226219
ATRAID,4752.33,3669.33,8421.67,1,3.15637e-06,0.000100087
ZNF282,4566.00,3856.00,8422.00,1,2.77572e-06,0.000100058
GRPEL1,4570.00,3852.67,8422.67,1,2.76014e-06,0.000100059
C11orf30,4714.00,3709.00,8423.00,1,3.39993e-06,0.000100074
PTPN3,4364.33,4059.67,8424.00,1,4.53092e-06,0.000100029
ZNF143,4259.00,4165.00,8424.00,1,6.42138e-06,9.99793e-05
MFAP1,4169.00,4256.67,8425.67,1,7.10181e-06,9.99622e-05
EPG5,4395.33,4030.67,8426.00,1,5.46345e-06,0.000100003
NPM3,4908.00,3518.67,8426.67,1,1.28252e-07,0.00026781
ABRACL,3706.00,4720.67,8426.67,1,3.47119e-06,0.000145347
ACTL6A,3594.33,4832.67,8427.00,1,4.42359e-06,0.000138193
ATXN1,4726.67,3700.67,8427.33,1,3.31821e-06,0.000100077
SMAD5,4545.00,3882.67,8427.67,1,4.48206e-06,0.000100031
RPRD2,4471.00,3956.67,8427.67,1,3.60592e-06,0.000100043
AK1,4572.33,3855.33,8427.67,1,2.74235e-06,0.000100058
E2F6,4351.67,4076.33,8428.00,1,5.74256e-06,9.99953e-05
TMEM167B,4788.00,3640.00,8428.00,1,2.85256e-06,0.000100096
BEND6,4725.33,3702.67,8428.00,1,3.34102e-06,0.000100076
JMJD7,4072.67,4356.00,8428.67,1,7.92509e-06,9.99943e-05
TMEM107,4615.00,3814.00,8429.00,2,1.78927e-06,0.000116746
RIMS2,4619.00,3810.67,8429.67,1,2.34705e-06,0.000100067
DDX24,4589.33,3841.33,8430.67,1,4.17579e-06,0.000100041
WWC3,4172.00,4259.00,8431.00,1,7.06345e-06,9.99616e-05
CCDC85B,4966.67,3465.33,8432.00,1,4.74991e-08,0.000294846
OASL,4458.00,3975.00,8433.00,2,1.20217e-06,0.000119358
ZNF670,4458.33,3975.00,8433.33,1,5.07083e-06,0.000100013
TMEM110,4266.00,4167.67,8433.67,1,5.51069e-06,0.000100017
YTHDC2,3956.00,4477.67,8433.67,1,9.27285e-06,9.99218e-05
KRT18,4191.67,4242.00,8433.67,1,1.4604e-06,0.000173375
KIAA0196,4242.33,4191.67,8434.00,1,6.53689e-06,9.99748e-05
CNOT2,4007.00,4427.00,8434.00,1,2.00438e-06,0.000162472
FAM171B,4532.67,3901.33,8434.00,1,7.3983e-07,0.000199142
OVGP1,4446.33,3988.00,8434.33,1,3.81019e-06,0.000100038
FAM104B,3885.67,4549.00,8434.67,1,9.97726e-06,9.99074e-05
ZNF35,4352.33,4082.33,8434.67,1,4.6186e-06,0.000100026
CRNKL1,3768.33,4667.00,8435.33,1,1.18581e-05,9.98806e-05
SKP1,4699.67,3735.67,8435.33,1,3.51874e-06,0.000100065
SEMA4F,4798.33,3637.33,8435.67,1,1.16148e-06,0.000100119
MTFR1L,4698.67,3737.33,8436.00,1,3.52509e-06,0.000100065
TPR,4794.33,3643.00,8437.33,1,2.81473e-06,0.000100095
NR2C1,4475.33,3962.00,8437.33,1,4.94939e-06,0.000100015
GPATCH2L,4662.00,3775.67,8437.67,1,3.70497e-06,0.000100055
DRAM2,4296.33,4141.33,8437.67,1,6.18145e-06,9.9984e-05
TMEM218,4499.67,3938.00,8437.67,1,4.799e-06,0.000100019
AIDA,4524.67,3913.33,8438.00,1,4.62524e-06,0.000100024
AEN,4185.33,4253.67,8439.00,1,6.43054e-06,0.000100006
NADK2,4562.33,3877.33,8439.67,1,4.37484e-06,0.000100032
LGMN,4369.67,4070.33,8440.00,1,5.62948e-06,9.99964e-05
CD34,3566.00,4874.67,8440.67,1,2.2817e-05,9.99127e-05
SNX14,4267.00,4174.33,8441.33,1,6.35157e-06,9.99778e-05
NDEL1,4929.33,3512.33,8441.67,1,9.81485e-08,0.000269862
PIGV,4420.00,4022.00,8442.00,1,5.31988e-06,0.000100005
RAB3A,4236.33,4206.00,8442.33,1,1.35904e-06,0.000175674
CANX,4150.00,4292.33,8442.33,1,1.57638e-06,0.000170308
BTF3L4,4723.67,3718.67,8442.33,1,3.35495e-06,0.00010007
PCNXL4,4046.00,4397.33,8443.33,1,1.87333e-06,0.000164291
ANKRA2,4638.00,3807.67,8445.67,1,3.83899e-06,0.000100048
ZNF518B,4816.33,3629.67,8446.00,1,2.61302e-07,0.000235689
HBS1L,4755.67,3690.33,8446.00,1,3.13e-06,0.00010008
SOX10,4476.67,3969.67,8446.33,1,8.32029e-07,0.000192952
MZT1,4696.00,3751.00,8447.00,1,4.46869e-07,0.000216415
SP100,4672.67,3774.33,8447.00,1,3.65123e-06,0.000100055
HDAC2,4128.33,4319.33,8447.67,1,1.64041e-06,0.000168853
SRSF7,3742.00,4706.00,8448.00,1,3.22671e-06,0.000146247
ZNF584,4507.33,3941.00,8448.33,1,3.26009e-06,0.000100045
BCL2L14,4424.00,4024.33,8448.33,1,9.37321e-07,0.00018842
ZC3H15,4288.33,4160.67,8449.00,1,1.23088e-06,0.000178708
PFAS,4430.33,4018.67,8449.00,1,3.95336e-06,0.000100034
PAK4,4593.33,3855.67,8449.00,1,6.40192e-07,0.000204049
KLHL42,4681.33,3768.00,8449.33,1,3.62348e-06,0.000100057
CRYL1,4481.67,3968.67,8450.33,1,8.23749e-07,0.00019301
FERMT3,4614.00,3836.33,8450.33,1,2.38836e-06,0.000100062
CAMSAP3,4109.00,4342.33,8451.33,1,1.69997e-06,0.000167591
MYL9,4693.00,3759.00,8452.00,1,4.55581e-07,0.000215443
DOCK10,4664.67,3787.33,8452.00,2,1.60089e-06,9.99587e-05
HEXIM1,4662.67,3789.33,8452.00,1,3.70312e-06,0.000100051
NFKBIA,4072.00,4380.33,8452.33,1,1.80648e-06,0.000165123
LOC647070,4238.67,4213.67,8452.33,1,5.84016e-06,0.000100011
IKZF4,4179.33,4274.00,8453.33,1,6.51562e-06,0.000100004
SRSF3,4778.00,3677.00,8455.00,1,3.13037e-07,0.00022671
CD47,4716.33,3739.00,8455.33,1,3.38784e-06,0.000100064
DENND6A,4781.00,3674.67,8455.67,1,2.90075e-06,0.000100084
UPF3B,4995.33,3460.67,8456.00,1,8.60713e-09,0.000297703
TTC9C,4888.67,3567.67,8456.33,1,2.02281e-06,0.000100127
LOC101927705,4213.33,4243.33,8456.67,1,1.41084e-06,0.000173342
S100A4,4503.00,3954.00,8457.00,1,7.88456e-07,0.00019415
C12orf66,4807.00,3650.67,8457.67,2,9.88744e-07,9.99617e-05
ZNF565,4454.67,4003.33,8458.00,1,5.09088e-06,0.000100008
HEATR5A,4018.67,4442.33,8461.00,2,4.06792e-06,9.99056e-05
ANKDD1A,3550.00,4911.00,8461.00,1,2.39726e-05,9.98997e-05
hsa-let-7a-3,4871.67,3589.33,8461.00,1,1.7914e-07,0.000245307
LOC100133315,4654.67,3806.33,8461.00,1,2.05577e-06,0.000100068
ANKRD13C,4577.33,3883.67,8461.00,1,4.26481e-06,0.00010003
CASP8,4594.33,3867.00,8461.33,1,2.57986e-06,0.000100056
KLHDC4,4453.33,4008.00,8461.33,1,3.7556e-06,0.000100036
EAF1,4168.00,4293.67,8461.67,1,7.10603e-06,9.99562e-05
JARID2,4635.67,3826.33,8462.00,1,5.61587e-07,0.000207091
CHTF18,4277.00,4185.33,8462.33,1,5.40045e-06,0.000100014
TWISTNB,4646.67,3816.33,8463.00,1,5.41531e-07,0.00020831
FAM210A,4628.33,3835.00,8463.33,1,2.26883e-06,0.000100062
ZNF585A,4412.67,4050.67,8463.33,1,5.37637e-06,9.99997e-05
PHF13,4637.00,3826.67,8463.67,1,3.85663e-06,0.000100043
PELO,4315.00,4148.67,8463.67,1,1.16654e-06,0.000179463
LINC01296,4578.00,3886.33,8464.33,2,1.45074e-06,0.000120874
SLC25A38,4383.67,4081.00,8464.67,1,4.36116e-06,0.000100026
USP13,4333.33,4133.00,8466.33,1,5.89247e-06,9.99849e-05
TMEM261,4099.67,4366.67,8466.33,1,7.58434e-06,9.99932e-05
SPATC1L,3702.67,4763.67,8466.33,1,3.49639e-06,0.000143016
C5orf51,3882.33,4584.67,8467.00,1,2.49906e-06,0.000153718
KIAA0247,4481.00,3986.67,8467.67,1,4.92763e-06,0.000100012
CENPU,4872.00,3596.00,8468.00,1,1.78226e-07,0.000243652
DPH1,4096.00,4372.00,8468.00,1,7.60425e-06,9.99925e-05
ATP11A,4528.00,3940.00,8468.00,1,3.07051e-06,0.000100045
SERAC1,4596.33,3872.00,8468.33,1,4.12405e-06,0.000100033
CDR2L,4527.00,3942.00,8469.00,1,4.61531e-06,0.000100018
COMMD8,4274.33,4194.67,8469.00,1,6.30067e-06,9.99739e-05
SPIN3,3691.00,4778.33,8469.33,2,6.15773e-06,9.98306e-05
GOLPH3,4321.67,4147.67,8469.33,1,6.00473e-06,9.9983e-05
DCLRE1C,4650.00,3819.67,8469.67,1,3.77603e-06,0.000100045
FHOD1,3852.33,4617.67,8470.00,1,1.20304e-05,9.99646e-05
ZCCHC3,4238.67,4231.67,8470.33,1,1.354e-06,0.000173965
ALDH9A1,4650.33,3820.33,8470.67,1,3.77507e-06,0.000100045
TNS4,4469.33,4001.67,8471.00,1,8.45371e-07,0.000190107
MSRB2,4205.00,4266.00,8471.00,1,6.80293e-06,9.99605e-05
GDF2,4500.33,3971.33,8471.67,1,7.9214e-07,0.000192804
UBE2D3,3982.00,4489.67,8471.67,1,2.08517e-06,0.000158845
MICALL2,4714.33,3758.00,8472.33,1,1.66631e-06,0.00010008
NMNAT3,3895.00,4577.33,8472.33,1,2.44586e-06,0.000154016
HAUS5,4337.67,4134.67,8472.33,1,5.84906e-06,9.99846e-05
LINC00997,4115.67,4357.00,8472.67,1,7.33347e-06,9.99941e-05
STK3,4790.67,3682.33,8473.00,1,2.82911e-06,0.000100082
AAED1,4573.67,3899.67,8473.33,1,4.29876e-06,0.000100027
DHRS1,4835.00,3638.67,8473.67,1,2.53866e-06,0.000100096
GAREML,4437.00,4036.67,8473.67,1,3.88778e-06,0.000100031
EIF4A2,4836.67,3637.00,8473.67,1,2.29246e-07,0.00023435
TMEM161B-AS1,4075.00,4398.67,8473.67,2,3.75916e-06,9.99113e-05
RPL17,3734.00,4740.00,8474.00,1,3.27321e-06,0.000144253
PBLD,4293.67,4180.33,8474.00,1,1.21871e-06,0.000177337
ARPC5,4242.00,4232.33,8474.33,1,1.34669e-06,0.000173929
PNPLA4,4637.33,3838.00,8475.33,1,2.20379e-06,0.000100062
EXOC3,3750.67,4726.67,8477.33,1,1.47984e-05,9.99476e-05
TRAK1,4622.00,3855.67,8477.67,1,2.31904e-06,0.000100058
FAM118B,4024.33,4453.33,8477.67,1,8.51969e-06,9.99264e-05
SNTB2,4552.67,3925.33,8478.00,1,7.10168e-07,0.000196682
SEC31A,4635.00,3843.33,8478.33,1,3.87612e-06,0.00010004
MFGE8,4903.67,3574.67,8478.33,1,1.33347e-07,0.000249587
UACA,4302.67,4176.00,8478.67,1,6.13386e-06,9.99776e-05
FOXC2,4190.33,4289.00,8479.33,2,7.95073e-07,0.00011981
AP3S1,4555.33,3924.67,8480.00,1,4.41535e-06,0.000100022
ZNF763,4587.00,3893.67,8480.67,1,6.50695e-07,0.000200233
XAGE2,3966.00,4515.33,8481.33,1,9.57435e-06,9.99766e-05
CAPZB,4704.67,3776.67,8481.33,1,4.34362e-07,0.000213284
KIAA0125,4525.00,3957.33,8482.33,1,3.08774e-06,0.000100043
GOLGA5,4439.00,4043.33,8482.33,1,5.19646e-06,0.000100001
ZNF445,4101.33,4381.33,8482.67,1,7.56109e-06,9.99913e-05
LINC00963,4112.33,4371.33,8483.67,1,7.38599e-06,9.99926e-05
MBTD1,4824.33,3659.33,8483.67,1,2.61088e-06,0.00010009
GTF2B,3670.00,4814.00,8484.00,1,1.37123e-05,9.98362e-05
IARS2,4388.00,4096.33,8484.33,1,5.51734e-06,9.99913e-05
CDKN2A,4485.67,3998.67,8484.33,1,8.19567e-07,0.000190413
TMEM108,4542.00,3942.33,8484.33,1,2.97605e-06,0.000100044
GUSBP1,3902.67,4582.00,8484.67,2,4.45682e-06,9.98908e-05
SH3BP5-AS1,4199.00,4285.67,8484.67,1,6.85142e-06,9.99571e-05
ZNF514,4687.00,3798.00,8485.00,2,1.14347e-06,0.000114554
CBS,3943.00,4542.00,8485.00,1,2.24371e-06,0.00015612
LINC00260,4763.33,3723.00,8486.33,1,3.05466e-06,0.000100069
CYP20A1,4633.00,3853.67,8486.67,1,2.24023e-06,0.000100058
FUT6,4409.67,4077.00,8486.67,1,9.68431e-07,0.000184661
KPNA2,3739.00,4748.33,8487.33,1,3.23607e-06,0.000143772
IGKC,4740.00,3748.33,8488.33,1,3.79066e-07,0.00021679
TECPR1,3716.67,4772.33,8489.00,1,1.5907e-05,9.9939e-05
IL1RAP,3810.00,4679.33,8489.33,2,4.84402e-06,9.9872e-05
PPP3CC,3539.33,4950.00,8489.33,1,5.08785e-06,0.000128345
LOC102724312,4696.67,3792.67,8489.33,1,1.77274e-06,0.00010007
PGD,4724.00,3765.33,8489.33,1,4.01303e-07,0.00021475
EPS8L2,4146.33,4343.33,8489.67,2,1.6807e-06,0.000123296
SETD3,4113.33,4376.33,8489.67,1,1.68233e-06,0.000165308
TAGLN,4661.67,3828.67,8490.33,1,5.19166e-07,0.000206712
ZNF605,4076.67,4413.67,8490.33,1,1.79226e-06,0.000163081
TBXAS1,4500.67,3990.00,8490.67,1,3.31712e-06,0.000100038
ADAMTS17,4343.67,4147.33,8491.00,1,4.67218e-06,0.000100019
ACADM,4615.67,3875.33,8491.00,1,3.99939e-06,0.000100032
CDHR2,4873.67,3618.00,8491.67,1,1.75592e-07,0.000238555
ERN2,4289.67,4202.00,8491.67,1,1.23012e-06,0.000175822
FZD2,3949.33,4543.33,8492.67,2,4.47549e-06,9.98924e-05
CCNG2,4741.67,3751.67,8493.33,1,3.74234e-07,0.000216378
HLA-E,4702.67,3791.33,8494.00,1,3.4901e-06,0.000100051
TMEM59,4532.00,3963.33,8495.33,1,4.57223e-06,0.000100015
LOC100129034,4370.67,4124.67,8495.33,1,1.04951e-06,0.000181334
UBN1,4610.33,3886.00,8496.33,1,4.04172e-06,0.00010003
TRAF5,4992.33,3504.33,8496.67,1,1.12724e-08,0.000273373
DOK3,4688.67,3808.00,8496.67,1,1.81728e-06,0.000100068
CEP135,4849.67,3647.33,8497.00,1,2.39408e-06,0.000100094
MIPEPP3,4441.67,4055.67,8497.33,1,3.84053e-06,0.000100029
PLEKHG6,4569.00,3928.33,8497.33,1,6.81137e-07,0.000196105
WDFY2,4638.67,3859.67,8498.33,1,3.83435e-06,0.000100036
OGFOD3,4336.33,4162.33,8498.67,1,4.73188e-06,0.000100017
HSPBAP1,4281.33,4219.00,8500.33,1,6.25818e-06,9.99692e-05
C5orf56,3641.33,4859.33,8500.67,1,3.97957e-06,0.000136233
ZNF630,4427.00,4073.67,8500.67,1,3.9768e-06,0.000100027
CST3,4377.33,4123.67,8501.00,1,1.0359e-06,0.00018137
RGS16,3983.67,4517.67,8501.33,1,2.07999e-06,0.00015748
TMEM33,4232.00,4269.67,8501.67,1,6.60024e-06,9.99595e-05
STRA6,4718.33,3783.67,8502.00,1,1.63785e-06,0.000100073
CSNK2B,4666.33,3836.67,8503.00,1,5.06948e-07,0.000206027
ITM2C,4845.67,3657.67,8503.33,1,2.16922e-07,0.000229855
TBC1D23,4276.00,4228.00,8504.00,1,6.28901e-06,9.99675e-05
COA3,4548.33,3956.00,8504.33,1,7.16411e-07,0.000194074
ELOVL6,4887.00,3617.33,8504.33,2,1.30375e-07,0.000134619
CTDSP2,4175.00,4330.00,8505.00,1,6.55326e-06,9.99976e-05
HELLS,4098.33,4407.33,8505.67,1,1.73101e-06,0.000163654
MAGOHB,4099.67,4406.00,8505.67,1,1.72798e-06,0.00016372
PPIC,4305.00,4201.00,8506.00,1,6.11281e-06,9.99722e-05
POC5,3900.00,4607.00,8507.00,2,4.33648e-06,9.98723e-05
YIPF6,4224.67,4283.00,8507.67,1,6.65985e-06,9.99573e-05
COG2,4541.67,3966.33,8508.00,1,4.50701e-06,0.000100014
AGAP11,4304.33,4204.67,8509.00,1,1.18843e-06,0.000175722
CCDC28A,4401.67,4108.33,8510.00,1,5.43779e-06,9.99892e-05
LOC100996792,3972.67,4537.33,8510.00,1,9.48393e-06,9.99742e-05
INSIG2,4741.67,3768.67,8510.33,1,3.2274e-06,0.000100057
ZSCAN26,4887.00,3623.33,8510.33,1,2.04205e-06,0.000100103
POLR2B,4936.33,3574.33,8510.67,1,1.42397e-06,0.000100125
AC009120.6,4337.00,4174.00,8511.00,1,4.72913e-06,0.000100016
PAPPA,3901.00,4610.00,8511.00,1,1.09367e-05,9.99655e-05
CREB3L2,4501.00,4011.00,8512.00,1,7.91208e-07,0.00018965
PRPF4B,4291.67,4221.33,8513.00,1,6.20591e-06,9.99684e-05
DUSP22,4754.00,3759.00,8513.00,1,3.15263e-06,0.000100059
NEK11,4438.33,4074.67,8513.00,1,3.86805e-06,0.000100027
DLK1,4615.67,3897.33,8513.00,1,2.37113e-06,0.000100051
LOC374443,4354.67,4158.33,8513.00,1,5.71757e-06,9.99805e-05
USP45,4704.67,3808.33,8513.00,1,3.47849e-06,0.000100048
ZNF33A,4658.00,3855.33,8513.33,1,3.74708e-06,0.000100037
MAK16,4109.67,4404.00,8513.67,1,7.62628e-06,9.99369e-05
CDRT4,4642.67,3871.00,8513.67,1,3.81734e-06,0.000100033
ZNF844,3754.00,4760.33,8514.33,1,1.47421e-05,9.99415e-05
VWA8,4470.00,4044.33,8514.33,1,3.61466e-06,0.000100031
PIKFYVE,3624.67,4889.67,8514.33,1,4.09349e-06,0.000133594
FAIM3,4339.33,4176.00,8515.33,1,4.71569e-06,0.000100015
SLC4A8,4847.00,3668.67,8515.67,1,8.93798e-07,0.000100106
SLC5A6,4545.67,3970.00,8515.67,1,7.20671e-07,0.000192928
LOC286161,3918.67,4597.33,8516.00,1,9.66852e-06,9.98958e-05
ZNF182,4898.33,3618.00,8516.33,1,1.90945e-06,0.000100106
DHX9,4215.67,4301.33,8517.00,1,6.73977e-06,9.99548e-05
TMEM191A,4316.33,4201.00,8517.33,1,1.16231e-06,0.000175909
MXRA5,4195.67,4323.33,8519.00,2,1.9917e-06,0.000126694
TNRC6B,4676.33,3844.00,8520.33,1,3.63765e-06,0.00010004
RAB3IL1,4687.67,3832.67,8520.33,1,1.8276e-06,0.000100063
SMARCE1,3773.33,4747.33,8520.67,1,1.17663e-05,9.98606e-05
LRRC8B,4473.00,4048.00,8521.00,1,4.96323e-06,0.0001
LOC101929910,4283.67,4237.33,8521.00,1,1.24174e-06,0.000173517
COPS4,4861.33,3660.00,8521.33,1,1.95163e-07,0.0002297
ZNF250,3800.00,4721.33,8521.33,2,4.92243e-06,9.98565e-05
GPRIN2,3884.67,4637.33,8522.00,1,1.13719e-05,9.99612e-05
LEMD3,4707.00,3815.00,8522.00,1,3.45272e-06,0.000100046
RPL13,4782.33,3740.33,8522.67,1,3.0914e-07,0.000217735
C18orf8,4547.67,3975.00,8522.67,1,7.18105e-07,0.000192515
CHD2,4687.00,3836.00,8523.00,1,3.58461e-06,0.000100042
GPR39,4512.33,4011.33,8523.67,1,3.18762e-06,0.000100036
RP1-102H19.8,4910.67,3613.67,8524.33,1,1.76974e-06,0.000100107
AF090939,4555.67,3969.00,8524.67,1,4.41497e-06,0.000100014
PCED1A,4916.33,3608.67,8525.00,1,1.13349e-07,0.000240793
CD27,4879.67,3645.33,8525.00,1,1.68916e-07,0.000232359
TRMT10B,4767.67,3757.67,8525.33,1,3.02005e-06,0.000100059
C12orf43,4745.67,3780.33,8526.00,1,1.48268e-06,0.000100074
ADAMTS18,4250.00,4276.00,8526.00,1,5.69546e-06,0.000100004
ZNF18,4425.67,4100.33,8526.00,1,3.987e-06,0.000100023
WDTC1,4468.67,4057.67,8526.33,1,3.62349e-06,0.000100029
PRMT6,3799.00,4727.67,8526.67,1,2.90785e-06,0.000144992
IGH,4670.00,3857.00,8527.00,1,4.99252e-07,0.000203952
CEND1,4713.33,3813.67,8527.00,1,4.20074e-07,0.000208565
N4BP2,4543.00,3984.00,8527.00,1,4.50055e-06,0.000100012
AAK1,4851.00,3676.33,8527.33,1,2.09548e-07,0.000226867
MGAT5,4252.00,4275.67,8527.67,1,1.32083e-06,0.00017123
ZNF3,4411.00,4117.33,8528.33,1,9.63029e-07,0.000182006
GPRIN1,4636.67,3891.67,8528.33,1,5.61358e-07,0.000200465
SRXN1,4916.00,3613.00,8529.00,1,4.92432e-07,0.000100133
TARDBP,3874.33,4655.00,8529.33,2,5.5324e-06,9.98681e-05
CTD-3222D19.5,3965.33,4565.00,8530.33,1,9.57604e-06,9.9971e-05
ZNF783,3985.00,4545.67,8530.67,1,9.29022e-06,9.9973e-05
TADA3,4673.67,3857.33,8531.00,1,4.93306e-07,0.000203926
RAB11B-AS1,3984.33,4547.33,8531.67,1,9.31647e-06,9.99729e-05
TMEM109,4359.67,4172.00,8531.67,1,5.69046e-06,9.99784e-05
CHMP7,3744.33,4787.67,8532.00,1,1.2415e-05,9.98479e-05
THOC2,4547.33,3985.00,8532.33,2,2.02116e-06,9.99491e-05
FLVCR2,4062.67,4469.67,8532.33,1,8.08616e-06,9.99815e-05
DIXDC1,4970.00,3562.33,8532.33,1,4.49862e-08,0.000252813
CTC-338M12.4,4132.33,4400.33,8532.67,2,3.52146e-06,9.98925e-05
SLC25A44,3954.33,4578.33,8532.67,1,9.28858e-06,9.99003e-05
ZBED6,4432.67,4100.33,8533.00,2,2.5365e-06,9.99437e-05
BMPR1A,4735.67,3797.33,8533.00,1,3.27009e-06,0.00010005
SOX4,4822.33,3711.00,8533.33,1,2.48219e-07,0.000221785
RSU1,4205.67,4328.00,8533.67,1,1.42871e-06,0.000168366
SOCS5,4832.33,3702.33,8534.67,1,2.55935e-06,0.000100076
TGFBR2,3896.00,4639.00,8535.00,1,1.10169e-05,9.99611e-05
ATP5O,4671.33,3864.00,8535.33,1,4.9746e-07,0.000203272
LOC102724250,4737.33,3798.33,8535.67,1,3.25854e-06,0.000100049
MYBPC1,4245.67,4290.33,8536.00,2,2.57427e-06,0.000117913
CMTM8,4603.33,3933.00,8536.33,2,2.027e-06,9.99373e-05
PAPOLA,4103.33,4433.00,8536.33,1,7.69396e-06,9.99308e-05
ZNF442,4281.67,4255.00,8536.67,1,6.25382e-06,9.99623e-05
EML4,4178.67,4358.33,8537.00,1,6.51759e-06,9.9994e-05
TAP1,3869.67,4667.33,8537.00,2,3.06798e-06,0.000114329
METTL14,4850.33,3687.00,8537.33,1,2.39142e-06,0.000100081
PXDC1,3641.67,4895.67,8537.33,1,1.90422e-05,9.99056e-05
FAM161B,4774.33,3763.67,8538.00,1,2.96379e-06,0.000100058
ALG14,4477.33,4061.33,8538.67,1,8.30231e-07,0.000185678
ANAPC4,4627.00,3911.67,8538.67,1,3.925e-06,0.000100024
TYW5,4714.67,3824.33,8539.00,1,1.66319e-06,0.000100064
CHST14,4631.33,3908.00,8539.33,1,2.24154e-06,0.00010005
MALSU1,4591.33,3948.33,8539.67,1,4.15651e-06,0.000100017
GJA9,4189.33,4350.33,8539.67,1,1.46596e-06,0.000167012
LOC101060181,4615.33,3924.67,8540.00,1,6.01581e-07,0.00019677
RUVBL2,4251.00,4289.00,8540.00,1,1.32213e-06,0.000170505
PNP,4009.00,4531.67,8540.67,2,1.34624e-06,0.000115492
SLC41A2,3872.00,4669.33,8541.33,2,4.68393e-06,9.9853e-05
PHF19,3787.67,4753.67,8541.33,1,2.96599e-06,0.000143486
UBE2Q2,4637.00,3904.33,8541.33,2,7.99677e-07,0.000132274
PPM1B,4673.67,3868.00,8541.67,1,3.64846e-06,0.000100034
SELO,4029.00,4512.67,8541.67,1,8.47665e-06,9.99148e-05
CASD1,4080.33,4461.67,8542.00,1,1.78189e-06,0.000160279
SYTL3,4682.33,3860.33,8542.67,1,3.60854e-06,0.000100036
KPNA5,4732.67,3810.00,8542.67,1,3.2883e-06,0.000100048
TBP,4483.33,4059.67,8543.00,1,4.91269e-06,9.99982e-05
ASH1L,4944.00,3599.67,8543.67,1,1.3065e-06,0.000100114
CGREF1,4537.33,4006.33,8543.67,1,7.34052e-07,0.000189847
WDR20,4679.67,3864.67,8544.33,1,3.62684e-06,0.000100035
TCF20,4193.67,4351.00,8544.67,1,1.45414e-06,0.000166927
CHMP4B,4523.33,4021.67,8545.00,1,7.54344e-07,0.000188643
GATA6-AS1,4144.00,4401.33,8545.33,1,6.93541e-06,9.99893e-05
ELK4,4594.67,3951.67,8546.33,1,6.37992e-07,0.000194315
LOC101929504,4502.00,4045.00,8547.00,1,3.30936e-06,0.00010003
SNTA1,4556.67,3991.33,8548.00,2,1.20089e-06,0.00011935
TMEFF2,4311.00,4237.00,8548.00,1,1.17684e-06,0.000173542
CLDN4,4821.67,3726.33,8548.00,1,2.49629e-07,0.000219797
KCMF1,4707.67,3840.67,8548.33,1,3.44915e-06,0.000100041
TGDS,4318.00,4230.67,8548.67,1,1.15803e-06,0.000174065
ASB3,4042.67,4506.33,8549.00,1,1.87942e-06,0.000158125
IPO9,4573.33,3976.00,8549.33,1,4.29901e-06,0.000100013
USPL1,4595.67,3953.67,8549.33,1,4.1343e-06,0.000100016
RBMS2,3611.67,4937.67,8549.33,1,2.0152e-05,9.98858e-05
SUV420H1,4247.33,4302.33,8549.67,1,6.50307e-06,9.99546e-05
UIMC1,4303.67,4246.00,8549.67,1,6.13059e-06,9.99648e-05
C17orf100,4597.33,3953.67,8551.00,1,2.5542e-06,0.000100043
BHLHE41,3958.33,4593.33,8551.67,1,2.17992e-06,0.000153319
RNASEH2A,4282.00,4271.33,8553.33,1,1.24292e-06,0.000171533
MAP3K10,4691.67,3861.67,8553.33,1,3.56117e-06,0.000100036
PPP2R5A,4588.00,3966.00,8554.00,1,6.49115e-07,0.000193298
GLUL,3991.33,4563.00,8554.33,1,8.86508e-06,9.99036e-05
IFNAR1,4579.67,3974.67,8554.33,1,4.25581e-06,0.000100013
PRKCB,4519.67,4036.00,8555.67,1,3.1183e-06,0.000100031
SEC62,4852.33,3704.00,8556.33,1,2.34466e-06,0.000100076
PHTF2,4279.67,4276.67,8556.33,1,6.27202e-06,9.99585e-05
NAP1L1,4837.33,3719.67,8557.00,1,2.53033e-06,0.00010007
PSMD3,4797.33,3759.67,8557.00,1,2.86297e-07,0.000215362
BANP,4599.33,3958.00,8557.33,1,4.10445e-06,0.000100016
RHBDL2,4132.33,4425.00,8557.33,1,1.63018e-06,0.000162542
EHF,4075.67,4481.67,8557.33,1,1.79542e-06,0.000159296
FXR1,4606.00,3951.33,8557.33,1,4.06201e-06,0.000100017
NSUN3,4117.33,4441.00,8558.33,1,1.66754e-06,0.000161638
NIFK-AS1,4642.33,3916.33,8558.67,1,3.81838e-06,0.000100023
ACP6,4008.00,4551.00,8559.00,1,8.94439e-06,9.99724e-05
NOL4L,4785.00,3774.33,8559.33,1,3.06299e-07,0.000213454
FAM78A,4743.33,3816.67,8560.00,1,3.21113e-06,0.000100046
ZFR,4598.33,3962.67,8561.00,1,4.10993e-06,0.000100015
RNF212,4985.33,3576.00,8561.33,1,2.46097e-08,0.000249264
NSUN4,4781.67,3780.00,8561.67,1,1.27798e-06,0.000100074
CABLES1,3672.00,4889.67,8561.67,1,1.76586e-05,9.99069e-05
RLIM,3915.67,4646.33,8562.00,2,4.48706e-06,9.98804e-05
RBM26,3949.67,4612.33,8562.00,1,2.20923e-06,0.000152098
ZNF469,4052.33,4509.67,8562.00,1,1.86053e-06,0.000157959
UBR3,4486.67,4076.00,8562.67,1,8.17957e-07,0.000184695
DHX15,4146.00,4416.67,8562.67,1,7.29283e-06,9.99343e-05
FBXL14,4962.33,3601.00,8563.33,1,5.36541e-08,0.000242793
NGDN,4556.00,4007.33,8563.33,1,7.04771e-07,0.000189822
BLCAP,4184.67,4378.67,8563.33,1,6.94671e-06,9.99415e-05
LOC100506282,4605.00,3958.33,8563.33,1,6.23419e-07,0.000193952
DHRS7B,4303.00,4261.00,8564.00,1,5.11273e-06,0.000100006
MTPAP,3993.67,4571.00,8564.67,1,8.83864e-06,9.99019e-05
RPLP2P1,3793.67,4771.67,8565.33,1,1.35181e-05,9.99391e-05
C12orf75,4050.00,4515.67,8565.67,2,1.50038e-06,0.00012363
WDR3,4122.00,4443.67,8565.67,1,1.65433e-06,0.000161465
ZBTB9,4909.67,3656.33,8566.00,1,5.42999e-07,0.00010011
KDM6A,4807.67,3759.33,8567.00,1,2.7243e-06,0.000100059
LYPD3,4414.67,4153.00,8567.67,1,4.10576e-06,0.000100018
ERLIN2,4637.00,3932.67,8569.67,1,2.20831e-06,0.000100046
PTTG1IP,4730.67,3839.33,8570.00,1,3.30137e-06,0.000100041
GALNT3,4757.67,3812.67,8570.33,1,3.43094e-07,0.000208733
BTK,4708.67,3862.00,8570.67,1,3.43663e-06,0.000100035
MVD,3633.33,4938.00,8571.33,1,4.03947e-06,0.000130015
UTP6,4736.33,3835.67,8572.00,1,3.85093e-07,0.000206235
PHF10,4810.00,3762.00,8572.00,1,2.71239e-06,0.000100059
SLC31A1,4107.33,4465.00,8572.33,1,7.6456e-06,9.99244e-05
CRTAP,3836.00,4736.33,8572.33,1,1.24287e-05,9.99459e-05
CTD-2619J13.13,4160.67,4412.33,8573.00,1,6.71179e-06,9.99881e-05
FOLH1,4222.00,4351.33,8573.33,1,6.03802e-06,9.99951e-05
MT1E,4190.00,4383.33,8573.33,1,1.46493e-06,0.000164908
PEX11B,4217.67,4357.00,8574.67,1,6.72197e-06,9.99448e-05
FAM161A,3982.33,4592.67,8575.00,2,4.56067e-06,9.98902e-05
USP24,4728.00,3847.33,8575.33,1,3.3118e-06,0.000100039
SACM1L,4652.33,3924.33,8576.67,1,3.77055e-06,0.000100022
ZNF805,4621.67,3955.00,8576.67,1,3.96406e-06,0.000100016
ZNF678,4356.33,4220.67,8577.00,1,5.71021e-06,9.99687e-05
TGFB2,4482.33,4095.00,8577.33,1,4.92231e-06,9.99916e-05
LOC101929072,3948.33,4629.33,8577.67,1,9.94108e-06,9.99629e-05
MRFAP1L1,4574.00,4004.67,8578.67,1,4.29592e-06,0.000100008
ZZZ3,4410.33,4168.33,8578.67,2,2.59365e-06,9.99287e-05
TRIM5,3923.67,4655.33,8579.00,1,2.31977e-06,0.000149406
C7orf63,3633.00,4946.33,8579.33,1,1.94672e-05,9.98811e-05
VPS11,3655.67,4923.67,8579.33,1,1.83437e-05,9.98933e-05
TXLNB,4703.33,3876.33,8579.67,1,3.48435e-06,0.000100032
RABGGTB,4670.00,3909.67,8579.67,1,3.6678e-06,0.000100024
NFIC,4762.33,3819.00,8581.33,1,3.07269e-06,0.000100045
LOC101060275,4620.67,3960.67,8581.33,1,5.93131e-07,0.000193771
MIR6824,4783.00,3798.67,8581.67,1,3.08138e-07,0.000210247
RETSAT,4072.33,4509.33,8581.67,1,7.92513e-06,9.99774e-05
RRAS,4540.00,4042.00,8582.00,1,2.99215e-06,0.000100031
PLAA,4457.33,4124.67,8582.00,1,3.72701e-06,0.000100021
ZYG11B,4872.33,3709.67,8582.00,1,2.17335e-06,0.000100074
ERCC6L2,4492.33,4090.00,8582.33,1,4.84639e-06,9.9993e-05
ADAMTS6,4212.67,4370.00,8582.67,1,6.12474e-06,9.99927e-05
ADCK3,4778.33,3805.00,8583.33,1,3.12869e-07,0.000209575
ANTXR1,4927.00,3656.33,8583.33,1,1.01144e-07,0.000230026
ZNF180,3807.33,4776.33,8583.67,1,1.12155e-05,9.98521e-05
FBXO11,4904.67,3679.00,8583.67,1,1.85595e-06,0.000100083
TMEM14A,4103.67,4480.00,8583.67,1,7.68874e-06,9.99213e-05
ZFYVE26,4830.00,3754.00,8584.00,1,2.56887e-06,0.00010006
NIPA2,4617.33,3967.33,8584.67,1,2.35722e-06,0.000100041
EIF2B5,4238.00,4347.00,8585.00,1,1.3549e-06,0.000167243
KMT2B,4574.00,4011.67,8585.67,1,6.70273e-07,0.000189514
STH,4375.33,4210.67,8586.00,2,5.42502e-07,0.000130791
ATXN1L,4706.67,3879.33,8586.00,1,3.46221e-06,0.000100031
BLOC1S2,3663.33,4923.00,8586.33,1,1.3895e-05,9.97526e-05
TMEM8A,4551.00,4035.33,8586.33,1,2.90302e-06,0.000100032
ZNF485,4714.33,3872.33,8586.67,1,3.39909e-06,0.000100033
ZFX,4965.67,3622.00,8587.67,1,9.63929e-07,0.000100103
SLC25A4,3698.00,4890.33,8588.33,1,3.52347e-06,0.000133581
DNAH7,4053.00,4535.33,8588.33,1,8.24691e-06,9.99747e-05
CPSF7,4633.00,3957.00,8590.00,1,5.67145e-07,0.000194006
EFS,4260.00,4330.67,8590.67,1,1.30474e-06,0.000168172
IRGQ,4688.67,3902.00,8590.67,1,4.64065e-07,0.000199095
PTPRE,3930.00,4661.00,8591.00,1,2.29878e-06,0.00014914
NOTUM,4493.33,4097.67,8591.00,1,8.06657e-07,0.000183324
LRRC47,4820.33,3771.00,8591.33,1,2.642e-06,0.000100056
MIR1304,4845.00,3746.33,8591.33,2,5.21275e-07,0.000122347
BCR,4021.67,4570.67,8592.33,1,8.72231e-06,9.99702e-05
SYNJ1,3997.67,4594.67,8592.33,1,2.03644e-06,0.000153242
NTN1,4833.00,3759.67,8592.67,1,9.55394e-07,0.000100079
TCEAL8,4221.00,4371.67,8592.67,1,6.69344e-06,9.99423e-05
OPA1,4263.67,4330.00,8593.67,1,6.37993e-06,9.99499e-05
TSC2,3990.00,4604.33,8594.33,1,9.21258e-06,9.99661e-05
TRIM33,4774.00,3820.67,8594.67,1,2.96881e-06,0.000100045
TNFRSF25,4481.00,4113.67,8594.67,1,3.48501e-06,0.000100022
TMEM184B,4949.67,3645.33,8595.00,1,1.23282e-06,0.000100094
AHCYL1,4034.67,4560.67,8595.33,1,1.90628e-06,0.00015502
GADD45A,4758.67,3837.00,8595.67,1,1.42203e-06,0.000100062
MYSM1,4138.00,4458.00,8596.00,1,7.36433e-06,9.99256e-05
NCKAP1L,4179.33,4418.00,8597.33,1,6.99472e-06,9.99339e-05
LIMD1,4964.67,3632.67,8597.33,1,4.88281e-08,0.000235083
EIF5A,4667.67,3929.67,8597.33,1,5.03923e-07,0.000195828
TPI1,4638.00,3959.67,8597.67,1,5.58527e-07,0.000193838
UBXN11,4974.67,3623.00,8597.67,1,3.99051e-08,0.000237553
KIRREL,3647.67,4950.33,8598.00,1,1.87766e-05,9.98797e-05
LOC100132167,4342.00,4257.00,8599.00,1,4.68503e-06,0.000100006
ANKRD16,4554.33,4045.33,8599.67,1,2.88225e-06,0.00010003
LOC100507507,4529.33,4070.33,8599.67,1,7.45675e-07,0.000185096
EED,4826.00,3774.67,8600.67,1,2.59673e-06,0.000100055
FAM73A,4807.33,3794.00,8601.33,1,2.72982e-06,0.00010005
MBNL1,3606.33,4995.00,8601.33,1,4.30657e-06,0.00011901
ZBTB38,3615.67,4986.67,8602.33,1,4.19885e-06,0.000122066
NFIX,4780.00,3822.67,8602.67,1,3.12227e-07,0.000207463
HS1BP3,4707.33,3895.33,8602.67,1,4.30445e-07,0.000199778
TRIM39,4181.00,4421.67,8602.67,1,6.97579e-06,9.9933e-05
SERPINB4,4525.67,4077.00,8602.67,1,3.08168e-06,0.000100026
SNORA76C,4164.00,4439.33,8603.33,1,1.53572e-06,0.000161678
TRAF4,4620.67,3982.67,8603.33,1,2.3365e-06,0.000100039
MMP14,4247.00,4356.67,8603.67,1,1.33643e-06,0.000166753
MSX2,4936.67,3667.00,8603.67,1,8.65972e-08,0.00022856
GGT5,4610.00,3994.00,8604.00,1,2.4206e-06,0.000100037
DENND2C,3998.00,4607.33,8605.33,1,9.09434e-06,9.99659e-05
LOC145783,4532.67,4073.33,8606.00,1,4.56371e-06,9.99961e-05
TNFRSF18,4566.67,4040.00,8606.67,1,2.775e-06,0.000100031
EIF3F,3950.00,4657.00,8607.00,1,2.20816e-06,0.000149285
FANCA,4534.33,4072.67,8607.00,1,3.02335e-06,0.000100027
CCDC78,4093.00,4514.00,8607.00,1,7.65703e-06,9.99766e-05
MPI,4441.67,4165.67,8607.33,2,7.87986e-07,0.000108307
PASK,4551.33,4056.33,8607.67,1,2.90199e-06,0.000100029
FUT9,4660.00,3948.00,8608.00,1,2.01206e-06,0.000100044
LOC100289333,4876.00,3732.33,8608.33,1,2.137e-06,0.000100066
THAP1,4147.33,4461.33,8608.67,1,7.27826e-06,9.9925e-05
SFT2D1,4542.67,4066.67,8609.33,1,7.25076e-07,0.000185244
KIF23,4187.33,4422.33,8609.67,1,1.47272e-06,0.000162678
RAB33B,4774.67,3836.33,8611.00,1,2.95156e-06,0.000100042
CES2,4653.00,3958.67,8611.67,1,5.31013e-07,0.000193951
ZNF227,4371.67,4240.33,8612.00,1,5.61365e-06,9.99659e-05
HIST1H2BE,4701.67,3910.33,8612.00,1,4.37774e-07,0.000198175
RMDN1,4064.67,4547.33,8612.00,1,8.06764e-06,9.99077e-05
CRISPLD2,4765.33,3847.00,8612.33,1,3.3169e-07,0.00020502
PRPSAP2,3914.33,4698.00,8612.33,1,9.69369e-06,9.98733e-05
STAT5B,3939.67,4673.00,8612.67,1,1.00748e-05,9.99559e-05
DGAT1,4950.00,3662.67,8612.67,1,7.08086e-08,0.000229412
IDS,4620.33,3993.00,8613.33,1,3.97384e-06,0.00010001
DTNA,4055.33,4558.00,8613.33,1,8.23047e-06,9.99717e-05
ZDHHC13,4510.33,4103.33,8613.67,1,4.73623e-06,9.99901e-05
FAM45A,4357.00,4257.33,8614.33,1,1.07655e-06,0.000172452
LHX4-AS1,4677.00,3937.33,8614.33,1,3.63527e-06,0.000100019
LOC101928143,4853.00,3762.33,8615.33,1,2.33034e-06,0.000100058
TMEM39A,4010.33,4605.67,8616.00,1,8.64845e-06,9.98943e-05
LYPLA1,3854.00,4763.00,8617.00,1,2.64093e-06,0.000143073
LOC101060321,4834.33,3782.67,8617.00,1,2.32439e-07,0.000212456
LOC100506299,3900.00,4717.00,8617.00,1,1.09501e-05,9.99493e-05
WISP3,4890.00,3727.33,8617.33,1,1.55552e-07,0.000219413
APTR,4487.67,4130.33,8618.00,1,4.8781e-06,9.99853e-05
TMEM135,4803.67,3814.67,8618.33,1,2.7869e-07,0.000208496
RP6-11O7.2,4052.67,4566.33,8619.00,1,1.85996e-06,0.000154769
PIK3CD,3725.00,4894.33,8619.33,1,3.33764e-06,0.000133382
RAE1,4705.00,3914.33,8619.33,1,4.34261e-07,0.000197841
LINC01105,4992.67,3626.67,8619.33,1,5.92303e-08,0.000100123
SMDT1,4060.00,4559.67,8619.67,1,1.84122e-06,0.000155078
LOC146880,4919.33,3701.00,8620.33,1,4.7772e-07,0.000100094
MESP2,4673.67,3946.67,8620.33,2,5.2097e-07,0.00011291
RP11-158G18.1,4329.67,4291.33,8621.00,2,2.91552e-06,9.99234e-05
FOXJ2,4069.67,4551.33,8621.00,1,1.81579e-06,0.000155533
HELZ,4644.33,3977.00,8621.33,1,3.80424e-06,0.000100013
TAS2R43,4472.67,4149.00,8621.67,1,3.58185e-06,0.000100019
FER,4649.00,3974.00,8623.00,1,3.78105e-06,0.000100013
CHMP6,4605.00,4019.33,8624.33,1,2.48152e-06,0.000100034
SCOC,4594.00,4030.67,8624.67,1,6.39279e-07,0.000187724
C8orf88,4823.67,3801.00,8624.67,1,2.61272e-06,0.000100049
RP11-803D5.4,4438.67,4186.33,8625.00,1,9.06706e-07,0.000176813
VIT,3821.67,4803.33,8625.00,1,1.27134e-05,9.99325e-05
ERF,4369.33,4256.67,8626.00,1,1.05158e-06,0.000172485
AP4E1,4584.00,4042.67,8626.67,1,6.52664e-07,0.000187079
FAM24B,4736.67,3890.33,8627.00,1,1.52691e-06,0.000100052
INPP5F,4343.00,4284.33,8627.33,1,5.82254e-06,9.99572e-05
LGALSL,4376.67,4251.33,8628.00,2,1.45924e-06,0.000118247
WIPF2,4765.33,3862.67,8628.00,1,1.37861e-06,0.000100057
PIK3CB,4329.00,4299.00,8628.00,1,5.93543e-06,9.9955e-05
C21orf59,3908.67,4720.00,8628.67,1,2.39299e-06,0.000145399
C11orf58,4571.00,4058.00,8629.00,1,6.75419e-07,0.000185994
ARMCX4,3784.33,4845.33,8629.67,1,1.38105e-05,9.99215e-05
HNRNPM,4692.00,3937.67,8629.67,1,4.57055e-07,0.000195322
CHST3,3883.33,4746.33,8629.67,2,1.61748e-06,0.000109596
SORBS2,3654.33,4976.33,8630.67,1,3.85373e-06,0.000124021
ANXA2,4745.00,3886.00,8631.00,1,3.65034e-07,0.000200906
LIN7C,4671.00,3961.00,8632.00,1,3.66231e-06,0.000100015
STRAP,4561.33,4070.67,8632.00,1,4.38324e-06,9.99964e-05
BIN1,3845.00,4787.33,8632.33,1,1.22239e-05,9.99359e-05
C1orf131,3760.33,4872.00,8632.33,1,1.20522e-05,9.98013e-05
TRMT1L,4662.33,3970.33,8632.67,1,3.70378e-06,0.000100014
ZNF609,4383.00,4250.33,8633.33,1,4.36566e-06,0.000100007
TIMM22,3846.67,4786.67,8633.33,1,1.22032e-05,9.9936e-05
THAP6,4485.33,4148.33,8633.67,1,4.89693e-06,9.99829e-05
TXNRD1,4306.00,4328.67,8634.67,1,1.18458e-06,0.00016834
CRLF3,4182.33,4452.67,8635.00,1,6.9643e-06,9.99265e-05
SPX,3732.00,4903.00,8635.00,1,1.53337e-05,9.99027e-05
LILRB5,4254.67,4381.67,8636.33,1,5.65649e-06,9.99913e-05
COX4I2,3710.33,4926.33,8636.67,1,1.60966e-05,9.98919e-05
DYNC2H1,4519.00,4119.00,8638.00,1,4.65924e-06,9.99877e-05
NUDCD3,4839.33,3799.33,8638.67,1,2.26683e-07,0.000210235
SENP6,4372.67,4266.33,8639.00,1,5.60851e-06,9.99604e-05
TBC1D25,4559.00,4080.00,8639.00,1,2.84725e-06,0.000100026
KIAA0100,4878.33,3761.00,8639.33,1,7.36756e-07,0.000100079
FAHD1,4569.67,4069.67,8639.33,1,2.76062e-06,0.000100027
MED4,4602.67,4038.00,8640.67,1,4.08884e-06,0.000100002
MSH6,4451.00,4189.67,8640.67,1,8.74708e-07,0.000176662
PDIA3,4446.00,4195.67,8641.67,1,3.81371e-06,0.000100013
RTN4IP1,4265.67,4376.33,8642.00,2,1.06916e-06,0.000116046
KLHL9,4211.00,4431.33,8642.33,1,1.4182e-06,0.000162217
CLEC4E,3938.00,4705.67,8643.67,1,1.01284e-05,9.99508e-05
SLC17A9,4991.67,3652.00,8643.67,1,1.30004e-08,0.000231391
TFE3,4226.33,4420.00,8646.33,1,1.38228e-06,0.000162806
IGFBP7,4861.67,3784.67,8646.33,1,2.25717e-06,0.000100053
PPP1R7,4899.67,3748.33,8648.00,1,6.05825e-07,0.000100082
IGF1R,4935.33,3713.00,8648.33,1,8.92984e-08,0.000221485
FAM193A,4297.00,4352.00,8649.00,1,6.1717e-06,9.99458e-05
AGPAT6,3901.33,4747.67,8649.00,1,2.42327e-06,0.000143775
DDX23,4078.00,4572.00,8650.00,1,7.949e-06,9.99015e-05
RAB3GAP2,4933.00,3717.33,8650.33,1,1.45906e-06,0.000100071
VCPKMT,4773.00,3877.67,8650.67,1,2.97714e-06,0.000100031
IQCB1,3838.00,4812.67,8650.67,1,1.06641e-05,9.9837e-05
TRIM35,4023.00,4628.33,8651.33,1,8.70379e-06,9.9963e-05
SWT1,3914.67,4737.00,8651.67,2,4.27858e-06,9.98637e-05
PLEKHO1,4436.00,4216.00,8652.00,1,9.10914e-07,0.000175073
PROCR,4857.33,3795.00,8652.33,1,2.00688e-07,0.000210832
C16orf86,4694.33,3959.00,8653.33,1,1.7806e-06,0.000100042
FOXRED1,4784.00,3869.33,8653.33,1,1.26478e-06,0.000100056
MT1HL1,4649.33,4004.33,8653.67,1,5.39647e-07,0.000190011
ZNF490,4844.33,3810.00,8654.33,1,9.0493e-07,0.000100068
SBSN,4729.00,3925.33,8654.33,1,1.57966e-06,0.000100047
CEBPB,4730.67,3923.67,8654.33,1,3.92508e-07,0.000196807
TCIRG1,4206.00,4450.00,8656.00,1,6.80045e-06,9.9927e-05
MSRB3,3736.00,4920.33,8656.33,1,1.51558e-05,9.98944e-05
KXD1,4708.33,3948.00,8656.33,1,4.29383e-07,0.000194592
EIF2AK3,4466.00,4191.00,8657.00,1,8.49452e-07,0.000176577
VAPA,4651.33,4006.00,8657.33,1,3.77385e-06,0.000100008
APPL1,4014.67,4643.00,8657.67,1,8.61193e-06,9.98868e-05
ATP6V1E2,3912.00,4745.67,8657.67,2,4.45676e-06,9.98608e-05
DZIP1L,4056.33,4601.67,8658.00,1,8.19271e-06,9.99663e-05
DOCK3,4677.00,3981.67,8658.67,1,1.9085e-06,0.000100039
NRSN2,4700.00,3958.67,8658.67,1,1.75915e-06,0.000100042
RP11-1277A3.3,4178.33,4481.00,8659.33,1,6.52027e-06,9.99803e-05
ANO9,4498.00,4161.33,8659.33,1,7.96416e-07,0.000178687
CTLA4,4713.00,3946.33,8659.33,1,1.67249e-06,0.000100044
RPIA,4930.00,3729.67,8659.67,1,4.24683e-07,0.000100086
PNPLA3,4263.33,4396.67,8660.00,1,5.54772e-06,9.99897e-05
ZNF436,4302.33,4358.00,8660.33,1,6.13463e-06,9.99445e-05
SSBP3-AS1,4794.00,3866.33,8660.33,1,2.81516e-06,0.000100034
RNF20,4944.67,3716.00,8660.67,1,1.29446e-06,0.000100071
KLF13,3784.33,4876.67,8661.00,1,2.98766e-06,0.000134697
KLHL18,4523.00,4138.67,8661.67,1,3.09641e-06,0.00010002
BTF3,4440.67,4221.00,8661.67,1,9.0195e-07,0.000174704
BSG,4192.67,4469.33,8662.00,1,1.45846e-06,0.000159867
GOLGB1,4362.33,4300.00,8662.33,1,5.67205e-06,9.9955e-05
GYS1,4704.33,3958.33,8662.67,1,1.73281e-06,0.000100043
ZKSCAN8,4195.00,4468.00,8663.00,1,1.45046e-06,0.000159906
COA5,4629.67,4033.33,8663.00,1,3.90024e-06,0.000100003
CTA-445C9.15,4612.33,4051.00,8663.33,1,4.03196e-06,9.99997e-05
KIAA1524,4508.33,4155.00,8663.33,1,3.25075e-06,0.000100018
HBP1,4848.00,3815.67,8663.67,1,2.41363e-06,0.000100046
BRD1,4316.33,4349.00,8665.33,1,6.0289e-06,9.99462e-05
LAMC1,4585.00,4080.33,8665.33,1,4.21504e-06,9.99944e-05
CCDC82,4066.33,4599.67,8666.00,1,1.82303e-06,0.000152744
VPS4B,4842.00,3824.33,8666.33,1,2.49471e-06,0.000100044
NPDC1,4896.33,3770.33,8666.67,1,1.44849e-07,0.000214217
CSRP1,4502.67,4164.00,8666.67,1,4.77906e-06,9.99795e-05
ARL11,3917.00,4750.00,8667.00,1,2.34408e-06,0.00014374
CDC73,4580.00,4087.00,8667.00,1,4.25258e-06,9.99936e-05
ADAT1,4251.33,4416.00,8667.33,1,6.47485e-06,9.99344e-05
TOB1-AS1,4301.67,4365.67,8667.33,1,5.14514e-06,9.99932e-05
EXOC6,4416.67,4251.00,8667.67,1,4.08831e-06,0.000100007
KNTC1,3776.33,4891.67,8668.00,1,3.04219e-06,0.000133499
GTF3C3,4569.00,4099.33,8668.33,1,4.33081e-06,9.99909e-05
FMNL3,3712.67,4956.00,8668.67,1,1.60244e-05,9.98712e-05
ACTL8,4720.00,3949.00,8669.00,1,4.10603e-07,0.000194539
ADAM15,4806.00,3863.33,8669.33,1,2.74753e-07,0.000203291
SNX25,4421.67,4248.33,8670.00,1,5.3025e-06,9.99644e-05
FAM200A,3836.33,4834.33,8670.67,1,2.73284e-06,0.000138133
LANCL1,4747.33,3923.33,8670.67,1,1.47077e-06,0.000100047
GUCA1B,4373.33,4297.33,8670.67,1,4.44727e-06,0.000100002
NUDC,4850.33,3820.67,8671.00,1,2.10346e-07,0.000207656
CHIC1,4672.00,3999.00,8671.00,1,3.66142e-06,0.000100009
MIER2,4696.33,3975.00,8671.33,1,1.77301e-06,0.00010004
S100A13,4686.33,3985.33,8671.67,1,4.69084e-07,0.000191629
NDUFA4L2,4652.67,4019.00,8671.67,1,5.31021e-07,0.00018887
GRN,4343.67,4329.00,8672.67,1,5.81555e-06,9.99501e-05
ICE2,4850.00,3823.00,8673.00,1,2.39356e-06,0.000100045
LSM3,4989.67,3684.67,8674.33,1,1.74646e-08,0.000225968
MBLAC2,4497.33,4177.67,8675.00,1,4.81408e-06,9.99774e-05
AZIN2,4618.67,4056.67,8675.33,1,2.34868e-06,0.000100029
CD74,4334.00,4342.00,8676.00,1,1.11991e-06,0.000167622
RRP36,4566.33,4109.67,8676.00,1,2.77547e-06,0.000100022
TMEM176A,4642.00,4034.33,8676.33,2,8.48481e-07,0.000124207
PIAS1,4875.33,3801.33,8676.67,1,2.14635e-06,0.000100049
NCF1,4784.67,3892.33,8677.00,1,1.25215e-06,0.000100052
C1QTNF5,4256.33,4421.00,8677.33,1,5.63373e-06,9.99873e-05
THRB-IT1,4654.67,4022.67,8677.33,1,3.75826e-06,0.000100005
BMPR2,4164.33,4514.33,8678.67,1,7.13667e-06,9.99145e-05
ACACA,4253.00,4425.67,8678.67,1,5.66874e-06,9.99868e-05
SH3BP4,4455.33,4223.67,8679.00,1,8.68462e-07,0.000174558
SULF2,4843.00,3836.00,8679.00,1,2.21351e-07,0.000206147
LYPD6,4320.33,4359.00,8679.33,1,1.15112e-06,0.000166559
PAXIP1-AS1,4830.33,3849.67,8680.00,1,2.56543e-06,0.000100038
LOC102724985,4900.33,3780.00,8680.33,1,1.89416e-06,0.000100054
PAPD5,4237.67,4442.67,8680.33,1,6.55639e-06,9.99288e-05
SCARNA17,4567.00,4116.00,8683.00,1,2.77036e-06,0.000100022
LOC101928762,4459.33,4224.33,8683.67,1,3.69503e-06,0.000100009
EEF1A1P42,4731.33,3952.33,8683.67,1,1.55623e-06,0.000100043
DQ597730,4711.33,3972.67,8684.00,1,3.42852e-06,0.000100013
YY1AP1,4428.00,4256.00,8684.00,1,9.30354e-07,0.000172489
NCBP1,4286.00,4399.33,8685.33,1,1.23606e-06,0.000164151
CHST10,3810.67,4875.00,8685.67,1,1.3047e-05,9.99125e-05
ZNF189,4668.67,4017.67,8686.33,1,3.67356e-06,0.000100006
CYB5B,4984.67,3702.00,8686.67,1,1.01738e-07,0.000100093
EIF1AD,4996.67,3690.33,8687.00,1,3.17168e-08,0.000100098
TAF9B,4625.67,4062.00,8687.67,1,3.93387e-06,9.99976e-05
ZYG11A,3808.67,4879.67,8688.33,1,1.31285e-05,9.99113e-05
SLC25A12,4515.67,4173.00,8688.67,1,4.68644e-06,9.99781e-05
INTS5,4895.33,3793.67,8689.00,1,6.38453e-07,0.00010007
C19orf12,3705.33,4984.00,8689.33,1,3.47322e-06,0.000122356
CEP68,4457.67,4232.00,8689.67,1,8.64931e-07,0.000173936
RP11-884K10.7,4323.67,4366.00,8689.67,1,4.8553e-06,9.99932e-05
HABP4,3926.33,4763.67,8690.00,1,1.03557e-05,9.99409e-05
ZNF507,4039.33,4651.00,8690.33,1,1.89283e-06,0.000149576
PIGQ,4372.67,4317.67,8690.33,2,8.37537e-07,0.000116861
GGPS1,4621.33,4069.33,8690.67,1,3.96446e-06,9.99965e-05
UTRN,4005.67,4685.00,8690.67,1,8.95965e-06,9.99539e-05
RP11-498C9.15,4442.33,4248.33,8690.67,1,3.83455e-06,0.000100007
STAU2,4328.67,4362.00,8690.67,1,5.93897e-06,9.9944e-05
SIAE,4293.33,4397.67,8691.00,1,1.21906e-06,0.000164287
SOCS2-AS1,4009.67,4681.33,8691.00,1,8.90845e-06,9.99544e-05
SEC24C,4907.33,3783.67,8691.00,1,1.82229e-06,0.000100053
SEC24B,4300.00,4391.67,8691.67,1,6.15452e-06,9.99393e-05
OSBPL7,4545.00,4147.00,8692.00,1,7.21594e-07,0.00017961
ABL1,4315.33,4377.00,8692.33,1,4.96133e-06,9.99918e-05
MDM4,4366.67,4325.67,8692.33,1,5.6445e-06,9.99505e-05
AP4B1,3806.33,4886.00,8692.33,1,2.86966e-06,0.000133964
KIAA1191,4789.67,3903.33,8693.00,1,2.84151e-06,0.000100025
PAN3-AS1,4035.33,4658.67,8694.00,1,8.49057e-06,9.99583e-05
FLNA,4773.67,3920.67,8694.33,1,3.18182e-07,0.000197087
RP11-349E4.1,4325.33,4370.33,8695.67,1,1.14031e-06,0.000165702
TMEM98,4949.33,3746.67,8696.00,1,3.01962e-07,0.000100082
DUSP1,4846.33,3850.33,8696.67,1,2.16695e-07,0.000204615
HNRNPLL,4661.00,4035.67,8696.67,1,3.71697e-06,0.000100003
LMNTD2,4827.33,3870.00,8697.33,1,9.81958e-07,0.000100056
NEU4,4927.67,3770.00,8697.67,1,1.00353e-07,0.00021428
MAN2B2,4428.67,4269.00,8697.67,1,5.26193e-06,9.99596e-05
PPP3CB,4754.33,3943.67,8698.00,1,3.15256e-06,0.000100017
ATP8B2,4309.00,4390.67,8699.67,1,5.0397e-06,9.99902e-05
VPS13A,4621.00,4079.33,8700.33,1,3.97067e-06,9.99945e-05
LDB1,4404.33,4296.33,8700.67,1,4.17739e-06,0.000100002
LOC100289090,4839.00,3861.67,8700.67,1,9.36316e-07,0.000100057
SYTL2,4352.67,4348.33,8701.00,1,1.08406e-06,0.000167087
SNAPC5,4605.33,4097.00,8702.33,1,4.06596e-06,9.99912e-05
CHD1,4424.00,4278.33,8702.33,1,5.29325e-06,9.99583e-05
MTMR11,4956.00,3746.67,8702.67,1,6.02019e-08,0.000216946
NCOA1,4318.33,4386.00,8704.33,1,6.02065e-06,9.99401e-05
PREP,4768.00,3936.67,8704.67,1,1.3631e-06,0.000100045
SUMO1,4765.67,3939.00,8704.67,1,3.03172e-06,0.000100018
NKX3-1,4348.00,4357.00,8705.00,2,1.01016e-06,0.000123326
LINC01410,4073.00,4632.33,8705.33,1,1.80414e-06,0.000150991
PARD3,4199.33,4506.33,8705.67,1,6.27378e-06,9.99778e-05
ARMC1,3755.33,4950.33,8705.67,1,3.16082e-06,0.000128282
WRN,4121.00,4584.67,8705.67,1,7.53131e-06,9.98988e-05
ZNF638,4635.33,4071.67,8707.00,1,3.87601e-06,9.99962e-05
EML6,4887.33,3820.33,8707.67,1,6.97299e-07,0.000100066
TTF2,4538.00,4169.67,8707.67,1,7.33476e-07,0.000178127
ZNF766,4896.33,3812.00,8708.33,1,1.93629e-06,0.000100047
OTUD6B-AS1,4745.33,3963.00,8708.33,1,3.19941e-06,0.000100015
FAM8A1,4882.67,3825.67,8708.33,1,2.09694e-06,0.000100044
MXD1,4398.00,4311.33,8709.33,1,9.90321e-07,0.000169269
TTC22,4583.67,4125.67,8709.33,1,6.52938e-07,0.000181269
THAP2,4394.00,4316.00,8710.00,1,4.27703e-06,9.99995e-05
STX7,4803.00,3907.00,8710.00,1,2.75308e-06,0.000100025
ZNF155,4112.00,4601.00,8713.00,1,7.39542e-06,9.99663e-05
TAF4B,4910.33,3802.67,8713.00,1,5.37435e-07,0.000100068
FASN,4395.67,4318.00,8713.67,2,1.65285e-06,0.000117231
TRMT61B,3992.33,4722.33,8714.67,1,8.85026e-06,9.98673e-05
ANXA11,4304.00,4410.67,8714.67,1,5.10578e-06,9.99884e-05
PFKFB4,4306.33,4409.00,8715.33,1,1.18432e-06,0.000163516
SMC3,4347.00,4368.67,8715.67,1,5.78205e-06,9.99428e-05
FRMD8,4494.00,4222.33,8716.33,1,8.02608e-07,0.000174658
C16orf93,4843.33,3874.00,8717.33,1,9.11237e-07,0.000100055
MANBA,4729.67,3988.00,8717.67,1,3.30601e-06,0.000100011
DQX1,3927.67,4790.33,8718.00,1,2.30594e-06,0.000141237
MTHFS,4253.00,4465.00,8718.00,1,1.31969e-06,0.000160088
LOC100271840,4145.67,4572.67,8718.33,1,6.92592e-06,9.997e-05
IGFBP4,4700.67,4017.67,8718.33,1,4.38806e-07,0.000189003
DAD1,4214.00,4504.67,8718.67,1,6.75482e-06,9.99166e-05
THNSL2,4008.00,4711.33,8719.33,1,1.99722e-06,0.000146041
DNM3OS,4374.00,4346.00,8720.00,2,2.75194e-06,9.9916e-05
TIA1,4594.00,4126.33,8720.33,1,4.14077e-06,9.99861e-05
CSF3R,4105.67,4615.33,8721.00,1,7.47258e-06,9.99648e-05
PDZRN3,4575.00,4146.33,8721.33,1,6.69255e-07,0.000179655
AKTIP,4397.33,4324.00,8721.33,1,5.45199e-06,9.99506e-05
MACF1,4571.67,4149.67,8721.33,1,4.31427e-06,9.99827e-05
CRKL,4349.00,4372.67,8721.67,1,1.08931e-06,0.000165524
TXNDC9,4446.67,4276.33,8723.00,1,5.14794e-06,9.99585e-05
NUP205,3765.67,4957.67,8723.33,1,3.08993e-06,0.000127275
NUPL1,4265.00,4459.00,8724.00,1,6.375e-06,9.99253e-05
LOC728024,4021.33,4703.67,8725.00,1,8.73786e-06,9.99514e-05
IBTK,4375.00,4350.00,8725.00,1,5.58505e-06,9.99462e-05
UHMK1,4705.33,4020.00,8725.33,1,4.32845e-07,0.000188731
HDAC4,4053.33,4672.00,8725.33,1,8.24593e-06,9.9956e-05
PRODH2,4536.33,4189.33,8725.67,2,5.35075e-07,0.000129693
OCEL1,4719.67,4006.00,8725.67,1,1.63339e-06,0.000100036
SKAP1,4231.00,4494.67,8725.67,2,1.33352e-06,0.000119113
FLII,4359.00,4367.00,8726.00,1,1.07411e-06,0.000165955
PQLC3,4595.67,4130.67,8726.33,1,6.36888e-07,0.000180737
UPF2,4773.67,3952.67,8726.33,1,2.97171e-06,0.000100016
NOTCH1,4563.33,4163.33,8726.67,1,6.9413e-07,0.000178514
ERCC6,4581.67,4145.67,8727.33,1,4.24528e-06,9.99833e-05
C17orf85,4022.33,4705.67,8728.00,1,8.53189e-06,9.98717e-05
OPHN1,4953.00,3775.00,8728.00,1,6.45731e-08,0.000213359
FAM83A,4725.67,4002.67,8728.33,1,1.59446e-06,0.000100036
DDX46,3933.33,4795.33,8728.67,1,9.50512e-06,9.98459e-05
PSME4,4423.67,4305.33,8729.00,1,5.29426e-06,9.99541e-05
CNIH1,4397.67,4331.33,8729.00,1,5.45092e-06,9.99496e-05
TRERF1,4299.00,4430.33,8729.33,1,1.20406e-06,0.000162236
EI24,4021.67,4708.00,8729.67,1,8.53466e-06,9.98711e-05
ASPH,4439.33,4290.67,8730.00,1,5.19619e-06,9.99566e-05
FICD,4503.00,4229.33,8732.33,1,3.30209e-06,0.000100009
DONSON,4287.33,4445.67,8733.00,1,1.23321e-06,0.000161319
DYNLT3,4436.67,4296.67,8733.33,1,5.21764e-06,9.99556e-05
LOC101927137,4665.67,4067.67,8733.33,1,3.68803e-06,9.9997e-05
TMEM18,4084.00,4649.67,8733.67,1,7.77334e-06,9.99593e-05
CTAGE4,4713.00,4021.00,8734.00,1,3.41483e-06,0.000100005
GPRC5C,4847.33,3887.00,8734.33,1,8.92379e-07,0.000100053
LL22NC03-N14H11.1,4164.67,4570.00,8734.67,1,1.53378e-06,0.00015456
CNIH4,4406.00,4328.67,8734.67,1,5.41462e-06,9.99502e-05
MRPS5,4828.67,3906.67,8735.33,1,9.77705e-07,0.00010005
ABCB10,4182.67,4552.67,8735.33,1,6.96066e-06,9.99066e-05
MSANTD3-TMEFF1,4975.67,3760.33,8736.00,1,7.28086e-07,0.000100059
FAM19A5,4797.67,3939.67,8737.33,2,9.26987e-07,9.99496e-05
RAB29,4867.00,3870.33,8737.33,1,1.87161e-07,0.000202446
CLPX,4607.00,4131.33,8738.33,1,4.05675e-06,9.99852e-05
HSPB1,4938.00,3801.00,8739.00,1,8.45115e-08,0.000210048
CLN8,4278.67,4460.67,8739.33,1,5.37602e-06,9.99826e-05
PRPF38A,3911.00,4829.67,8740.67,1,9.70932e-06,9.98274e-05
INPP5D,3997.00,4743.67,8740.67,1,9.10128e-06,9.99449e-05
RAB21,4755.33,3986.33,8741.67,1,3.13465e-06,0.000100012
PIGL,3867.00,4876.00,8743.00,1,1.17354e-05,9.99122e-05
CTD-2124B8.2,4674.00,4069.00,8743.00,1,3.64533e-06,9.99965e-05
LOC101927809,4647.33,4096.33,8743.67,1,2.12363e-06,0.000100024
PXYLP1,4787.00,3957.33,8744.33,1,3.02147e-07,0.000194
LOC101060510,4403.67,4340.67,8744.33,1,4.19359e-06,9.9996e-05
IFT81,4555.33,4189.33,8744.67,1,7.05106e-07,0.00017667
B4GALT3,4509.33,4235.67,8745.00,1,7.76384e-07,0.00017361
MLH3,4917.33,3828.00,8745.33,1,4.87814e-07,0.000100063
RAB32,4251.67,4494.00,8745.67,1,1.32169e-06,0.000158666
ETHE1,4763.33,3982.67,8746.00,1,3.33891e-07,0.000191774
MST4,4461.67,4284.33,8746.00,1,8.57033e-07,0.000170709
RFC1,4231.00,4515.67,8746.67,1,6.61133e-06,9.99142e-05
ZFP62,4844.00,3903.67,8747.67,1,2.46344e-06,0.000100025
NMI,4381.00,4367.33,8748.33,1,5.54386e-06,9.99432e-05
FHDC1,4489.00,4259.67,8748.67,2,6.47988e-07,0.000125805
TCEB3-AS1,4225.33,4523.67,8749.00,1,5.99395e-06,9.9976e-05
ORC3,4896.67,3852.67,8749.33,1,1.93065e-06,0.000100038
DFFA,4835.00,3914.33,8749.33,1,9.47382e-07,0.000100049
USP25,4868.33,3881.33,8749.67,1,2.21423e-06,0.000100031
FAM86B1,4166.33,4583.33,8749.67,1,1.52805e-06,0.000153773
PRDM2,4339.33,4410.67,8750.00,1,5.84277e-06,9.99357e-05
LIPT1,4097.33,4653.67,8751.00,1,7.74078e-06,9.98838e-05
LRRC48,3984.67,4767.00,8751.67,1,9.297e-06,9.99398e-05
PITPNC1,4235.67,4516.00,8751.67,1,5.87877e-06,9.99765e-05
KCNJ12,4406.67,4345.33,8752.00,1,4.15654e-06,9.99955e-05
UHRF1BP1L,4740.00,4012.00,8752.00,1,3.23389e-06,0.000100007
PLEKHG2,4704.00,4048.67,8752.67,1,1.73737e-06,0.00010003
ARL3,4870.00,3882.67,8752.67,1,1.80391e-07,0.000201213
LINC00961,4110.67,4642.00,8752.67,1,7.40634e-06,9.99602e-05
C1orf109,4764.67,3988.67,8753.33,1,3.04621e-06,0.000100011
CCNT2,4811.33,3943.00,8754.33,1,2.69685e-06,0.000100017
ZC3H4,4536.67,4217.67,8754.33,1,7.35529e-07,0.000175006
HECA,4430.67,4324.33,8755.00,1,9.25357e-07,0.000168573
LINC01004,4914.00,3841.00,8755.00,1,1.1656e-07,0.000205545
SEC24D,4805.67,3950.00,8755.67,1,2.73776e-06,0.000100017
TAF3,4879.00,3878.00,8757.00,1,2.11633e-06,0.000100031
XRCC4,4370.67,4386.33,8757.00,1,4.46476e-06,9.99906e-05
TTC37,4614.33,4143.67,8758.00,1,4.01264e-06,9.99836e-05
LINC00909,4144.33,4614.33,8758.67,1,7.32626e-06,9.98928e-05
C1orf21,4263.67,4495.00,8758.67,1,1.29098e-06,0.000158632
PRKAA1,4133.33,4626.33,8759.67,1,7.42448e-06,9.98903e-05
TMEM123,4319.67,4440.67,8760.33,1,6.00924e-06,9.99293e-05
RPL35A,4765.67,3994.67,8760.33,1,3.30734e-07,0.000190797
KDM4A,4759.00,4001.33,8760.33,1,1.42151e-06,0.000100036
CYP2E1,4043.00,4719.00,8762.00,1,8.39153e-06,9.9949e-05
ITPKB,4061.00,4701.33,8762.33,1,1.83754e-06,0.000146542
FAM188B,4462.33,4301.33,8763.67,1,3.67151e-06,0.000100001
COL11A2,4927.67,3836.00,8763.67,1,4.43325e-07,0.000100062
BCORL1,4911.00,3853.00,8764.00,1,1.24534e-07,0.000204384
MTMR4,4597.00,4167.67,8764.67,1,4.11817e-06,9.9979e-05
TM2D2,4514.00,4252.67,8766.67,1,4.70017e-06,9.99633e-05
TTYH1,4720.67,4046.00,8766.67,1,4.1024e-07,0.000186808
BPTF,4736.67,4030.33,8767.00,1,3.26296e-06,0.000100003
NHLRC3,4987.67,3779.33,8767.00,1,2.1352e-08,0.00021274
PAIP1,4751.00,4016.33,8767.33,1,3.16413e-06,0.000100006
C17orf75,4688.67,4079.67,8768.33,1,3.57848e-06,9.99945e-05
WNT4,4706.00,4062.33,8768.33,2,7.10027e-07,0.000126823
PRDM1,4738.00,4031.00,8769.00,1,1.51802e-06,0.000100032
ANKRD36C,4895.67,3874.67,8770.33,1,1.93741e-06,0.000100032
TFIP11,3843.33,4927.00,8770.33,1,2.69032e-06,0.000130988
LOC100506325,4171.00,4599.67,8770.67,1,6.60818e-06,9.99666e-05
LOC101928623,4537.33,4233.67,8771.00,1,3.00533e-06,0.000100008
PRRT2,3986.33,4784.67,8771.00,1,9.27683e-06,9.99361e-05
BTF3P12,4227.33,4543.67,8771.00,1,5.95921e-06,9.99734e-05
IL16,4279.00,4492.67,8771.67,1,6.27542e-06,9.99191e-05
C9orf41,4843.33,3929.00,8772.33,1,2.21335e-07,0.000195938
HSDL1,4706.00,4066.33,8772.33,1,3.46534e-06,9.99971e-05
USP35,4561.67,4210.67,8772.33,1,2.82597e-06,0.000100011
UBE2M,4492.67,4279.67,8772.33,1,8.07313e-07,0.000171035
LOC494150,4223.33,4549.33,8772.67,1,6.67069e-06,9.99073e-05
ROR2,4945.33,3829.00,8774.33,1,1.2841e-06,0.000100043
IL17RB,4605.67,4169.33,8775.00,1,6.22881e-07,0.000178138
ZFAND2A,4581.67,4193.67,8775.33,1,2.67584e-06,0.000100013
LYRM9,4434.67,4341.33,8776.00,1,5.23043e-06,9.99475e-05
VPS37B,4172.00,4604.00,8776.00,1,6.59139e-06,9.99661e-05
SMARCA5,4701.00,4076.67,8777.67,1,3.51365e-06,9.99951e-05
SLC2A6,4480.00,4297.67,8777.67,1,3.49302e-06,0.000100002
CCDC124,4943.33,3834.67,8778.00,1,7.91045e-08,0.000206363
PERP,4874.00,3904.33,8778.33,1,1.75169e-07,0.000198842
ATRNL1,4557.00,4221.67,8778.67,1,2.85928e-06,0.00010001
ZNF776,4635.67,4144.00,8779.67,1,3.87454e-06,9.99836e-05
ACAP1,4644.00,4136.33,8780.33,1,2.14794e-06,0.00010002
BMP2K,4830.67,3949.67,8780.33,1,2.56144e-06,0.000100017
TAF7,4324.33,4456.33,8780.67,1,5.97447e-06,9.9926e-05
GAS1,4417.33,4366.67,8784.00,1,9.46603e-07,0.00016596
DNAJC8,4242.00,4543.00,8785.00,1,6.53821e-06,9.99082e-05
CSN1S1,4945.67,3839.33,8785.00,1,3.30897e-07,0.000100061
C10orf12,4138.33,4647.33,8785.67,1,1.6073e-06,0.00014984
GTF2I,4450.00,4336.33,8786.33,1,8.81823e-07,0.000168015
MIR6132,4958.00,3828.33,8786.33,1,1.08816e-06,0.000100043
USP33,4312.00,4475.00,8787.00,1,1.17564e-06,0.000159579
GDAP1,4918.00,3869.67,8787.67,1,1.10741e-07,0.000202485
PTRF,4014.00,4773.67,8787.67,1,1.98351e-06,0.000142296
EYA3,4283.00,4505.00,8788.00,1,1.24242e-06,0.000158179
KLF7,4746.33,4042.00,8788.33,1,3.1928e-06,0.000100001
REV1,4720.33,4068.00,8788.33,1,3.36545e-06,9.99969e-05
UBE2G1,4401.33,4387.00,8788.33,1,5.43967e-06,9.99399e-05
LOC101927752,4416.00,4373.00,8789.00,1,4.09612e-06,9.99924e-05
CGGBP1,3995.00,4794.67,8789.67,1,8.82162e-06,9.98462e-05
HS2ST1,4787.67,4002.33,8790.00,1,2.85323e-06,0.000100009
ACTR3,3951.00,4839.33,8790.33,1,9.31734e-06,9.98222e-05
MTFR1,4468.33,4322.33,8790.67,1,8.45764e-07,0.000168612
ARTN,4800.67,3990.00,8790.67,1,2.82531e-07,0.00019118
ATF3,4298.67,4492.33,8791.00,2,7.89755e-07,0.000121221
C2orf43,4910.67,3880.33,8791.00,1,5.29488e-07,0.000100054
TJP3,4828.33,3963.00,8791.33,1,2.39711e-07,0.000193516
ERLIN1,4063.33,4729.00,8792.33,1,1.83361e-06,0.000144873
ENY2,4191.33,4601.33,8792.67,1,6.8962e-06,9.9895e-05
RACGAP1,3828.00,4965.67,8793.67,1,2.75439e-06,0.000126077
MMEL1,4613.33,4181.67,8795.00,1,2.3923e-06,0.000100015
HIST1H2BC,4182.67,4612.67,8795.33,1,1.4817e-06,0.000152086
CBX5,3925.67,4870.33,8796.00,1,2.31597e-06,0.000135232
EMC8,4325.33,4471.00,8796.33,1,4.84754e-06,9.99813e-05
RP11-796E2.4,4577.67,4219.00,8796.67,1,2.71714e-06,0.00010001
PHKB,4806.67,3990.67,8797.33,1,2.73211e-06,0.000100011
CASC3,3933.67,4864.00,8797.67,1,2.28826e-06,0.000135739
ARRDC1,4196.00,4601.67,8797.67,1,1.44871e-06,0.000152635
TAPT1-AS1,4899.33,3899.00,8798.33,1,1.90137e-06,0.000100027
CD84,4274.00,4524.33,8798.33,1,1.26242e-06,0.000157054
C1orf53,4523.00,4275.33,8798.33,1,7.55111e-07,0.000171238
MMP15,4614.33,4184.33,8798.67,1,6.05439e-07,0.000177125
PAPOLG,4740.67,4058.33,8799.00,1,3.23223e-06,9.99986e-05
RHBG,4046.67,4754.00,8800.67,1,1.87304e-06,0.000143481
HLA-F-AS1,4982.67,3818.33,8801.00,1,2.72287e-08,0.000207986
TRA2B,4724.67,4076.33,8801.00,1,4.00838e-07,0.00018469
GALNT13,4501.00,4300.33,8801.33,1,3.31335e-06,0.000100002
FAM46A,4542.00,4260.00,8802.00,1,7.27099e-07,0.000172255
FAM3A,4386.00,4417.00,8803.00,1,4.34356e-06,9.99876e-05
LOC100133089,4353.67,4449.33,8803.00,1,4.60187e-06,9.99841e-05
EPHX1,4861.67,3941.33,8803.00,1,1.95093e-07,0.000194989
REPS1,3875.67,4928.00,8803.67,1,2.5319e-06,0.000130957
BLOC1S5,4768.33,4036.00,8804.33,1,3.01906e-06,0.000100002
DDX3X,4585.67,4218.67,8804.33,1,6.51919e-07,0.000174921
SERPINB1,4574.33,4231.00,8805.33,1,2.73026e-06,0.000100009
DTD1,4510.00,4295.33,8805.33,1,7.74974e-07,0.000170051
RAB11FIP1,4255.33,4550.00,8805.33,1,5.64142e-06,9.99725e-05
RNASEH2C,4607.33,4198.33,8805.67,1,2.44896e-06,0.000100013
APIP,3865.67,4940.00,8805.67,1,2.57645e-06,0.000129949
RCAN1,4481.00,4324.67,8805.67,1,8.24e-07,0.000168564
TUSC5,4486.00,4320.00,8806.00,1,8.18704e-07,0.000168799
ELAC2,4586.00,4220.33,8806.33,1,6.51809e-07,0.000174748
MCC,4806.00,4001.33,8807.33,1,2.73583e-06,0.000100009
BRWD1,4725.00,4082.67,8807.67,1,3.34133e-06,9.9994e-05
EMR2,4275.67,4532.00,8807.67,1,5.41514e-06,9.99751e-05
POLR3K,4346.67,4461.00,8807.67,1,1.0955e-06,0.000160327
GTF2H3,4380.67,4427.33,8808.00,1,5.54833e-06,9.99319e-05
LINC00621,4715.00,4093.33,8808.33,1,3.39227e-06,9.99922e-05
ZNF22,4382.33,4426.67,8809.00,1,5.5404e-06,9.99322e-05
NPR2,3960.33,4848.67,8809.00,1,9.67918e-06,9.99206e-05
SAMD4A,3929.67,4879.67,8809.33,1,2.3017e-06,0.000134521
RHOT1,4736.00,4074.00,8810.00,1,3.26999e-06,9.99959e-05
BCAS2,4906.33,3904.33,8810.67,1,1.84333e-06,0.000100025
ATG14,4654.00,4156.67,8810.67,1,3.76293e-06,9.9981e-05
FASTKD3,4490.00,4320.67,8810.67,1,4.86266e-06,9.99509e-05
CMBL,4599.33,4212.33,8811.67,1,6.3209e-07,0.000175269
RNF4,4498.67,4313.00,8811.67,1,4.80345e-06,9.99521e-05
SCAMP3,4661.33,4151.00,8812.33,1,3.71433e-06,9.99821e-05
TMED4,4184.00,4629.00,8813.00,1,1.47872e-06,0.000151146
ACOX3,4539.67,4273.33,8813.00,1,2.99896e-06,0.000100005
PCNX,4806.33,4007.00,8813.33,1,2.73364e-06,0.000100008
CLDN7,4074.00,4739.67,8813.67,1,1.80248e-06,0.000144274
PMS2L2,4082.33,4732.00,8814.33,1,7.79315e-06,9.99466e-05
RGS4,3986.00,4829.00,8815.00,1,2.0723e-06,0.000138453
ZNF75A,4625.00,4190.00,8815.00,1,3.93663e-06,9.9975e-05
C14orf79,4124.33,4691.67,8816.00,1,7.23077e-06,9.9953e-05
PACRGL,4608.33,4208.00,8816.33,1,2.43238e-06,0.000100011
LOC202025,4751.33,4065.67,8817.00,1,3.15848e-06,9.99971e-05
TMEM25,4341.00,4476.00,8817.00,1,4.69304e-06,9.99809e-05
VMA21,4938.33,3880.00,8818.33,1,8.42193e-08,0.000201532
CNTRL,4937.67,3881.67,8819.33,1,1.40967e-06,0.000100031
KDM4B,4015.33,4804.33,8819.67,1,1.97764e-06,0.000140265
REPS2,4821.33,3999.00,8820.33,2,4.24934e-07,0.000126236
ACPT,4882.67,3937.67,8820.33,1,7.15345e-07,0.000100045
TRAF1,4751.00,4070.00,8821.00,1,1.45226e-06,0.000100027
STAC,4371.33,4450.00,8821.33,1,4.45956e-06,9.9984e-05
SCFD2,4244.67,4577.00,8821.67,1,5.76935e-06,9.99695e-05
PSMF1,4363.00,4459.00,8822.00,1,1.06459e-06,0.000160529
ERBB2IP,4585.67,4236.33,8822.00,1,4.20861e-06,9.99666e-05
LOC101926967,4800.00,4022.33,8822.33,1,1.15565e-06,0.000100034
NQO2,4004.33,4818.33,8822.67,1,2.01501e-06,0.000139217
SEC22A,4683.00,4140.00,8823.00,1,3.60221e-06,9.99841e-05
SEL1L,4934.67,3889.33,8824.00,1,1.43976e-06,0.000100029
CBX6,4697.33,4127.33,8824.67,1,3.52963e-06,9.99859e-05
MADD,4420.67,4404.33,8825.00,1,4.04432e-06,9.9989e-05
TRAC,4810.67,4014.33,8825.00,1,2.68253e-07,0.000189188
GSTM4,4594.33,4231.33,8825.67,1,6.38428e-07,0.000173997
AGAP9,4779.67,4046.00,8825.67,1,2.91927e-06,0.0001
RAD21,3975.67,4850.67,8826.33,1,2.10935e-06,0.000136956
ALKBH7,4818.33,4008.33,8826.67,1,2.58236e-07,0.00018979
TNIP1,3920.67,4906.00,8826.67,1,2.33192e-06,0.000132543
RADIL,4098.67,4728.00,8826.67,1,7.59154e-06,9.99473e-05
KLHL24,4727.33,4099.67,8827.00,1,3.31519e-06,9.99907e-05
DNAL1,4359.00,4468.33,8827.33,1,4.55846e-06,9.99818e-05
AC091133.1,4129.67,4698.33,8828.00,1,7.16642e-06,9.9952e-05
ZNF432,4381.67,4446.67,8828.33,1,5.54207e-06,9.99279e-05
DAZAP2,4099.33,4730.00,8829.33,1,1.72848e-06,0.000144834
C7orf25,4531.67,4297.67,8829.33,1,4.57375e-06,9.99553e-05
GDPD5,4803.33,4026.33,8829.67,1,2.7891e-07,0.000188178
HAPLN1,4813.33,4016.67,8830.00,1,1.07377e-06,0.000100034
LEMD2,4831.33,3999.33,8830.67,1,9.59222e-07,0.000100037
DDX42,4243.67,4587.00,8830.67,1,1.34349e-06,0.000153651
CAB39,4536.67,4294.00,8830.67,1,3.00656e-06,0.000100002
TERF2,4717.67,4113.33,8831.00,1,1.64538e-06,0.000100022
SLC35A3,4888.00,3943.00,8831.00,1,1.57772e-07,0.000194915
COX10,4987.67,3843.67,8831.33,1,8.61943e-08,0.00010006
FAM208B,4699.00,4132.67,8831.67,1,4.42518e-07,0.000180626
CKAP4,4242.67,4589.00,8831.67,1,1.34437e-06,0.000153561
CBX3,4462.00,4369.67,8831.67,1,5.05866e-06,9.99426e-05
NEURL3,4228.00,4604.67,8832.67,1,5.95846e-06,9.99661e-05
AKR7A3,4793.33,4040.00,8833.33,1,2.91955e-07,0.000187261
LOC101928963,4970.67,3862.67,8833.33,1,8.54301e-07,0.000100035
EMP3,4517.00,4317.33,8834.33,1,7.64409e-07,0.000168906
DTX3,4313.33,4521.33,8834.67,1,1.17434e-06,0.000157213
GPSM1,4835.67,3999.33,8835.00,1,2.31316e-07,0.000190344
PSMC2,4637.33,4198.67,8836.00,1,3.85127e-06,9.99728e-05
CCDC43,4776.33,4060.67,8837.00,1,2.93944e-06,9.9998e-05
NDUFB7,4904.33,3934.00,8838.33,1,1.31981e-07,0.000195553
DSTN,4504.67,4334.33,8839.00,1,7.8642e-07,0.000168055
GSTCD,4859.67,3979.33,8839.00,1,8.29601e-07,0.00010004
PIGK,4258.33,4582.33,8840.67,1,1.30836e-06,0.000153831
RABGAP1,4912.67,3928.00,8840.67,1,1.75216e-06,0.000100021
HNRNPA3,4796.00,4045.00,8841.00,1,2.80456e-06,0.0001
USP28,4963.33,3877.67,8841.00,1,2.04757e-07,0.000100054
CKMT2-AS1,4789.00,4052.00,8841.00,1,2.8443e-06,9.99996e-05
CDC42BPB,4385.33,4455.67,8841.00,1,5.52796e-06,9.9926e-05
ABHD14A-ACY1,4828.00,4013.00,8841.00,1,2.40795e-07,0.000189381
BTBD6,4280.67,4560.67,8841.33,1,6.26054e-06,9.99047e-05
SECISBP2,4034.33,4807.33,8841.67,1,8.40967e-06,9.98391e-05
RNF165,4294.67,4548.00,8842.67,1,5.2065e-06,9.99729e-05
RIN1,4697.67,4145.67,8843.33,1,4.44124e-07,0.000179668
PCYT1A,4175.67,4667.67,8843.33,1,6.54951e-06,9.99566e-05
LBR,4227.00,4617.00,8844.00,1,5.96076e-06,9.99646e-05
LINC00883,4726.00,4118.33,8844.33,1,3.33109e-06,9.99877e-05
MGST2,4501.67,4343.00,8844.67,1,3.31104e-06,9.99956e-05
ABCC8,4132.67,4712.33,8845.00,1,1.62904e-06,0.000146005
ORC4,4489.00,4356.33,8845.33,1,3.41086e-06,9.99942e-05
NCAN,4720.33,4125.33,8845.67,1,1.63027e-06,0.000100021
PPP3CA,4118.00,4727.67,8845.67,1,7.56476e-06,9.9865e-05
PSMD6-AS2,4629.00,4217.00,8846.00,1,3.9064e-06,9.99695e-05
PAICS,4814.00,4032.33,8846.33,1,2.63474e-07,0.000187622
WNK3,4347.67,4499.00,8846.67,1,4.64579e-06,9.99786e-05
ACTR5,4552.00,4295.33,8847.33,1,2.89854e-06,0.000100002
BAG1,4601.00,4247.00,8848.00,1,2.52273e-06,0.000100007
PFKM,4126.67,4722.33,8849.00,1,7.21347e-06,9.99483e-05
ZNF791,4535.33,4314.67,8850.00,1,4.54883e-06,9.99519e-05
ANKHD1,4449.33,4400.67,8850.00,1,5.12836e-06,9.99376e-05
HENMT1,4918.33,3931.67,8850.00,1,1.10165e-07,0.000195732
YLPM1,4586.67,4263.33,8850.00,1,4.19304e-06,9.99608e-05
TRAP1,4898.00,3953.00,8851.00,1,1.40787e-07,0.000194231
ACOT8,4650.33,4201.33,8851.67,1,2.09869e-06,0.000100012
TCEA3,4148.00,4704.00,8852.00,1,1.57857e-06,0.000146432
HSD11B1L,4514.00,4338.33,8852.33,1,7.71208e-07,0.000167935
LNX1,4122.67,4729.67,8852.33,1,1.6534e-06,0.000144844
DYNC1I2,4720.67,4131.67,8852.33,1,3.36512e-06,9.99852e-05
DPY19L4,4630.67,4222.33,8853.00,1,3.89896e-06,9.99683e-05
RAF1,4836.33,4016.67,8853.00,1,2.53325e-06,0.000100006
WDR82,4680.00,4173.33,8853.33,1,3.62674e-06,9.9978e-05
TRIM37,4467.33,4386.67,8854.00,1,5.01357e-06,9.994e-05
ILDR1,4719.00,4135.00,8854.00,1,4.11273e-07,0.000180447
LOX,4736.33,4118.00,8854.33,2,1.4026e-06,0.000132563
POMZP3,4601.00,4253.67,8854.67,1,6.27059e-07,0.000172677
ZNF281,4425.33,4430.00,8855.33,1,5.28506e-06,9.99315e-05
CYB5R2,4253.33,4602.00,8855.33,1,1.31963e-06,0.000152634
PDE7A,4673.00,4182.67,8855.67,1,4.93733e-07,0.000177248
NR2F2,4659.00,4197.00,8856.00,1,3.74467e-06,9.99735e-05
SLC5A5,4958.00,3898.67,8856.67,1,5.8935e-08,0.000199448
C2orf76,4369.00,4488.33,8857.33,1,5.63469e-06,9.99201e-05
ZNF625,4730.00,4128.00,8858.00,1,3.30448e-06,9.99859e-05
STAT6,4744.33,4114.00,8858.33,1,1.48921e-06,0.000100022
MICALCL,4589.67,4268.67,8858.33,1,2.63913e-06,0.000100005
SLC2A11,4637.67,4220.67,8858.33,1,2.20335e-06,0.00010001
MED9,4851.33,4007.67,8859.00,1,8.71087e-07,0.000100036
CSPG5,4863.00,3996.00,8859.00,1,8.09579e-07,0.000100037
PHC3,4778.33,4081.67,8860.00,1,2.92555e-06,9.99942e-05
TUBA4A,4672.00,4189.33,8861.33,1,1.93229e-06,0.000100014
EMILIN3,4841.67,4019.67,8861.33,1,2.23374e-07,0.000188759
FAM53C,4790.00,4072.67,8862.67,1,2.84003e-06,9.99961e-05
ARAP2,4951.67,3911.33,8863.00,1,6.69785e-08,0.000198105
PM20D2,4069.00,4794.33,8863.33,1,1.81726e-06,0.000140988
MFSD9,4869.00,3994.33,8863.33,1,7.85437e-07,0.000100037
CPA4,4720.33,4143.33,8863.67,2,2.43466e-07,0.000112677
SCD,4634.00,4230.33,8864.33,1,5.64677e-07,0.000174067
IMPAD1,4250.00,4614.67,8864.67,1,1.32661e-06,0.000152021
LOC100132057,4347.33,4518.00,8865.33,1,4.64586e-06,9.99763e-05
SPAG16,4639.67,4226.00,8865.67,1,5.55792e-07,0.000174398
BBS9,4833.67,4032.00,8865.67,1,2.55003e-06,0.000100003
POT1,4971.33,3895.33,8866.67,1,8.19107e-07,0.000100028
FBXL15,4722.00,4145.00,8867.00,1,1.61161e-06,0.000100019
LOC729683,4695.00,4172.00,8867.00,1,4.52508e-07,0.000177919
LAMTOR3,4395.67,4471.67,8867.33,1,5.46143e-06,9.99236e-05
ZNF544,4817.00,4051.00,8868.00,1,2.60676e-07,0.000186547
RIMKLA,4265.33,4603.33,8868.67,1,5.51685e-06,9.99662e-05
CDC42EP2,4375.67,4493.00,8868.67,1,1.03969e-06,0.00015873
RSBN1,4700.00,4169.00,8869.00,1,3.51586e-06,9.99787e-05
CTAGE15,4557.67,4312.33,8870.00,1,4.39759e-06,9.99524e-05
TATDN2,4912.00,3958.00,8870.00,1,1.2202e-07,0.000193973
ARHGEF37,4549.33,4321.67,8871.00,1,7.14411e-07,0.000168667
TIMMDC1,3966.00,4905.33,8871.33,1,9.1694e-06,9.97731e-05
NOL7,4248.67,4622.67,8871.33,1,6.48944e-06,9.9891e-05
YBX1,4988.33,3883.67,8872.00,1,1.99944e-08,0.000201129
C21orf119,4442.00,4430.33,8872.33,1,3.83716e-06,9.9986e-05
GLTSCR1L,4641.00,4231.67,8872.67,1,3.82709e-06,9.99672e-05
HRASLS2,4864.00,4009.00,8873.00,1,1.93382e-07,0.000189736
IRF2,4154.67,4718.67,8873.33,1,7.23264e-06,9.98681e-05
BLOC1S1-RDH5,4046.33,4827.33,8873.67,1,1.87306e-06,0.000138526
YAP1,4290.33,4583.67,8874.00,1,6.20928e-06,9.98989e-05
PDK2,4707.00,4167.00,8874.00,1,4.31104e-07,0.000178303
HECTD1,4750.33,4124.00,8874.33,1,3.16578e-06,9.99867e-05
ZNRD1,4677.67,4197.00,8874.67,1,4.88452e-07,0.000176149
SSH2,4015.00,4860.00,8875.00,1,1.97774e-06,0.000136143
ZBTB7B,4146.33,4728.67,8875.00,1,6.90717e-06,9.99471e-05
PFKP,4542.33,4333.00,8875.33,1,7.25438e-07,0.000168086
EBF2,3934.67,4941.00,8875.67,1,1.0187e-05,9.98845e-05
LOC101926907,4441.33,4434.33,8875.67,1,3.8426e-06,9.99853e-05
RPS9,4606.67,4269.33,8876.00,1,6.19919e-07,0.000171597
HIVEP1,4217.00,4659.33,8876.33,1,1.40412e-06,0.000149246
PLSCR1,4101.33,4775.33,8876.67,1,1.72371e-06,0.000142225
NUDT18,4060.67,4816.00,8876.67,1,8.10973e-06,9.99295e-05
RIN2,4488.00,4389.00,8877.00,1,4.87503e-06,9.99396e-05
CLEC3A,4775.33,4101.67,8877.00,1,1.32904e-06,0.000100023
RALGAPA1,4836.33,4040.67,8877.00,1,2.29248e-07,0.000187237
PTGR2,4469.67,4408.00,8877.67,1,4.98468e-06,9.99363e-05
ZFYVE19,4886.67,3991.33,8878.00,1,6.98895e-07,0.000100038
COX6CP1,4908.00,3970.00,8878.00,1,5.50533e-07,0.000100041
SYNCRIP,4074.67,4803.33,8878.00,1,7.98206e-06,9.98411e-05
ZNF175,4583.00,4296.00,8879.00,1,4.23311e-06,9.99557e-05
NIPBL,4693.67,4185.67,8879.33,1,3.54785e-06,9.99757e-05
APOOL,4367.67,4512.33,8880.00,1,5.64169e-06,9.99148e-05
OIP5-AS1,4852.67,4027.33,8880.00,1,2.34047e-06,0.000100004
STK35,4597.00,4283.67,8880.67,1,6.34914e-07,0.000170752
CLEC7A,3935.67,4945.67,8881.33,1,2.27531e-06,0.000129054
KLHL35,4795.67,4085.67,8881.33,1,1.18654e-06,0.000100025
NUFIP2,4604.67,4277.67,8882.33,1,4.06887e-06,9.99584e-05
ZNF277,4842.33,4040.33,8882.67,1,2.48284e-06,0.000100002
PCF11,4745.67,4137.33,8883.00,1,3.19572e-06,9.99844e-05
KIFC2,4390.00,4493.33,8883.33,1,1.00876e-06,0.000158672
TRIM44,3973.67,4910.00,8883.67,1,2.11632e-06,0.000132333
HCG26,4207.67,4676.00,8883.67,1,6.17039e-06,9.99556e-05
TGS1,4064.67,4819.67,8884.33,1,1.8311e-06,0.000139133
LOC93622,4809.67,4074.67,8884.33,1,2.71381e-06,9.99956e-05
GNAI3,4255.67,4628.67,8884.33,1,6.44778e-06,9.98898e-05
MYH14,4800.33,4084.33,8884.67,1,2.82903e-07,0.000184211
MANF,4724.00,4160.67,8884.67,1,3.35022e-06,9.99801e-05
ZNF416,4198.67,4687.33,8886.00,1,6.27915e-06,9.99535e-05
WDYHV1,4678.67,4208.00,8886.67,1,3.62939e-06,9.99713e-05
CRIP1,4721.00,4166.33,8887.33,2,2.98959e-07,0.000127143
IFITM1,4685.33,4202.33,8887.67,1,4.70726e-07,0.000175784
STRN,4682.00,4205.67,8887.67,1,3.61279e-06,9.99715e-05
NUP35,4864.67,4023.67,8888.33,1,2.24814e-06,0.000100005
SLC35F5,4874.67,4013.67,8888.33,1,2.15082e-06,0.000100007
MFHAS1,4821.00,4068.33,8889.33,1,1.01377e-06,0.000100028
TMEM5,4616.67,4272.67,8889.33,2,1.8045e-06,9.99253e-05
PLD1,4499.33,4390.33,8889.67,1,3.32334e-06,9.99902e-05
TM9SF1,4308.00,4582.67,8890.67,1,5.05004e-06,9.99689e-05
BCAM,4548.67,4343.00,8891.67,1,7.16257e-07,0.000167572
ZNF202,4529.67,4362.33,8892.00,1,3.06678e-06,9.99936e-05
FANCG,4185.00,4707.00,8892.00,1,6.43082e-06,9.99505e-05
EP400,4869.00,4023.00,8892.00,1,2.19967e-06,0.000100005
SCFD1,4160.33,4732.00,8892.33,1,7.17341e-06,9.9864e-05
FAM134B,4173.00,4723.00,8896.00,1,1.51039e-06,0.00014529
WRB,4653.00,4243.33,8896.33,1,3.7661e-06,9.99654e-05
GABBR2,4681.67,4215.33,8897.00,1,1.87103e-06,0.00010001
SARNP,4160.67,4736.67,8897.33,2,3.49513e-06,9.98626e-05
CAMP,4854.00,4043.67,8897.67,1,8.54358e-07,0.000100031
ALDH1L2,4596.67,4302.00,8898.67,1,6.35439e-07,0.000169679
BRIP1,4612.33,4286.67,8899.00,1,6.08398e-07,0.000170578
LOC100652768,4334.33,4565.33,8899.67,1,1.11885e-06,0.000154802
DDAH1,4425.00,4474.67,8899.67,1,9.35811e-07,0.000159587
STK10,4155.67,4744.33,8900.00,1,6.78188e-06,9.99448e-05
PCDHB13,4829.33,4071.00,8900.33,1,2.57727e-06,9.99964e-05
FBN3,4348.00,4553.00,8901.00,1,4.6447e-06,9.99721e-05
ZNF558,4778.00,4123.33,8901.33,1,2.9269e-06,9.99868e-05
TRAM2-AS1,4237.67,4664.00,8901.67,1,5.84923e-06,9.9957e-05
UBA3,4847.67,4054.00,8901.67,1,2.41765e-06,9.99993e-05
FBXL3,4561.67,4340.67,8902.33,1,6.96417e-07,0.000167711
RARS2,4472.00,4431.00,8903.00,1,8.41545e-07,0.000162221
RP4-773N10.4,4710.00,4193.67,8903.67,1,3.432e-06,9.99744e-05
USP31,3994.00,4910.33,8904.33,1,2.04394e-06,0.000132317
SNX6,4819.67,4085.00,8904.67,1,2.64898e-06,9.99937e-05
NAPG,4002.00,4902.67,8904.67,1,8.74222e-06,9.97756e-05
RARA-AS1,4405.33,4499.67,8905.00,1,4.16688e-06,9.99786e-05
CDH2,4920.67,3984.67,8905.33,1,4.72646e-07,0.000100039
AARS,4998.67,3906.67,8905.33,1,2.99319e-08,0.000100025
SIM2,4624.67,4281.00,8905.67,1,5.81981e-07,0.000170934
PDLIM1,4074.00,4831.67,8905.67,1,7.91515e-06,9.99248e-05
LEF1,4549.67,4357.33,8907.00,1,7.13995e-07,0.000166675
COX19,4041.00,4866.33,8907.33,1,8.41265e-06,9.99156e-05
LINC00523,4286.33,4621.33,8907.67,1,1.23429e-06,0.000151617
MOSPD2,4252.67,4655.00,8907.67,1,6.46983e-06,9.98835e-05
NOD1,4052.00,4855.67,8907.67,1,8.25025e-06,9.99194e-05
BRD9,3994.00,4913.67,8907.67,1,9.15371e-06,9.98985e-05
SH3PXD2B,4941.67,3966.33,8908.00,1,8.08386e-08,0.00019322
UBA5,4226.67,4681.33,8908.00,1,6.6443e-06,9.98776e-05
PITRM1,4475.33,4433.00,8908.33,1,8.37152e-07,0.000162053
ARPC5L,4539.67,4371.33,8911.00,1,4.51339e-06,9.99423e-05
L3HYPDH,3997.67,4913.33,8911.00,1,9.09735e-06,9.98988e-05
KIAA1467,4119.00,4792.33,8911.33,1,1.66353e-06,0.000141162
RP13-39P12.3,4777.67,4134.00,8911.67,1,3.13498e-07,0.000180525
LPAR3,4892.67,4021.33,8914.00,1,6.45092e-07,0.000100034
KCNQ1,4449.00,4465.33,8914.33,1,8.83551e-07,0.000160084
HCCS,4681.00,4233.33,8914.33,1,1.88218e-06,0.000100008
ZFHX3,4106.33,4808.33,8914.67,1,1.71074e-06,0.000139997
ZFYVE20,4104.67,4811.33,8916.00,1,7.49099e-06,9.99301e-05
ZNF320,4687.67,4228.67,8916.33,1,3.58277e-06,9.99675e-05
TAL1,4380.33,4536.33,8916.67,1,4.39343e-06,9.99746e-05
C2orf68,4861.33,4055.67,8917.00,1,2.25899e-06,9.9999e-05
ATP6V1G1,4270.00,4648.00,8918.00,1,5.47198e-06,9.99595e-05
LOC100287098,4612.00,4306.33,8918.33,1,6.0844e-07,0.000169563
SAMD12,4979.00,3939.33,8918.33,1,6.46503e-07,0.000100018
AP3D1,4704.67,4214.33,8919.00,1,1.73195e-06,0.000100011
ZNF200,4304.67,4614.67,8919.33,1,6.11949e-06,9.98925e-05
TRIP12,4917.00,4005.33,8922.33,1,1.68634e-06,0.000100008
SERPINB7,4428.33,4495.67,8924.00,1,3.96962e-06,9.9979e-05
FKTN,4346.33,4578.00,8924.33,1,5.79655e-06,9.99004e-05
HAUS3,4708.00,4216.67,8924.67,1,3.4443e-06,9.99697e-05
C10orf82,4676.33,4248.67,8925.00,1,1.90948e-06,0.000100007
HOXD10,3985.33,4939.67,8925.00,1,2.07416e-06,0.000129963
ZFP91,4565.00,4360.00,8925.00,1,4.35768e-06,9.99444e-05
AK5,4626.00,4299.33,8925.33,1,2.29357e-06,0.000100002
PHC2,4909.00,4016.33,8925.33,1,1.26537e-07,0.000189068
CCDC102A,4388.67,4537.00,8925.67,1,4.33226e-06,9.99743e-05
ABCD4,4002.67,4924.00,8926.67,1,2.01719e-06,0.000131245
VBP1,4499.33,4428.00,8927.33,1,4.80003e-06,9.99318e-05
NAGA,4472.33,4455.33,8927.67,1,3.58348e-06,9.99833e-05
DNTTIP2,4601.00,4327.33,8928.33,1,4.09666e-06,9.99503e-05
TNFRSF21,4460.00,4469.00,8929.00,2,1.59875e-06,0.000122632
PRKCA,4210.33,4719.67,8930.00,1,1.42046e-06,0.000145414
CETN2,4619.00,4311.00,8930.00,1,3.98273e-06,9.99526e-05
NANS,4394.00,4536.67,8930.67,1,9.96512e-07,0.000156462
ATRN,4566.00,4364.67,8930.67,1,4.34981e-06,9.99436e-05
LMF1,4287.00,4644.33,8931.33,1,5.30331e-06,9.99598e-05
RNF19A,4554.33,4377.00,8931.33,1,4.42784e-06,9.99417e-05
ZNF600,4511.00,4421.33,8932.33,1,4.72876e-06,9.99331e-05
PKI55,4236.00,4696.67,8932.67,1,5.87349e-06,9.99522e-05
ZBTB3,4012.00,4921.00,8933.00,1,8.87638e-06,9.98942e-05
C19orf54,4461.00,4472.00,8933.00,1,3.67722e-06,9.99812e-05
BSDC1,4452.33,4482.00,8934.33,1,8.7118e-07,0.000159293
LINC00667,4159.00,4775.33,8934.33,1,6.74687e-06,9.9938e-05
GNA12,4351.00,4583.33,8934.33,1,5.74831e-06,9.98989e-05
ZBED5,4708.00,4226.67,8934.67,1,4.30193e-07,0.000174337
PKMYT1,4662.33,4273.33,8935.67,1,5.17802e-07,0.000171464
ZNF275,4594.67,4341.67,8936.33,1,2.57568e-06,9.99959e-05
FAT2,4632.67,4304.00,8936.67,1,2.24039e-06,0.000100001
OSBPL1A,4447.00,4490.00,8937.00,1,8.89176e-07,0.000158843
KIAA0319L,4831.33,4109.33,8940.67,1,2.56066e-06,9.99891e-05
TRIM52,4698.33,4242.33,8940.67,1,3.5264e-06,9.99655e-05
GPN2,4681.33,4259.67,8941.00,1,1.87727e-06,0.000100006
ZFYVE1,4416.33,4525.33,8941.67,1,4.09165e-06,9.99757e-05
NAPB,4671.67,4270.67,8942.33,1,3.66156e-06,9.99594e-05
LINC01134,4727.33,4217.33,8944.67,1,3.98948e-07,0.000175012
SF1,4222.00,4723.67,8945.67,1,1.39386e-06,0.000145244
SLC35A1,4413.00,4533.00,8946.00,1,5.37581e-06,9.99105e-05
EPN3,4552.33,4394.33,8946.67,1,7.10534e-07,0.000164461
AP5B1,4586.67,4360.33,8947.00,1,2.65357e-06,9.99938e-05
P4HTM,4781.33,4165.67,8947.00,1,1.27837e-06,0.000100017
LSMEM1,4717.33,4230.00,8947.33,1,1.64778e-06,0.000100009
PIK3C2A,4474.00,4473.33,8947.33,1,8.39332e-07,0.000159653
HCRP1,4852.67,4094.67,8947.33,1,8.58055e-07,0.000100024
TBC1D7,4216.67,4731.00,8947.67,1,1.40506e-06,0.000144818
LOC100506473,4435.67,4512.33,8948.00,1,3.90354e-06,9.99769e-05
PSMD2,4477.67,4470.67,8948.33,1,4.9407e-06,9.99237e-05
TAX1BP1,4798.00,4150.67,8948.67,1,2.78609e-06,9.99822e-05
WDFY3,4383.67,4565.33,8949.00,1,5.5336e-06,9.99033e-05
MTDH,4710.33,4239.00,8949.33,1,3.43145e-06,9.9966e-05
ALDH4A1,4827.33,4122.33,8949.67,1,2.41065e-07,0.000181499
MUL1,4530.00,4419.67,8949.67,1,3.06661e-06,9.99874e-05
BCL9,4758.00,4192.33,8950.33,1,1.42264e-06,0.000100014
PLEKHF2,4422.33,4529.00,8951.33,1,9.39829e-07,0.00015683
PTPN1,4877.33,4074.33,8951.67,1,1.72003e-07,0.000184833
SPDL1,4520.33,4431.67,8952.00,1,4.6534e-06,9.99312e-05
C1orf198,4956.67,3995.33,8952.00,1,1.10739e-06,0.00010001
MAP6D1,4763.67,4189.00,8952.67,1,1.39882e-06,0.000100014
LOC285074,4815.67,4137.00,8952.67,1,2.67454e-06,9.99844e-05
SNX24,4075.33,4878.33,8953.67,1,1.79755e-06,0.000134548
DNAJC2,4323.67,4630.00,8953.67,1,1.14383e-06,0.00015109
MYRFL,4384.33,4569.67,8954.00,1,4.35539e-06,9.99703e-05
C14orf142,4603.67,4352.33,8956.00,1,6.24975e-07,0.000166884
PIGS,4917.67,4039.67,8957.33,1,4.87812e-07,0.000100031
CRHR1-IT1,4901.33,4057.00,8958.33,1,6.00347e-07,0.000100029
RAD51D,4695.00,4265.33,8960.33,1,1.77792e-06,0.000100005
C3orf18,4336.67,4624.33,8961.00,1,4.73013e-06,9.99635e-05
CTSV,4527.33,4433.67,8961.00,1,7.4821e-07,0.000162017
TROAP,4378.33,4584.33,8962.67,1,1.03355e-06,0.000153737
PTPRJ,4844.33,4119.33,8963.67,1,2.19049e-07,0.000181787
NENF,4723.33,4240.33,8963.67,1,4.05277e-07,0.00017345
PAXBP1,4458.67,4505.33,8964.00,1,5.07061e-06,9.99165e-05
SETD6,4826.33,4138.00,8964.33,1,2.59554e-06,9.99844e-05
NUDT22,4563.67,4401.00,8964.67,1,6.93741e-07,0.000163988
TUBGCP6,4880.33,4084.67,8965.00,1,7.25913e-07,0.000100025
ARHGEF5,4609.33,4357.33,8966.67,1,2.4284e-06,9.99941e-05
TGFB1I1,4160.00,4806.67,8966.67,1,1.54773e-06,0.000140173
TTYH3,4362.67,4604.33,8967.00,1,1.06536e-06,0.000152523
ZNF518A,4048.67,4918.67,8967.33,1,1.86748e-06,0.000131459
ZNF891,4645.00,4322.67,8967.67,1,2.14571e-06,9.99985e-05
MBLAC1,4841.67,4129.33,8971.00,1,9.1726e-07,0.000100021
LOC101929668,4853.67,4117.67,8971.33,1,8.54752e-07,0.000100022
RP11-235E17.4,4847.67,4124.33,8972.00,1,8.87314e-07,0.000100021
IL1A,4001.67,4970.67,8972.33,1,9.04585e-06,9.98571e-05
BCDIN3D,4739.00,4234.33,8973.33,1,1.51002e-06,0.000100008
USP16,4693.00,4280.33,8973.33,1,3.54866e-06,9.9958e-05
AFTPH,4588.67,4384.67,8973.33,1,4.17876e-06,9.99402e-05
CDH1,4885.33,4088.67,8974.00,1,1.61818e-07,0.000183998
IL1RN,4228.67,4746.00,8974.67,1,1.37712e-06,0.000143953
REST,4390.67,4584.00,8974.67,1,1.0078e-06,0.000153758
SLC43A2,4273.00,4701.67,8974.67,1,5.43967e-06,9.99517e-05
UBA6,4068.33,4906.67,8975.00,1,1.8217e-06,0.000132479
AHR,4696.00,4279.33,8975.33,1,3.53887e-06,9.99582e-05
TRIM69,4107.00,4868.33,8975.33,1,1.70906e-06,0.000135419
SHQ1,4298.00,4677.33,8975.33,2,3.02055e-06,9.98621e-05
CCDC134,4893.00,4083.67,8976.67,1,6.43317e-07,0.000100025
CCDC88C,4213.33,4763.67,8977.00,1,6.75838e-06,9.98561e-05
MIR6516,4188.33,4789.00,8977.33,1,6.37997e-06,9.99355e-05
SAPCD2,4895.33,4082.33,8977.67,1,1.46431e-07,0.000184367
SND1-IT1,4479.33,4499.67,8979.00,1,4.93542e-06,9.99178e-05
MSRB1,4557.67,4421.67,8979.33,1,2.85427e-06,9.99872e-05
SLX4IP,4928.00,4051.67,8979.67,1,1.56016e-06,9.99996e-05
CEP350,4628.33,4351.33,8979.67,1,3.90856e-06,9.99459e-05
KCND2,4408.67,4571.00,8979.67,2,2.57132e-06,9.98922e-05
CEBPA,4272.00,4707.67,8979.67,1,1.26981e-06,0.000146187
BBIP1,4271.00,4709.00,8980.00,1,1.27112e-06,0.000146129
AIF1,4664.00,4318.67,8982.67,1,5.1369e-07,0.000168868
HRASLS5,4068.00,4914.67,8982.67,1,8.00351e-06,9.98977e-05
KIF18B,4871.00,4112.00,8983.00,1,1.79448e-07,0.000182332
TSEN2,4967.00,4017.00,8984.00,1,1.93078e-07,0.000100034
FANCI,4355.67,4629.33,8985.00,1,1.07718e-06,0.000151112
FAM229B,4919.67,4065.33,8985.00,1,1.66007e-06,9.99973e-05
PARD6A,4826.00,4159.33,8985.33,1,9.86395e-07,0.000100018
MORC2-AS1,4536.00,4449.67,8985.67,1,3.01337e-06,9.9984e-05
KIF3C,4880.00,4106.33,8986.33,1,7.27823e-07,0.000100023
ZNF232,4589.67,4397.00,8986.67,1,4.17478e-06,9.99383e-05
CCZ1,4484.00,4503.00,8987.00,1,8.22095e-07,0.000158245
LOC102723721,4867.00,4121.33,8988.33,1,7.98226e-07,0.000100021
LINC00926,4661.33,4327.33,8988.67,1,1.99915e-06,9.99979e-05
SLMAP,4704.00,4285.00,8989.00,1,3.48312e-06,9.99572e-05
CD300A,4714.67,4274.33,8989.00,1,4.17515e-07,0.000171394
PRKCQ-AS1,4357.00,4632.33,8989.33,1,4.57595e-06,9.99623e-05
CHPT1,4356.00,4634.00,8990.00,1,1.07712e-06,0.000150889
KDELC2,4829.00,4161.00,8990.00,1,2.57866e-06,9.998e-05
EEFSEC,4543.00,4447.33,8990.33,1,2.96186e-06,9.99842e-05
CLCN5,4950.00,4041.00,8991.00,1,2.96431e-07,0.000100031
CCDC58,4470.67,4520.33,8991.00,1,8.44112e-07,0.000157236
ZNF365,4244.00,4747.67,8991.67,1,5.77446e-06,9.99441e-05
FCGR1A,4273.67,4718.33,8992.00,1,1.26416e-06,0.000145532
SUGT1,4858.00,4134.00,8992.00,1,2.29816e-06,9.99847e-05
COTL1,4452.00,4540.00,8992.00,1,8.73495e-07,0.000156323
SRP72,4268.67,4724.00,8992.67,1,1.27704e-06,0.00014521
ZNF713,4897.33,4096.00,8993.33,1,1.92833e-06,9.99914e-05
AMMECR1L,4828.33,4165.33,8993.67,1,2.58996e-06,9.99793e-05
PRPF18,4738.33,4255.67,8994.00,1,3.80452e-07,0.000172513
HSPD1,4991.33,4002.67,8994.00,1,1.30411e-08,0.000190069
CPNE2,4472.00,4523.00,8995.00,1,3.58675e-06,9.9976e-05
POC1B,4559.67,4436.33,8996.00,1,2.84451e-06,9.99852e-05
USP30-AS1,4597.00,4399.33,8996.33,1,2.5545e-06,9.99895e-05
EXOC1,4633.67,4362.67,8996.33,1,3.88652e-06,9.99439e-05
PCNP,4915.33,4082.00,8997.33,1,1.69989e-06,9.99942e-05
BICD2,4687.33,4310.33,8997.67,1,3.58309e-06,9.99528e-05
SREK1,4653.67,4344.00,8997.67,1,3.76299e-06,9.99472e-05
PCAT6,4562.67,4435.67,8998.33,1,4.37052e-06,9.99306e-05
DNAJC14,4805.00,4194.67,8999.67,1,1.12365e-06,0.000100013
FAM26E,4158.67,4841.00,8999.67,1,6.75177e-06,9.9923e-05
GON4L,4714.67,4285.33,9000.00,1,3.39259e-06,9.99572e-05
ASNSD1,4903.00,4098.67,9001.67,1,1.87181e-06,9.99911e-05
MAP7D3,4533.33,4468.67,9002.00,1,3.03686e-06,9.99817e-05
ARHGAP22,4645.67,4358.00,9003.67,1,2.13757e-06,9.9994e-05
KIFC3,4203.00,4800.67,9003.67,1,6.21642e-06,9.99329e-05
USP9X,4470.67,4534.00,9004.67,1,4.97993e-06,9.99104e-05
ITGA5,4297.33,4708.33,9005.67,1,1.21162e-06,0.000146145
SELM,4976.00,4030.00,9006.00,1,3.90743e-08,0.000187782
PPP2CA,4128.00,4878.00,9006.00,1,7.18656e-06,9.99119e-05
ST13,4858.67,4148.00,9006.67,1,2.28847e-06,9.99829e-05
CASP8AP2,4338.33,4669.00,9007.33,1,5.84645e-06,9.98802e-05
MARCH9,4229.00,4779.00,9008.00,1,5.94808e-06,9.99375e-05
NCSTN,4794.67,4214.67,9009.33,1,2.89382e-07,0.000175177
GOLGA1,4923.67,4086.67,9010.33,1,4.58061e-07,0.000100025
GPR4,4258.33,4753.00,9011.33,1,5.62576e-06,9.99429e-05
DPP8,4529.33,4482.33,9011.67,1,4.59985e-06,9.9921e-05
CD80,4704.33,4307.33,9011.67,1,3.4788e-06,9.99538e-05
APPL2,4642.33,4369.67,9012.00,1,5.51096e-07,0.000165712
LIMD2,4814.33,4198.00,9012.33,1,2.62374e-07,0.000176098
RAD51L3-RFFL,4986.33,4026.00,9012.33,1,2.29414e-08,0.000188227
WDR12,4528.67,4483.67,9012.33,1,7.47219e-07,0.00015924
STAMBPL1,4664.00,4349.67,9013.67,1,1.98497e-06,9.99951e-05
EIF3E,4880.67,4133.33,9014.00,1,2.10692e-06,9.99849e-05
INTS12,4390.00,4625.00,9015.00,1,5.49701e-06,9.98906e-05
MRPL47,4663.67,4351.33,9015.00,1,5.13858e-07,0.000166918
ARHGAP23,4383.33,4632.00,9015.33,1,1.02473e-06,0.000151008
ENTPD7,4709.33,4306.00,9015.33,1,1.70662e-06,0.000100001
GABRB3,4653.00,4363.33,9016.33,1,2.07122e-06,9.99934e-05
CDKN1A,4467.00,4549.33,9016.33,1,3.63036e-06,9.99727e-05
ATP10A,4067.33,4949.33,9016.67,1,1.82258e-06,0.000128409
RP11-932O9.10,4402.67,4614.33,9017.00,1,4.20979e-06,9.99649e-05
ZNF19,4933.67,4083.33,9017.00,1,4.07691e-07,0.000100025
NUPR1,4651.00,4366.33,9017.33,1,5.34018e-07,0.000165994
EIF5A2,4118.00,4899.33,9017.33,1,7.30622e-06,9.99038e-05
ELL2,4633.00,4384.33,9017.33,1,3.88996e-06,9.99402e-05
TIRAP,4967.67,4050.00,9017.67,1,1.84765e-07,0.00010003
C17orf104,4703.67,4314.00,9017.67,1,4.35241e-07,0.000169075
C3orf67,4534.33,4484.33,9018.67,2,1.92245e-06,9.9904e-05
FGF11,4634.67,4384.33,9019.00,1,5.63842e-07,0.000164848
APCDD1L,4284.67,4735.00,9019.67,1,5.32137e-06,9.99461e-05
TUFM,4529.00,4491.33,9020.33,1,7.46184e-07,0.000158749
DLG1,4231.33,4791.00,9022.33,1,1.36899e-06,0.000141222
MT1X,4221.67,4800.67,9022.33,1,1.39401e-06,0.000140492
EPC2,4783.33,4239.33,9022.67,1,2.88759e-06,9.9966e-05
TPD52,4382.00,4640.67,9022.67,1,1.0286e-06,0.000150351
DHRS7,4277.67,4745.67,9023.33,1,1.25366e-06,0.000143999
FRYL,4177.67,4845.67,9023.33,1,1.49862e-06,0.000137294
FAM76B,4375.33,4648.33,9023.67,1,5.58242e-06,9.98854e-05
PGAM1,4665.00,4359.00,9024.00,1,3.6915e-06,9.99445e-05
SORT1,4537.00,4487.00,9024.00,1,3.00641e-06,9.99796e-05
FOXJ3,4727.67,4297.00,9024.67,1,1.58556e-06,0.000100002
AIM1L,4400.00,4626.33,9026.33,1,9.86259e-07,0.000151325
ADSS,4791.33,4236.00,9027.33,1,2.96292e-07,0.000173608
GATS,4143.00,4884.67,9027.67,1,6.9515e-06,9.99102e-05
PARP11,4839.00,4188.67,9027.67,1,2.51912e-06,9.99752e-05
MAGEC1,4831.00,4198.00,9029.00,1,9.64071e-07,0.000100013
LGR4,4340.00,4689.00,9029.00,1,1.10951e-06,0.000147317
PTK2,4893.67,4136.33,9030.00,1,1.96238e-06,9.99846e-05
LOC102724156,4300.00,4730.00,9030.00,1,5.17168e-06,9.9947e-05
TAS2R14,4144.67,4886.00,9030.67,1,6.9324e-06,9.99094e-05
LRRC58,4464.00,4566.67,9030.67,1,5.04355e-06,9.99029e-05
NFXL1,4732.33,4298.67,9031.00,1,3.28911e-06,9.99552e-05
UBE2V2,4833.33,4198.00,9031.33,1,2.55158e-06,9.99732e-05
ACTN1,4618.67,4415.00,9033.67,1,5.95514e-07,0.000163037
CAAP1,4737.33,4296.67,9034.00,1,1.51905e-06,0.000100002
TMEM30B,4912.67,4123.00,9035.67,1,1.20137e-07,0.000181474
TMEM136,4608.00,4427.67,9035.67,1,4.05301e-06,9.99319e-05
DNAH17,4814.67,4221.00,9035.67,1,1.06774e-06,0.00010001
NDUFB6,4617.33,4418.67,9036.00,1,5.97923e-07,0.00016292
METAP2,4214.33,4821.67,9036.00,1,6.75445e-06,9.98313e-05
BAG6,4747.00,4289.33,9036.33,1,3.62197e-07,0.000170501
VNN3,4475.00,4561.33,9036.33,1,3.54164e-06,9.99713e-05
GANC,4426.00,4611.00,9037.00,1,3.98673e-06,9.99653e-05
ZNF500,4534.33,4503.00,9037.33,1,4.54999e-06,9.99169e-05
DUSP11,4640.00,4397.67,9037.67,1,3.83014e-06,9.9938e-05
VKORC1L1,4680.67,4357.67,9038.33,1,1.8848e-06,9.9994e-05
RSL24D1,4817.67,4221.00,9038.67,1,2.66052e-06,9.99687e-05
CDR2,4725.67,4313.33,9039.00,1,3.33402e-06,9.99521e-05
ETNK1,4741.33,4298.00,9039.33,1,3.75113e-07,0.000169831
UVSSA,4645.00,4395.33,9040.33,1,5.44372e-07,0.000164403
TCTN1,4195.67,4844.67,9040.33,1,6.29332e-06,9.99216e-05
UTP3,4750.67,4290.00,9040.67,1,3.16462e-06,9.99566e-05
CNOT6L,4773.33,4267.67,9041.00,1,3.19159e-07,0.000171688
RBM23,4628.67,4412.33,9041.00,1,3.90656e-06,9.99354e-05
ZBTB49,4500.33,4540.67,9041.00,1,3.31736e-06,9.99737e-05
SMYD2,4810.33,4231.00,9041.33,1,2.68817e-07,0.000174025
A2ML1,4622.67,4418.67,9041.33,1,2.31859e-06,9.99874e-05
SF3B1,4765.00,4277.00,9042.00,1,3.04604e-06,9.99585e-05
STOX1,4952.00,4092.00,9044.00,1,2.74873e-07,0.000100024
SUPT20H,4081.33,4963.00,9044.33,1,1.77827e-06,0.000126525
NDUFA5,4610.67,4434.33,9045.00,1,4.04148e-06,9.99307e-05
EIF5,4803.67,4241.33,9045.00,1,2.75274e-06,9.99658e-05
RUFY1,4602.00,4443.33,9045.33,1,6.26431e-07,0.000161473
TSFM,4868.33,4177.00,9045.33,1,7.9156e-07,0.000100015
MGAT1,4604.00,4441.67,9045.67,1,4.07718e-06,9.99289e-05
NUDT16,4430.00,4616.00,9046.00,1,3.95607e-06,9.99647e-05
KDM2B,4777.67,4268.33,9046.00,1,2.92705e-06,9.99601e-05
LOC101927330,4614.33,4432.33,9046.67,1,2.38046e-06,9.99856e-05
LINC00869,4703.33,4343.67,9047.00,1,1.73841e-06,9.99956e-05
ZBTB6,4190.00,4857.00,9047.00,1,6.36426e-06,9.99191e-05
HEATR1,4866.67,4180.67,9047.33,1,2.22629e-06,9.99769e-05
DAB1,4380.00,4667.67,9047.67,1,1.03021e-06,0.000148613
GPATCH2,4796.67,4251.33,9048.00,1,2.8031e-06,9.99636e-05
AKAP7,4100.00,4948.00,9048.00,1,1.72634e-06,0.000128753
CLIP1,4871.33,4177.33,9048.67,1,2.18186e-06,9.99775e-05
GTPBP3,4986.00,4062.67,9048.67,1,2.34248e-08,0.000185623
RASGRP3,4250.67,4798.00,9048.67,1,1.32478e-06,0.000140662
YWHAH,4611.33,4438.00,9049.33,1,6.09533e-07,0.000161782
MYOF,4739.33,4310.67,9050.00,1,3.252e-06,9.99527e-05
FBXW4P1,4774.00,4277.33,9051.33,1,1.33117e-06,0.000100004
GPATCH8,4920.67,4130.67,9051.33,1,1.64879e-06,9.99852e-05
RAB28,4780.67,4271.67,9052.33,1,2.90118e-06,9.99592e-05
ANKRD49,4463.67,4589.33,9053.00,1,5.04508e-06,9.98978e-05
NEK10,4786.33,4267.00,9053.33,1,1.23545e-06,0.000100005
CSPP1,4711.00,4342.67,9053.67,1,3.43e-06,9.99474e-05
CD81,4940.67,4113.67,9054.33,1,1.35783e-06,9.99884e-05
E2F3,4684.67,4370.00,9054.67,1,3.59517e-06,9.99426e-05
CSDE1,4877.00,4178.33,9055.33,1,2.12376e-06,9.99774e-05
RNF146,4482.67,4573.00,9055.67,1,4.92041e-06,9.99013e-05
ODF2L,4492.00,4564.67,9056.67,1,4.84699e-06,9.99034e-05
AGPAT2,4583.00,4474.33,9057.33,1,6.53649e-07,0.000159603
TAP2,4773.67,4284.33,9058.00,1,1.33452e-06,0.000100003
KDM5B,4289.33,4769.00,9058.33,1,1.23039e-06,0.000142612
YEATS4,4819.00,4239.67,9058.67,1,2.5783e-07,0.000173458
RP11-403P17.3,4441.00,4617.67,9058.67,1,5.18707e-06,9.9892e-05
RIPK1,4981.00,4078.33,9059.33,1,1.15989e-07,0.000100026
KCNN3,4384.67,4674.67,9059.33,1,4.35448e-06,9.99558e-05
BGLAP,4750.67,4309.00,9059.67,1,1.45296e-06,0.0001
LOC284373,4436.00,4625.00,9061.00,1,3.89553e-06,9.99634e-05
GALNS,4145.67,4915.67,9061.33,1,1.58299e-06,0.000131666
CAPS,4897.00,4165.00,9062.00,1,6.30586e-07,0.000100017
RP11-465B22.8,4456.33,4606.33,9062.67,1,8.67427e-07,0.000152437
MAN2B1,4767.00,4295.67,9062.67,1,3.02689e-06,9.99558e-05
UBTD2,4751.67,4311.33,9063.00,1,3.15834e-06,9.99525e-05
ZNF814,4449.67,4613.33,9063.00,1,5.12494e-06,9.98929e-05
DYNC1H1,4220.33,4843.33,9063.67,1,1.39656e-06,0.00013749
RASA1,4697.67,4366.33,9064.00,1,3.529e-06,9.99433e-05
WDHD1,4995.67,4068.67,9064.33,1,1.44535e-07,9.99968e-05
MORN4,4323.00,4741.67,9064.67,1,4.86211e-06,9.9945e-05
MRPS15,4780.33,4284.67,9065.00,1,3.12158e-07,0.000170703
PIEZO1,4730.33,4334.67,9065.00,1,3.93902e-07,0.000168046
BCL7A,4369.33,4696.33,9065.67,1,4.49323e-06,9.99522e-05
CNIH3,4883.00,4183.33,9066.33,1,2.09e-06,9.99764e-05
PCCB,4897.33,4170.00,9067.33,1,1.4186e-07,0.000178017
PHIP,4866.67,4200.67,9067.33,1,1.88506e-07,0.000175946
PAIP2,4514.67,4553.00,9067.67,1,7.70652e-07,0.000155455
FAM184B,4619.33,4448.67,9068.00,1,2.3469e-06,9.99841e-05
DEPTOR,4614.67,4453.33,9068.00,1,6.03532e-07,0.000160885
COPS8,4179.00,4889.33,9068.33,1,1.4927e-06,0.000133657
NDUFAF7,4786.67,4282.67,9069.33,1,2.85712e-06,9.99574e-05
PLA2G4C,4683.33,4386.33,9069.67,1,3.59766e-06,9.994e-05
CTR9,4858.33,4211.67,9070.00,1,2.29001e-06,9.99707e-05
CAPRIN2,4847.00,4223.33,9070.33,1,2.15844e-07,0.000174581
NAIF1,4780.33,4290.33,9070.67,1,1.28237e-06,0.000100003
CREBBP,4110.33,4960.33,9070.67,1,1.69278e-06,0.000126939
GCNT7,4202.33,4869.33,9071.67,1,1.43671e-06,0.000135351
LSM14A,4846.00,4226.00,9072.00,1,2.43301e-06,9.99677e-05
RFX5,4999.33,4073.00,9072.33,1,2.08841e-08,9.99961e-05
LOC100132352,4931.33,4142.00,9073.33,1,1.49688e-06,9.99838e-05
NOL3,4927.33,4146.67,9074.00,1,4.44232e-07,0.000100019
ZNF419,4327.33,4746.67,9074.00,1,4.82981e-06,9.99443e-05
SEPT1,4982.33,4091.67,9074.00,1,1.07654e-07,0.000100024
TRMT2B,4561.33,4513.00,9074.33,2,8.28405e-07,0.000111602
MIS12,4520.67,4554.00,9074.67,1,4.65282e-06,9.99061e-05
MFSD2A,4947.33,4128.00,9075.33,1,3.20601e-07,0.000100021
GSE1,4796.33,4279.00,9075.33,1,2.87166e-07,0.000171082
XRN1,4918.33,4157.00,9075.33,1,1.6718e-06,9.99809e-05
UBTD1,4265.00,4810.67,9075.67,1,5.51782e-06,9.99303e-05
PARP4,4818.67,4257.33,9076.00,1,1.03265e-06,0.000100006
TRAF6,4101.00,4975.33,9076.33,1,7.569e-06,9.98464e-05
LCMT2,4592.67,4483.67,9076.33,1,4.15011e-06,9.99207e-05
PROL1,4533.67,4544.00,9077.67,1,3.036e-06,9.99733e-05
TMCO6,4627.67,4450.67,9078.33,1,2.28147e-06,9.9984e-05
ZNF821,4990.67,4089.33,9080.00,1,7.23015e-08,0.000100025
KIAA0586,4760.67,4319.33,9080.00,1,1.41293e-06,9.99991e-05
DYSF,4304.00,4776.67,9080.67,1,6.12316e-06,9.98521e-05
SMNDC1,4747.67,4334.33,9082.00,1,3.18091e-06,9.99489e-05
EXOC5,4224.33,4857.67,9082.00,1,1.38756e-06,0.000136457
SESN3,4599.00,4483.33,9082.33,1,4.10873e-06,9.99207e-05
PAAF1,4767.00,4315.33,9082.33,1,1.36923e-06,9.99995e-05
C3orf38,4404.33,4678.33,9082.67,1,5.42418e-06,9.98781e-05
CCDC6,4589.00,4494.67,9083.67,1,4.17851e-06,9.99188e-05
ST7L,4321.00,4764.33,9085.33,1,4.89672e-06,9.99406e-05
PPP2CB,4365.00,4720.33,9085.33,1,1.05979e-06,0.000145382
RANBP17,4965.00,4121.00,9086.00,1,9.68151e-07,9.99873e-05
LINC00839,4480.67,4606.33,9087.00,1,3.48569e-06,9.99659e-05
ZNF148,4483.67,4603.67,9087.33,1,4.91033e-06,9.98947e-05
GOLGA8CP,4582.67,4505.00,9087.67,1,4.23857e-06,9.99166e-05
C16orf62,4311.33,4776.67,9088.00,1,1.1766e-06,0.000142167
PHC1,4854.67,4234.67,9089.33,1,2.32036e-06,9.99668e-05
PSMD11,4535.33,4554.33,9089.67,1,3.01506e-06,9.9972e-05
LOC101930150,4746.33,4344.00,9090.33,1,1.47869e-06,9.99956e-05
ATP11B,4312.67,4777.67,9090.33,1,4.98509e-06,9.99377e-05
ZNF551,4822.67,4268.67,9091.33,1,2.47957e-07,0.000171609
COX7A1,4960.67,4131.33,9092.00,1,5.52874e-08,0.000180666
TOB1,4098.67,4993.67,9092.33,1,1.73101e-06,0.000119545
FBXO18,4979.67,4113.00,9092.67,1,3.46666e-08,0.000182256
EPOR,4256.00,4837.67,9093.67,1,5.63553e-06,9.99233e-05
MTERF1,4912.00,4182.00,9094.00,1,1.75926e-06,9.99767e-05
RGL3,4760.33,4333.67,9094.00,1,1.41411e-06,9.9997e-05
SLC4A1AP,4814.00,4280.67,9094.67,1,2.68487e-06,9.99579e-05
CLCN4,4563.67,4531.67,9095.33,1,2.79381e-06,9.99752e-05
MKL2,4229.33,4867.33,9096.67,1,1.3749e-06,0.000135479
ZFP36,4163.67,4934.00,9097.67,1,6.68624e-06,9.98877e-05
PARK7,4865.33,4233.33,9098.67,1,2.23669e-06,9.99669e-05
LRRC73,4911.67,4187.00,9098.67,1,5.23264e-07,0.000100014
GFOD2,4630.00,4469.33,9099.33,1,2.25723e-06,9.99816e-05
BRMS1L,4923.33,4176.33,9099.67,1,1.60859e-06,9.99776e-05
CYP2R1,4639.00,4460.67,9099.67,1,5.57244e-07,0.000160352
COQ6,4821.33,4278.67,9100.00,1,1.01361e-06,0.000100004
GHDC,4817.00,4283.00,9100.00,1,1.05101e-06,0.000100004
DSC2,4840.33,4259.67,9100.00,1,2.25098e-07,0.000172279
MTF2,4455.33,4645.33,9100.67,1,5.08442e-06,9.98864e-05
LMNB1,4764.33,4336.67,9101.00,1,3.32935e-07,0.000168014
MYO1B,4404.67,4697.33,9102.00,1,5.42329e-06,9.98735e-05
LNPEP,4206.00,4896.67,9102.67,1,1.42745e-06,0.000133215
ATAD3C,4785.33,4317.67,9103.00,1,1.25092e-06,9.99993e-05
NKAP,4316.67,4789.33,9106.00,1,6.02837e-06,9.98477e-05
GPATCH4,4700.00,4406.33,9106.33,1,4.39797e-07,0.000163706
SUMF1,4771.67,4335.33,9107.00,1,2.99362e-06,9.99489e-05
PTK7,4741.00,4367.33,9108.33,1,3.77833e-07,0.000165939
IL2RA,4733.67,4375.33,9109.00,1,1.54644e-06,9.99922e-05
ZNF430,4813.67,4296.33,9110.00,1,2.68669e-06,9.99556e-05
ARL6IP5,4727.67,4383.00,9110.67,1,3.31214e-06,9.99404e-05
DIP2A,4279.00,4832.33,9111.33,1,1.25025e-06,0.00013821
NUDT16L1,4926.67,4184.67,9111.33,1,1.57083e-06,9.99757e-05
MCF2L,4590.00,4521.67,9111.67,1,6.44489e-07,0.000157207
C9orf85,4587.33,4525.00,9112.33,1,6.49633e-07,0.00015698
WTAP,4576.00,4536.33,9112.33,1,6.68008e-07,0.000156481
FAM117B,4853.67,4259.00,9112.67,1,2.0654e-07,0.000172289
CD1E,4612.00,4501.00,9113.00,1,2.39894e-06,9.99784e-05
FAM198A,4660.67,4452.67,9113.33,1,2.00794e-06,9.99836e-05
TMEM14B,4645.33,4469.00,9114.33,1,3.79997e-06,9.99239e-05
LOC100507577,4862.67,4252.33,9115.00,1,2.25282e-06,9.99633e-05
AATK,4649.67,4465.67,9115.33,1,2.10189e-06,9.99821e-05
SUOX,4852.33,4263.33,9115.67,1,8.59024e-07,0.000100006
DERA,4886.00,4229.67,9115.67,1,2.0483e-06,9.99674e-05
PAFAH1B2,4966.33,4150.33,9116.67,1,4.75858e-08,0.000179401
TOR1AIP1,4742.33,4374.67,9117.00,1,3.22455e-06,9.99421e-05
CYCSP33,4464.67,4653.33,9118.00,1,8.50991e-07,0.000149466
C7orf73,4603.33,4515.00,9118.33,1,6.25215e-07,0.000157635
ANKRD23,4928.00,4190.67,9118.67,1,4.343e-07,0.000100014
METTL18,4602.33,4516.67,9119.00,1,4.09104e-06,9.9914e-05
FBXW12,4623.00,4496.67,9119.67,1,5.85536e-07,0.000158535
AP3S2,4358.00,4762.33,9120.33,1,4.56911e-06,9.99412e-05
KLHDC9,4555.67,4564.67,9120.33,1,2.87088e-06,9.9971e-05
MCU,4753.67,4367.33,9121.00,1,1.44159e-06,9.99931e-05
RNF115,4719.67,4401.33,9121.00,1,3.37543e-06,9.99374e-05
CACFD1,4895.67,4226.00,9121.67,1,6.37969e-07,0.000100009
ACOT4,4199.67,4922.00,9121.67,1,1.44272e-06,0.000131343
ANKRD17,4560.33,4562.00,9122.33,1,4.38822e-06,9.99039e-05
KRAS,4859.33,4263.67,9123.00,1,2.27683e-06,9.99607e-05
HEXIM2,4666.67,4456.33,9123.00,1,1.96887e-06,9.99832e-05
NUP62CL,4937.67,4185.67,9123.33,1,3.70621e-07,0.000100014
KIZ,4832.00,4293.00,9125.00,1,2.55977e-06,9.99563e-05
SPTSSB,4624.33,4500.67,9125.00,1,3.93965e-06,9.99174e-05
RAB17,4859.33,4266.00,9125.33,1,8.31103e-07,0.000100005
DIP2B,4543.67,4582.33,9126.00,1,4.49901e-06,9.98994e-05
TMEM79,4543.67,4582.67,9126.33,1,7.24319e-07,0.000153825
BC070363,4748.00,4378.67,9126.67,2,1.54249e-06,9.99153e-05
ZNF26,4779.33,4347.67,9127.00,1,2.92325e-06,9.99463e-05
MIR6125,4351.33,4776.00,9127.33,1,5.74652e-06,9.98521e-05
FAM110B,4274.67,4855.33,9130.00,1,5.42453e-06,9.99194e-05
BTD,4958.33,4172.00,9130.33,1,2.28942e-07,0.000100016
WDR53,4603.67,4526.67,9130.33,1,4.0797e-06,9.99117e-05
MCM6,4301.00,4829.67,9130.67,1,1.19832e-06,0.000138411
GALNT4,4848.33,4283.00,9131.33,1,2.13817e-07,0.000170797
PET117,4522.00,4609.67,9131.67,1,7.57376e-07,0.000152225
GRPEL2,4761.33,4370.67,9132.00,1,3.38357e-07,0.000165675
CEP250,4988.67,4144.33,9133.00,1,8.39476e-08,0.000100019
ATP6V1G2-DDX39B,4946.67,4186.67,9133.33,1,1.27066e-06,9.99756e-05
FPGS,4808.67,4325.00,9133.67,1,1.10345e-06,9.99984e-05
ACOT7,4470.33,4663.67,9134.00,1,8.44402e-07,0.000148955
CYB5D2,4403.33,4732.33,9135.67,1,4.20296e-06,9.99465e-05
SYNGR2,4861.00,4274.67,9135.67,1,1.97412e-07,0.000171383
NAA30,4893.67,4242.33,9136.00,1,1.4803e-07,0.000173367
UBXN8,4823.67,4312.33,9136.00,2,3.52391e-07,0.000126195
FECH,4944.33,4191.67,9136.00,1,3.39722e-07,0.000100014
ZXDA,4478.33,4658.00,9136.33,1,3.51092e-06,9.99583e-05
DNMT3A,4282.67,4854.00,9136.67,1,6.25143e-06,9.98152e-05
USP4,4685.00,4451.67,9136.67,1,3.59456e-06,9.99268e-05
S100A6,4878.00,4258.67,9136.67,1,1.71479e-07,0.000172312
AMH,4810.33,4328.33,9138.67,1,1.0912e-06,9.99977e-05
FUOM,4771.67,4368.00,9139.67,1,3.21133e-07,0.000165917
CHST1,4583.33,4557.33,9140.67,1,2.66903e-06,9.99718e-05
CMKLR1,4805.67,4335.33,9141.00,1,1.11856e-06,9.99969e-05
FCRL2,4736.00,4405.33,9141.33,1,1.53215e-06,9.99889e-05
RAB6B,4799.00,4342.33,9141.33,1,1.15756e-06,9.99957e-05
HNRNPR,4457.33,4684.00,9141.33,1,5.07549e-06,9.98772e-05
LYNX1,4948.67,4192.67,9141.33,1,3.06845e-07,0.000100014
LRP11,4837.00,4305.00,9142.00,1,2.53124e-06,9.99542e-05
DUSP16,4978.00,4164.00,9142.00,1,1.31497e-07,0.000100017
MEX3B,4580.67,4562.00,9142.67,1,2.68035e-06,9.99713e-05
TP53I3,4766.67,4376.00,9142.67,1,1.37292e-06,9.99921e-05
WHSC1,4591.67,4551.33,9143.00,1,2.61372e-06,9.99723e-05
CYBA,4630.00,4513.67,9143.67,1,5.72376e-07,0.000157713
CD2AP,4310.33,4835.00,9145.33,1,1.17825e-06,0.000138051
EXD2,4931.33,4214.00,9145.33,1,4.1588e-07,0.000100011
ZFAND1,4664.00,4482.00,9146.00,1,3.69678e-06,9.99211e-05
EIF4G3,4470.00,4676.00,9146.00,1,8.45087e-07,0.000148039
CHERP,4938.67,4207.33,9146.00,1,8.41326e-08,0.000175635
SLC25A20,4352.00,4796.33,9148.33,1,4.62144e-06,9.9934e-05
MIR6878,4271.67,4876.67,9148.33,1,5.44932e-06,9.99122e-05
ATF1,4405.67,4744.00,9149.67,1,5.41564e-06,9.98614e-05
PGPEP1,4710.00,4439.67,9149.67,1,1.69858e-06,9.99848e-05
ATP8A2,4358.67,4791.33,9150.00,1,4.5593e-06,9.99352e-05
PCDHB12,4626.67,4523.33,9150.00,1,2.28793e-06,9.9976e-05
GATAD1,4588.67,4561.67,9150.33,1,6.48551e-07,0.000154911
CLIC4,4188.33,4962.33,9150.67,1,1.47173e-06,0.000126688
ARPIN,4875.33,4277.00,9152.33,1,7.46818e-07,0.000100004
NBEAL1,4590.67,4562.00,9152.67,1,6.44087e-07,0.000154903
ALDH1B1,4862.00,4291.00,9153.00,1,1.95092e-07,0.000170409
UBE4A,4728.33,4425.00,9153.33,1,3.31161e-06,9.99325e-05
PNN,4867.00,4287.00,9154.00,1,2.22274e-06,9.9957e-05
WDR37,4384.00,4770.33,9154.33,1,5.53347e-06,9.98533e-05
DGKA,4706.67,4447.67,9154.33,1,4.31503e-07,0.000161203
PPCS,4528.67,4625.67,9154.33,1,4.60239e-06,9.98904e-05
RTN4R,4960.33,4196.00,9156.33,1,2.21565e-07,0.000100013
USP54,4805.33,4351.67,9157.00,1,1.12354e-06,9.9995e-05
FAT1,4868.00,4290.00,9158.00,1,7.91735e-07,0.000100003
HSD17B4,4342.67,4816.33,9159.00,1,1.10074e-06,0.000139325
TMEM254-AS1,4830.00,4330.33,9160.33,1,9.67637e-07,9.99976e-05
PMS1,4835.33,4325.00,9160.33,1,2.31673e-07,0.000168557
TRIM32,4376.00,4784.67,9160.67,1,5.57857e-06,9.9849e-05
SPHKAP,4569.33,4591.67,9161.00,1,2.76111e-06,9.99676e-05
RSG1,4604.67,4557.67,9162.33,1,2.48442e-06,9.99717e-05
ALG8,5000.00,4163.00,9163.00,1,8.47467e-09,9.99797e-05
VPS37C,4259.33,4904.33,9163.67,1,1.30623e-06,0.00013268
RNMT,4856.00,4308.00,9164.00,1,2.30567e-06,9.99533e-05
VDAC3,4847.33,4317.00,9164.33,1,2.15223e-07,0.000168942
MNAT1,4776.67,4388.33,9165.00,1,2.93603e-06,9.99397e-05
PTPN12,4496.33,4669.00,9165.33,1,7.98839e-07,0.000148568
RABL3,4973.33,4192.00,9165.33,1,1.4448e-07,0.000100014
CEP44,4393.67,4772.67,9166.33,1,9.96819e-07,0.000142355
CRELD1,4467.67,4699.67,9167.33,1,3.62971e-06,9.99519e-05
SDCCAG8,4788.33,4382.67,9171.00,1,2.8465e-06,9.99405e-05
SPATA33,4671.33,4501.33,9172.67,1,1.93686e-06,9.99783e-05
SPRYD4,4543.67,4629.00,9172.67,1,2.95234e-06,9.99629e-05
SAMD3,4220.33,4952.67,9173.00,1,6.04924e-06,9.98758e-05
LOC100996724,4641.33,4531.67,9173.00,1,3.82592e-06,9.99107e-05
RP11-384L8.1,4506.00,4667.00,9173.00,1,3.27889e-06,9.99568e-05
NFYB,4962.00,4211.00,9173.00,1,1.03167e-06,9.99707e-05
TUSC1,4540.33,4633.00,9173.33,1,4.51149e-06,9.98887e-05
CYP4F2,4809.00,4364.33,9173.33,1,2.7202e-07,0.000166161
CHORDC1,4967.33,4206.33,9173.67,1,4.70682e-08,0.00017567
RNF38,4422.67,4751.33,9174.00,1,4.02364e-06,9.99433e-05
PES1,4737.67,4438.33,9176.00,1,3.82634e-07,0.000161752
SLC30A1,4933.33,4243.00,9176.33,1,9.169e-08,0.000173348
TRA2A,4383.67,4792.67,9176.33,1,1.0241e-06,0.000141148
TMC8,4531.33,4645.33,9176.67,1,3.0602e-06,9.99598e-05
IFT172,4998.67,4178.00,9176.67,1,3.61224e-09,0.000177438
ZNF273,4743.00,4435.00,9178.00,1,3.21971e-06,9.99307e-05
TUBBP5,4367.33,4811.00,9178.33,1,4.50731e-06,9.99302e-05
ZCCHC11,4927.33,4251.00,9178.33,1,1.56262e-06,9.99636e-05
TSR3,4467.33,4712.00,9179.33,1,8.4761e-07,0.000146028
PTPN7,4869.33,4310.00,9179.33,1,7.84144e-07,0.0001
EFCAB4B,4648.33,4531.00,9179.33,1,5.40526e-07,0.00015673
RPL32P3,4599.67,4579.67,9179.33,1,4.10415e-06,9.99e-05
ZNF451,4435.67,4743.67,9179.33,1,9.10919e-07,0.000144075
ZBED1,4329.33,4850.33,9179.67,1,4.80367e-06,9.99203e-05
CDCP1,4504.67,4676.67,9181.33,1,3.29073e-06,9.99554e-05
IFT74,4511.33,4670.33,9181.67,1,4.72792e-06,9.988e-05
ZRANB2,4855.67,4326.33,9182.00,1,2.3076e-06,9.99503e-05
ZNF443,4831.67,4350.67,9182.33,1,2.36593e-07,0.000166927
MAU2,4739.00,4444.00,9183.00,1,3.80095e-07,0.000161447
ANXA2R,4719.33,4464.00,9183.33,1,1.63452e-06,9.99823e-05
APEX2,4574.00,4609.67,9183.67,1,2.73187e-06,9.99656e-05
LOC101928076,4947.67,4236.33,9184.00,1,3.18595e-07,0.000100008
DFFB,4978.67,4205.67,9184.33,1,1.29136e-07,0.000100012
EDN3,4511.33,4673.67,9185.00,1,7.73863e-07,0.000148208
SARM1,4430.67,4755.00,9185.67,1,3.94947e-06,9.99425e-05
AP1S2,4915.67,4270.33,9186.00,1,1.69648e-06,9.99595e-05
TXNDC15,4939.00,4247.33,9186.33,1,1.39525e-06,9.99647e-05
ETAA1,4951.33,4235.67,9187.00,1,1.19823e-06,9.99667e-05
SRP54,4733.33,4454.67,9188.00,1,3.28596e-06,9.99262e-05
CHST12,4812.67,4376.67,9189.33,1,2.68832e-06,9.99417e-05
LSM5,4360.67,4829.00,9189.67,1,5.682e-06,9.98277e-05
IL12RB2,4553.00,4637.00,9190.00,1,2.89027e-06,9.99613e-05
ACAT1,4967.00,4223.00,9190.00,1,4.72318e-08,0.000174613
SETD7,4614.67,4576.00,9190.67,1,4.01026e-06,9.99007e-05
GRB10,4436.00,4755.67,9191.67,1,5.21995e-06,9.98587e-05
LINC00294,4565.00,4627.33,9192.33,1,2.78164e-06,9.9963e-05
KAZN,4726.33,4466.00,9192.33,1,3.99666e-07,0.000160019
SIX2,4786.67,4405.67,9192.33,1,1.23341e-06,9.99889e-05
CD40,4641.00,4551.67,9192.67,1,2.1705e-06,9.99723e-05
EFR3B,4771.67,4421.33,9193.00,1,1.34383e-06,9.99873e-05
MAP3K9,4895.00,4298.67,9193.67,1,6.38701e-07,0.000100002
TOP2B,4812.00,4383.33,9195.33,1,2.69076e-06,9.99404e-05
ACSF2,4747.33,4448.33,9195.67,1,3.61764e-07,0.000161189
SMIM5,4971.00,4224.67,9195.67,1,1.56719e-07,0.000100009
SSBP1,4816.00,4380.33,9196.33,1,2.67375e-06,9.99409e-05
CPEB3,4511.67,4686.67,9198.33,1,3.19934e-06,9.99536e-05
LOC90784,4695.67,4502.67,9198.33,1,1.77535e-06,9.99783e-05
ZXDC,4672.33,4526.33,9198.67,1,3.65341e-06,9.99117e-05
ZFP28,4418.33,4781.00,9199.33,1,4.07347e-06,9.99371e-05
MCM9,4543.33,4657.00,9200.33,1,4.49942e-06,9.98828e-05
PCDHB3,4251.00,4949.67,9200.67,1,5.69214e-06,9.98798e-05
SIMC1,4755.33,4445.67,9201.00,1,1.43135e-06,9.99844e-05
LOC645513,4802.33,4398.67,9201.00,1,2.7616e-06,9.99378e-05
SLITRK5,4957.00,4245.00,9202.00,1,2.37741e-07,0.000100007
TBC1D20,4607.00,4596.33,9203.33,1,2.45857e-06,9.99672e-05
TET3,4662.67,4540.67,9203.33,1,5.16092e-07,0.000156237
ZSCAN29,4721.67,4483.00,9204.67,1,3.36143e-06,9.99208e-05
RCBTB1,4945.67,4261.00,9206.67,1,7.67814e-08,0.000172149
RP11-258C19.7,4870.67,4336.67,9207.33,1,2.18489e-06,9.99486e-05
MON1A,4565.67,4642.33,9208.00,1,2.77893e-06,9.99602e-05
SPDYE2,4951.67,4256.33,9208.00,1,1.18967e-06,9.99622e-05
STAT1,4427.33,4780.67,9208.00,1,9.31463e-07,0.000141873
RINT1,4588.00,4620.67,9208.67,1,4.18384e-06,9.98916e-05
PRR5L,4995.67,4213.00,9208.67,1,3.80635e-08,0.000100011
C1S,4722.67,4486.00,9208.67,1,4.0678e-07,0.000159023
SPRED2,4865.33,4344.33,9209.67,1,1.9039e-07,0.000167444
TTC8,4892.33,4318.00,9210.33,1,1.97623e-06,9.99513e-05
TTC13,4680.33,4530.33,9210.67,1,3.62562e-06,9.99108e-05
PHF20L1,4836.00,4375.33,9211.33,1,2.5361e-06,9.9942e-05
CTNND2,4438.67,4772.67,9211.33,1,3.86658e-06,9.99388e-05
FBXO45,4466.33,4746.00,9212.33,1,5.01864e-06,9.98611e-05
BRCA1,4460.67,4751.67,9212.33,1,3.68703e-06,9.99432e-05
GPR56,4737.33,4476.33,9213.67,1,3.83185e-07,0.000159507
LYST,4617.67,4596.00,9213.67,1,3.99179e-06,9.98961e-05
SAMM50,4646.00,4569.67,9215.67,1,5.42583e-07,0.000154583
STARD7,4876.33,4340.67,9217.00,1,2.12871e-06,9.99476e-05
C15orf57,4451.33,4766.67,9218.00,1,3.77136e-06,9.99399e-05
SNAPC3,4816.33,4404.00,9220.33,1,1.05643e-06,9.9989e-05
PPM1H,4894.67,4326.33,9221.00,1,1.47036e-07,0.000168452
MORC2,4973.33,4248.00,9221.33,1,7.67495e-07,9.99645e-05
RAB20,4939.33,4282.33,9221.67,1,8.35231e-08,0.000170837
MEAF6,4787.00,4435.33,9222.33,1,2.85623e-06,9.99307e-05
UTP18,4644.00,4579.33,9223.33,1,5.4714e-07,0.000153954
STIM1,4319.67,4904.00,9223.67,1,4.91699e-06,9.99019e-05
KPNA4,4930.67,4293.67,9224.33,1,9.54811e-08,0.000170177
CCR6,4605.33,4619.67,9225.00,1,2.4812e-06,9.99642e-05
CD24,4870.67,4355.00,9225.67,1,1.79965e-07,0.000166806
KIAA0895L,4311.00,4916.00,9227.00,1,4.9967e-06,9.98972e-05
ZMYND10,4726.00,4503.33,9229.33,1,1.59434e-06,9.99782e-05
GNG12,4611.33,4619.00,9230.33,1,2.40855e-06,9.99643e-05
YPEL5,4941.00,4289.67,9230.67,1,1.35684e-06,9.99566e-05
SYK,4470.67,4760.00,9230.67,1,3.60638e-06,9.99415e-05
HCG18,4897.00,4333.67,9230.67,1,1.92885e-06,9.99491e-05
TNF,4314.00,4918.33,9232.33,1,4.98007e-06,9.98964e-05
MIER3,4968.00,4264.67,9232.67,1,4.63846e-08,0.000171898
TM9SF3,4686.67,4546.67,9233.33,1,4.69017e-07,0.000155835
NUP88,4964.33,4272.00,9236.33,1,4.90552e-08,0.000171524
TTC26,4721.00,4516.33,9237.33,1,1.62476e-06,9.99765e-05
ADAR,4446.33,4791.67,9238.00,1,8.90404e-07,0.000141189
D2HGDH,4811.67,4427.00,9238.67,1,2.69421e-06,9.9932e-05
FOXI1,4773.00,4467.33,9240.33,1,1.33697e-06,9.99819e-05
FBXL4,4738.33,4502.33,9240.67,1,3.25763e-06,9.99169e-05
RNF135,4863.00,4379.33,9242.33,1,2.25145e-06,9.99412e-05
EEA1,4834.67,4407.67,9242.33,1,2.53869e-06,9.99363e-05
TMEM134,4724.33,4518.67,9243.00,1,4.01173e-07,0.00015741
FAM178A,4553.00,4691.67,9244.67,1,4.43374e-06,9.98747e-05
MAGED2,4983.00,4263.00,9246.00,1,5.39955e-07,9.9961e-05
RIBC2,4935.33,4310.67,9246.00,1,3.89677e-07,0.0001
RHBDD3,4545.33,4700.67,9246.00,1,2.93186e-06,9.99518e-05
NANP,4995.33,4252.00,9247.33,1,1.62015e-07,9.99633e-05
VAX2,4616.00,4631.33,9247.33,1,2.37054e-06,9.99624e-05
HID1,4734.33,4513.33,9247.67,1,3.88886e-07,0.000157719
TMF1,4791.67,4456.00,9247.67,1,2.82344e-06,9.9926e-05
MTRF1,4889.33,4360.33,9249.67,1,2.01842e-06,9.99444e-05
EXPH5,4551.33,4699.00,9250.33,1,7.11202e-07,0.000146733
TRMT11,4511.67,4739.00,9250.67,1,4.72156e-06,9.98623e-05
TMEM60,4942.33,4308.67,9251.00,1,1.33936e-06,9.99531e-05
U2SURP,4559.33,4693.00,9252.33,1,4.39084e-06,9.98743e-05
HELB,4844.67,4408.33,9253.00,1,9.0413e-07,9.99886e-05
EFCAB11,4859.00,4394.67,9253.67,1,1.98741e-07,0.000164459
HMG20A,4505.67,4748.67,9254.33,1,4.7664e-06,9.98603e-05
STAMBP,4743.67,4511.00,9254.67,1,1.49501e-06,9.99772e-05
FAM98A,4999.67,4255.33,9255.00,1,1.84308e-08,9.99623e-05
HOXD9,4574.67,4680.33,9255.00,1,6.69261e-07,0.000147882
RBKS,4628.67,4626.33,9255.00,1,2.26818e-06,9.99631e-05
DENR,4559.67,4696.33,9256.00,1,6.98346e-07,0.000146895
BOC,4601.33,4655.00,9256.33,1,6.26952e-07,0.000149407
PDCD7,4788.00,4468.33,9256.33,1,3.00909e-07,0.000159902
TEX9,4636.67,4619.67,9256.33,1,3.85878e-06,9.98918e-05
IL20,4577.00,4679.67,9256.67,1,2.71818e-06,9.99547e-05
PET100,4610.33,4647.00,9257.33,1,6.12365e-07,0.000149844
TRIM45,4666.67,4591.00,9257.67,1,3.68606e-06,9.98971e-05
GSTM2,4886.33,4373.00,9259.33,1,1.60349e-07,0.000165489
MBTPS2,4883.67,4375.67,9259.33,1,1.63535e-07,0.000165326
RAB30-AS1,4782.33,4480.33,9262.67,1,2.89585e-06,9.99213e-05
WSB1,4859.00,4403.67,9262.67,2,9.86488e-07,9.9913e-05
IKZF2,4651.67,4611.33,9263.00,1,5.32777e-07,0.000152144
RFK,4789.00,4474.33,9263.33,1,1.21013e-06,9.99811e-05
ALB,4737.00,4526.33,9263.33,1,1.52156e-06,9.99755e-05
PRPF40B,4512.67,4750.67,9263.33,1,3.18743e-06,9.99434e-05
ABCA4,4877.00,4386.67,9263.67,1,7.42971e-07,9.99905e-05
PLOD2,4335.33,4928.67,9264.00,1,1.11871e-06,0.000130923
LINC00685,4770.00,4495.33,9265.33,1,1.34951e-06,9.9979e-05
KBTBD6,4529.67,4735.67,9265.33,1,4.58924e-06,9.98633e-05
SRRM2,4477.00,4789.33,9266.33,1,8.31408e-07,0.000141275
CHST8,4961.00,4305.33,9266.33,1,5.50536e-08,0.000169609
PALB2,4752.67,4515.00,9267.67,1,3.15629e-06,9.99143e-05
TNRC6C-AS1,4869.67,4398.00,9267.67,1,2.19828e-06,9.99379e-05
UPK3B,4421.00,4847.67,9268.67,1,4.03471e-06,9.9921e-05
RP11-95D17.1,4504.33,4767.33,9271.67,1,3.2945e-06,9.99397e-05
EFCAB12,4356.67,4917.00,9273.67,1,4.58238e-06,9.9897e-05
TARS,4374.00,4900.33,9274.33,1,1.04258e-06,0.000132946
SMARCAD1,4678.33,4596.67,9275.00,1,3.63085e-06,9.98958e-05
DNAJC3,4479.00,4797.33,9276.33,1,4.93769e-06,9.98446e-05
HIPK3,4697.33,4579.67,9277.00,1,4.44334e-07,0.000153939
CNTNAP2,4442.33,4835.67,9278.00,1,8.98147e-07,0.00013795
PDCL3,4752.00,4526.00,9278.00,1,3.1575e-06,9.99118e-05
USO1,4891.33,4387.33,9278.67,1,1.98768e-06,9.99399e-05
ATF7IP2,4802.00,4477.00,9279.00,1,1.14669e-06,9.99807e-05
INADL,4299.33,4981.00,9280.33,1,1.20405e-06,0.000123001
RBM14,4870.67,4409.67,9280.33,1,7.74239e-07,9.99885e-05
PARP1,4808.33,4472.67,9281.00,1,2.72034e-06,9.99232e-05
ING1,4771.33,4510.33,9281.67,1,1.34582e-06,9.99773e-05
LINC01184,4343.00,4939.67,9282.67,1,4.6811e-06,9.9885e-05
CD9,4742.67,4540.33,9283.00,1,3.71901e-07,0.000156314
SLC38A1,4891.00,4392.67,9283.67,1,1.52849e-07,0.000164552
UBN2,4980.00,4303.67,9283.67,1,3.35673e-08,0.000169645
DCAF12,4694.33,4589.67,9284.00,1,3.54464e-06,9.98976e-05
BRAT1,4525.33,4758.67,9284.00,1,3.085e-06,9.99417e-05
C1orf123,4505.33,4779.00,9284.33,1,4.76707e-06,9.98514e-05
AKAP13,4433.00,4851.33,9284.33,1,9.2088e-07,0.000136916
ZNF25,4865.67,4419.67,9285.33,1,2.2365e-06,9.99336e-05
RCAN3,4837.67,4448.00,9285.67,1,2.52625e-06,9.99277e-05
RPL19,4620.00,4666.00,9286.00,1,5.93837e-07,0.000148738
MOK,4872.33,4414.00,9286.33,1,1.78075e-07,0.000163075
AXIN2,4905.67,4381.67,9287.33,1,1.30732e-07,0.000165088
NDRG2,4705.67,4583.00,9288.67,1,4.32261e-07,0.00015379
ATP5F1,4490.33,4802.00,9292.33,1,8.11787e-07,0.000140454
USP47,4868.67,4424.33,9293.00,1,2.20585e-06,9.99328e-05
IPP,4815.33,4479.67,9295.00,1,2.67625e-06,9.99213e-05
BAX,4662.00,4633.33,9295.33,1,5.1886e-07,0.000150943
LINC01138,4870.33,4425.33,9295.67,1,1.79988e-07,0.000162538
SNRPB2,4684.33,4612.00,9296.33,1,4.72241e-07,0.000152121
CDK18,4683.67,4613.33,9297.00,1,4.74953e-07,0.000152057
EPHA3,4611.67,4685.67,9297.33,1,2.40318e-06,9.99538e-05
SH2D4A,4752.33,4545.33,9297.67,1,1.4482e-06,9.9973e-05
GPR180,4960.67,4337.00,9297.67,1,1.05069e-06,9.99486e-05
YTHDF2,4916.33,4381.67,9298.00,1,1.69254e-06,9.99407e-05
PPWD1,4878.33,4420.33,9298.67,1,2.11654e-06,9.99334e-05
GAPVD1,4886.67,4412.00,9298.67,1,2.04491e-06,9.99354e-05
SPATA7,4757.67,4541.33,9299.00,1,3.11843e-06,9.99085e-05
CNPY2,4609.33,4691.00,9300.33,1,6.15278e-07,0.000147212
ELK3,4682.33,4618.00,9300.33,1,4.78136e-07,0.000151795
MED13L,4719.33,4581.00,9300.33,1,3.37563e-06,9.98996e-05
GPN3,4930.33,4370.33,9300.67,1,1.5054e-06,9.99425e-05
NDUFS6,4697.00,4604.67,9301.67,1,3.53122e-06,9.98945e-05
FKBP14,4799.33,4502.67,9302.00,1,2.77606e-06,9.99169e-05
NKIRAS1,4893.00,4409.33,9302.33,1,1.96739e-06,9.99361e-05
KCTD1,4543.33,4759.00,9302.33,1,7.24513e-07,0.000143253
RP11-319E16.2,4862.33,4441.33,9303.67,1,8.19837e-07,9.99846e-05
U2AF1,4983.67,4320.67,9304.33,1,2.68309e-08,0.000168765
SFR1,4621.00,4686.00,9307.00,1,2.33307e-06,9.99538e-05
PRMT2,4878.67,4429.00,9307.67,1,2.11653e-06,9.99317e-05
MSL1,4591.00,4717.00,9308.00,1,6.43513e-07,0.000145569
ROCK2,4882.00,4428.00,9310.00,1,7.19466e-07,9.99865e-05
CREG1,4862.00,4449.00,9311.00,1,2.25479e-06,9.99273e-05
THBS1,4836.00,4476.67,9312.67,1,9.42353e-07,9.99808e-05
SLC30A4,4971.00,4342.67,9313.67,1,4.41456e-08,0.000167579
BCKDHB,4968.00,4347.67,9315.67,1,1.83856e-07,9.99954e-05
C5orf63,4834.33,4481.67,9316.00,1,9.51977e-07,9.99803e-05
SOX13,4755.67,4562.67,9318.33,1,1.42918e-06,9.99712e-05
C4orf3,4853.33,4465.67,9319.00,1,2.32816e-06,9.99244e-05
PANK4,4698.33,4621.33,9319.67,1,1.76801e-06,9.99641e-05
GATM,4917.33,4403.00,9320.33,1,1.11422e-07,0.000163841
LINC01420,4831.00,4489.67,9320.67,1,2.56123e-06,9.99198e-05
SP2,4987.33,4333.67,9321.00,1,2.15092e-08,0.000168078
ZBTB33,4558.00,4764.00,9322.00,1,7.02211e-07,0.000142989
ADCY2,4974.33,4347.67,9322.00,1,3.99166e-08,0.000167128
EBNA1BP2,4748.00,4575.33,9323.33,1,3.18074e-06,9.99008e-05
DYM,4587.67,4736.67,9324.33,1,4.18529e-06,9.9863e-05
MIR3934,4554.33,4770.33,9324.67,1,7.07075e-07,0.000142518
NOTCH3,4797.67,4529.33,9327.00,1,2.85485e-07,0.000156827
FAM193B,4837.00,4491.00,9328.00,1,2.29087e-07,0.00015875
HIST1H3G,4772.33,4556.33,9328.67,1,2.97819e-06,9.99055e-05
SOX9-AS1,4801.33,4527.33,9328.67,1,1.14751e-06,9.99755e-05
SRRD,4632.33,4697.33,9329.67,1,2.24048e-06,9.99522e-05
LOC728485,4739.33,4591.00,9330.33,1,1.50745e-06,9.99677e-05
PLXNB2,4878.33,4454.33,9332.67,1,1.70936e-07,0.000160877
ADO,4824.67,4509.33,9334.00,1,2.61085e-06,9.99158e-05
PHF6,4676.00,4658.33,9334.33,1,4.90449e-07,0.000149269
FADS2,4540.00,4795.33,9335.33,1,7.30431e-07,0.000140868
SNHG6,4942.33,4393.33,9335.67,1,8.03068e-08,0.000164511
PCLO,4683.33,4655.00,9338.33,1,1.86094e-06,9.99589e-05
URB2,4684.00,4654.67,9338.67,1,1.8547e-06,9.99589e-05
RPS6KA5,4694.00,4648.33,9342.33,1,4.54487e-07,0.00014975
AB488780,4790.00,4553.33,9343.33,1,1.20647e-06,9.9972e-05
ROCK1,4882.00,4461.33,9343.33,1,1.65603e-07,0.000160289
PEX2,4394.67,4948.67,9343.33,1,9.9619e-07,0.000128566
FAM84A,4581.00,4762.67,9343.67,1,6.56543e-07,0.000143075
URI1,4556.67,4787.00,9343.67,1,7.04451e-07,0.000141477
GPC6,4988.67,4355.33,9344.00,1,1.97167e-08,0.0001668
NEFH,4757.67,4587.33,9345.00,1,1.4232e-06,9.99682e-05
SAV1,4798.67,4547.00,9345.67,1,2.7789e-06,9.99078e-05
PXMP4,4973.00,4373.33,9346.33,1,1.48556e-07,9.99923e-05
ZNF276,4942.33,4404.67,9347.00,1,3.44304e-07,9.9989e-05
CCDC9,4931.00,4416.00,9347.00,1,4.17737e-07,9.99876e-05
ADK,4899.00,4449.33,9348.33,1,1.90396e-06,9.99273e-05
C9orf91,4664.67,4683.67,9348.33,1,3.69199e-06,9.98773e-05
RSF1,4898.00,4450.67,9348.67,1,1.91137e-06,9.99269e-05
CAST,4390.33,4959.00,9349.33,1,1.00844e-06,0.000127046
WDR89,4643.00,4706.67,9349.67,1,2.15296e-06,9.99506e-05
SRSF12,4898.33,4453.00,9351.33,1,6.19866e-07,9.99835e-05
CD4,4496.00,4855.33,9351.33,1,8.00737e-07,0.000136593
BEND7,4779.67,4572.67,9352.33,1,3.12311e-07,0.000154363
TFR2,4652.67,4700.33,9353.00,1,2.07216e-06,9.99518e-05
STRADB,4920.33,4432.67,9353.00,1,4.72887e-07,9.99856e-05
SPCS2,4926.00,4428.00,9354.00,1,1.02059e-07,0.000162418
ZNF473,4800.67,4554.00,9354.67,1,1.15089e-06,9.9972e-05
HAUS1,4499.00,4856.33,9355.33,1,7.94515e-07,0.000136536
CDK19,4544.00,4812.33,9356.33,1,7.24118e-07,0.000139579
ZNF691,4979.67,4378.33,9358.00,1,6.35955e-07,9.99415e-05
CCNK,4990.00,4368.33,9358.33,1,1.52452e-08,0.000165915
LDLRAP1,4675.33,4687.00,9362.33,1,3.64017e-06,9.98764e-05
AZI2,4884.00,4478.33,9362.33,1,2.06692e-06,9.99216e-05
KLF10,4905.67,4456.67,9362.33,1,1.85185e-06,9.99259e-05
SWSAP1,4715.33,4648.67,9364.00,1,1.66117e-06,9.99595e-05
RBMX2,4890.67,4474.67,9365.33,1,6.59968e-07,9.99811e-05
BECN1,4820.00,4546.33,9366.33,1,2.54143e-07,0.000155851
DENND1C,4593.67,4773.00,9366.67,1,2.58704e-06,9.99387e-05
FLVCR1-AS1,4870.00,4497.33,9367.33,1,7.7897e-07,9.99787e-05
TRPM4,4934.67,4432.67,9367.33,1,9.12212e-08,0.000162058
RITA1,4583.67,4784.00,9367.67,1,2.66798e-06,9.99361e-05
RNF41,4542.33,4827.33,9369.67,1,2.97035e-06,9.99257e-05
C1orf85,4809.33,4561.00,9370.33,1,2.71857e-06,9.99046e-05
METTL23,4877.33,4498.00,9375.33,1,2.12135e-06,9.99181e-05
HIATL2,4994.33,4382.67,9377.00,1,9.50727e-09,0.000164999
CENPH,4950.67,4426.33,9377.00,1,6.9975e-08,0.000162489
TCEB1,4647.67,4730.00,9377.67,1,3.78881e-06,9.98646e-05
DPH5,4942.00,4437.00,9379.00,1,3.48705e-07,9.99851e-05
CEP128,4686.67,4692.67,9379.33,1,1.83302e-06,9.99529e-05
RPL31,4695.33,4684.67,9380.00,1,4.51725e-07,0.000147585
CCDC30,4806.00,4574.33,9380.33,1,1.11737e-06,9.99699e-05
PRRC1,4910.33,4470.33,9380.67,1,1.77901e-06,9.99237e-05
LINC00461,4840.00,4540.67,9380.67,1,2.50963e-06,9.99086e-05
RP11-443B7.1,4988.33,4396.33,9384.67,1,8.49074e-08,9.99897e-05
VWF,4564.00,4820.67,9384.67,1,6.935e-07,0.000139065
GGCX,4988.67,4396.67,9385.33,1,3.58502e-07,9.99384e-05
KBTBD7,4791.00,4595.00,9386.00,1,2.82619e-06,9.98964e-05
POLR3D,4929.67,4459.33,9389.00,1,4.24962e-07,9.99827e-05
SUCLG1,4984.33,4405.00,9389.33,1,2.57081e-08,0.000163764
CD209,4547.33,4842.00,9389.33,1,2.9206e-06,9.99226e-05
MRE11A,4908.33,4481.00,9389.33,1,1.81122e-06,9.99212e-05
TM2D3,4914.67,4475.33,9390.00,1,1.7161e-06,9.99226e-05
LPAR6,4830.67,4561.33,9392.00,1,2.38102e-07,0.00015495
OGFOD2,4969.33,4423.67,9393.00,1,1.69117e-07,9.99871e-05
TSHZ1,4793.00,4600.33,9393.33,1,2.81779e-06,9.9895e-05
UHRF2,4901.33,4492.33,9393.67,1,1.8897e-06,9.99193e-05
ZNF100,4935.33,4458.33,9393.67,1,1.42989e-06,9.99255e-05
SKAP2,4952.33,4441.67,9394.00,1,6.58068e-08,0.000161596
B3GNT2,4756.67,4637.67,9394.33,1,3.43934e-07,0.000150676
CSNK1A1,4875.33,4519.33,9394.67,1,1.73513e-07,0.000157277
MYL5,4983.00,4412.00,9395.00,1,2.71787e-08,0.000163226
CTTNBP2NL,4769.00,4627.00,9396.00,1,1.35554e-06,9.9963e-05
DNAJC25,4811.67,4584.67,9396.33,1,1.07961e-06,9.99687e-05
FLT3,4581.00,4817.67,9398.67,1,2.6777e-06,9.99287e-05
DNMT3B,4559.00,4839.67,9398.67,1,6.98857e-07,0.000137711
TMEM86A,4685.00,4715.33,9400.33,1,1.85066e-06,9.99494e-05
ARHGAP12,4777.33,4623.67,9401.00,1,2.93247e-06,9.98907e-05
PUS1,4970.33,4431.67,9402.00,1,1.6206e-07,9.99857e-05
OSGEPL1,4928.33,4474.67,9403.00,1,1.55802e-06,9.99227e-05
ASAP1-IT2,4737.00,4666.00,9403.00,1,3.2593e-06,9.9881e-05
RNF214,4651.33,4753.33,9404.67,1,2.08936e-06,9.99426e-05
HEATR6,4969.67,4436.33,9406.00,1,8.68751e-07,9.99305e-05
ADNP2,4937.33,4469.33,9406.67,1,1.41644e-06,9.99239e-05
CCDC125,4682.33,4727.33,9409.67,1,1.86613e-06,9.99474e-05
FAM114A2,4870.00,4540.00,9410.00,1,2.18697e-06,9.99089e-05
RPS19,4876.33,4535.33,9411.67,1,1.72702e-07,0.000156507
IFNAR2,4898.67,4513.00,9411.67,1,1.90837e-06,9.99148e-05
PEX1,4716.00,4696.67,9412.67,1,3.38817e-06,9.98735e-05
VCL,4467.67,4946.67,9414.33,1,8.4682e-07,0.000128847
PIK3R4,4892.67,4522.33,9415.00,1,1.49148e-07,0.000157186
P2RX5,4720.67,4695.00,9415.67,1,1.62763e-06,9.99523e-05
LOC100289361,4896.67,4520.00,9416.67,1,6.35419e-07,9.99762e-05
CSTF1,4785.33,4634.00,9419.33,1,2.86827e-06,9.98887e-05
OMA1,4857.67,4562.33,9420.00,1,2.29946e-06,9.99038e-05
LENG1,4636.00,4784.33,9420.33,1,2.21277e-06,9.99361e-05
FAM26F,4904.67,4516.67,9421.33,1,1.31757e-07,0.000157534
UBR2,4819.67,4604.67,9424.33,1,2.5538e-07,0.000152511
AP5S1,4763.33,4662.33,9425.67,1,1.39995e-06,9.99575e-05
ZKSCAN5,4545.00,4884.33,9429.33,1,2.9395e-06,9.99103e-05
TEN1,4842.33,4589.00,9431.33,1,9.16763e-07,9.99679e-05
TERF2IP,4875.00,4558.00,9433.00,1,2.14806e-06,9.9905e-05
MRPS25,4924.67,4511.67,9436.33,1,4.54075e-07,9.9977e-05
TTI2,4891.00,4546.33,9437.33,1,6.57005e-07,9.9973e-05
PDLIM2,4778.67,4659.67,9438.33,1,3.12705e-07,0.000149239
NOL10,4567.67,4873.67,9441.33,1,6.83069e-07,0.000134962
TUBA1B,4886.67,4556.00,9442.67,1,1.58953e-07,0.000155312
GCC1,4792.00,4651.33,9443.33,1,2.94173e-07,0.000149576
CERS4,4506.33,4939.33,9445.67,1,3.27868e-06,9.98852e-05
PPFIA4,4904.00,4542.33,9446.33,1,5.86128e-07,9.99735e-05
ARMCX6,4853.00,4598.00,9451.00,1,2.07204e-07,0.000152874
SLC45A4,4993.00,4458.00,9451.00,1,5.90843e-08,9.9983e-05
UBAP1,4749.33,4702.00,9451.33,1,1.4615e-06,9.99517e-05
ITGAE,4766.33,4686.67,9453.00,1,3.02948e-06,9.98766e-05
ASH1L-AS1,4813.33,4642.00,9455.33,1,2.68795e-06,9.98872e-05
UBE2D1,4524.67,4931.33,9456.00,1,7.52106e-07,0.000130786
CCDC90B,4690.00,4766.33,9456.33,1,4.60341e-07,0.000142805
TRPM8,4593.00,4863.33,9456.33,1,2.59373e-06,9.99168e-05
GNAS,4652.33,4805.67,9458.00,1,5.31655e-07,0.000140228
ACAN,4958.00,4500.33,9458.33,1,2.30341e-07,9.99785e-05
MOAP1,4912.33,4546.33,9458.67,1,1.7563e-06,9.9908e-05
COL27A1,4978.67,4480.00,9458.67,1,3.72289e-08,0.000159401
FIRRE,4497.00,4962.33,9459.33,1,3.35389e-06,9.9865e-05
HSF2BP,4658.67,4804.33,9463.00,1,2.02844e-06,9.99321e-05
ACPP,4999.33,4465.00,9464.33,1,1.07344e-08,9.99821e-05
AKIP1,4855.67,4608.67,9464.33,1,8.45211e-07,9.99657e-05
DPCD,4718.67,4746.00,9464.67,1,1.6378e-06,9.99445e-05
CD99P1,4602.33,4865.67,9468.00,1,2.51323e-06,9.99157e-05
XPO4,4932.67,4536.67,9469.33,1,4.117e-07,9.99744e-05
SLC6A8,4726.67,4742.67,9469.33,1,3.99636e-07,0.000144126
OR7E37P,4660.33,4809.67,9470.00,1,2.01202e-06,9.99306e-05
SRSF4,4514.33,4957.00,9471.33,1,7.7102e-07,0.000127431
SEC16A,4992.33,4479.33,9471.67,1,3.05744e-07,9.99216e-05
TIMM21,4883.67,4589.00,9472.67,1,2.07966e-06,9.98979e-05
CLOCK,4993.00,4480.33,9473.33,1,1.04209e-08,0.000159389
SNORA21,4757.33,4717.67,9475.00,1,3.4324e-07,0.000145551
UBP1,4873.00,4602.00,9475.00,1,2.16486e-06,9.98949e-05
ETF1,4684.33,4793.67,9478.00,1,3.59582e-06,9.98463e-05
C18orf25,4619.67,4858.67,9478.33,1,5.94477e-07,0.00013634
CTD-2083E4.7,4626.33,4853.67,9480.00,1,2.29058e-06,9.99198e-05
CSF2RA,4906.00,4579.00,9485.00,1,5.68035e-07,9.99693e-05
LOC100289098,4678.67,4808.00,9486.67,1,1.90164e-06,9.9931e-05
TINAGL1,4755.67,4731.67,9487.33,1,3.45315e-07,0.000144808
RP3-334F4.1,4953.67,4535.67,9489.33,1,2.65766e-07,9.99746e-05
PPIG,4929.67,4561.33,9491.00,1,1.52169e-06,9.99046e-05
WIPI2,4529.67,4964.33,9494.00,1,7.45103e-07,0.000126339
RBM25,4931.00,4563.67,9494.67,1,1.5017e-06,9.99036e-05
PHF11,4827.33,4667.67,9495.00,1,2.59193e-06,9.98806e-05
CLCN3,4761.67,4733.33,9495.00,1,1.41008e-06,9.99464e-05
SECTM1,4968.67,4527.00,9495.67,1,4.55745e-08,0.000156919
TMEM126B,4926.33,4572.33,9498.67,1,1.01487e-07,0.000154364
C2CD3,4894.33,4605.67,9500.00,1,1.47646e-07,0.000152475
CRIP2,4973.67,4528.00,9501.67,1,4.07813e-08,0.000156877
MIR612,4577.67,4926.33,9504.00,1,6.63985e-07,0.000131039
BOD1L1,4874.33,4631.33,9505.67,1,2.15962e-06,9.9889e-05
GSTP1,4958.33,4547.67,9506.00,1,5.86548e-08,0.000155803
ZBTB26,4618.00,4888.67,9506.67,1,2.35597e-06,9.99074e-05
SPSB2,4967.00,4545.67,9512.67,1,9.16257e-07,9.9908e-05
COQ7,4838.67,4674.00,9512.67,1,9.36519e-07,9.99558e-05
LOC80154,4575.33,4938.33,9513.67,1,2.72603e-06,9.98856e-05
HNRNPL,4713.00,4804.67,9517.67,1,4.20268e-07,0.000140262
DBR1,4851.00,4667.33,9518.33,1,2.3793e-06,9.98806e-05
GTPBP8,4827.00,4691.33,9518.33,1,2.59413e-06,9.98747e-05
ZMYM4,4929.00,4591.67,9520.67,1,1.55718e-06,9.9897e-05
C18orf54,4626.00,4900.67,9526.67,1,5.79285e-07,0.0001329
SUDS3,4732.00,4795.00,9527.00,1,1.55498e-06,9.99342e-05
C6orf165,4881.00,4649.33,9530.33,1,7.23455e-07,9.99593e-05
MTL5,4935.00,4596.33,9531.33,1,8.93572e-08,0.000153026
HIP1,4630.67,4901.00,9531.67,1,5.70684e-07,0.000132872
HSPB11,4926.00,4610.33,9536.33,1,1.57643e-06,9.98933e-05
IQCE,4938.00,4598.67,9536.67,1,3.69e-07,9.99667e-05
RP11-285F7.2,4905.00,4633.33,9538.33,1,1.85424e-06,9.98887e-05
C1QC,4751.33,4789.67,9541.00,1,3.54144e-07,0.000141251
FAM173B,4923.00,4618.33,9541.33,1,1.61813e-06,9.98919e-05
ZFP1,4743.67,4799.67,9543.33,1,3.68403e-07,0.000140541
CIAPIN1,4952.33,4593.00,9545.33,1,2.74402e-07,9.99675e-05
PRPS2,4799.00,4747.00,9546.00,1,2.77707e-06,9.98607e-05
LDOC1,4931.00,4615.67,9546.67,2,6.0436e-07,0.000120692
FOXO6,4973.00,4576.33,9549.33,1,7.96158e-07,9.99006e-05
LHX8,4803.00,4747.00,9550.00,1,1.13155e-06,9.99443e-05
MRTO4,4807.67,4743.00,9550.67,1,1.11467e-06,9.9945e-05
TBC1D1,4754.67,4796.33,9551.00,1,3.47351e-07,0.000140797
COMMD10,4842.00,4714.00,9556.00,1,2.23027e-07,0.000145909
GLRX2,4873.67,4682.67,9556.33,1,2.16005e-06,9.98774e-05
LOC728613,4922.67,4635.67,9558.33,1,1.624e-06,9.98884e-05
VPS54,4831.00,4727.67,9558.67,2,7.94955e-07,9.98669e-05
LOC101928837,4846.00,4712.67,9558.67,1,8.97851e-07,9.99499e-05
TTLL4,4968.33,4592.67,9561.00,1,1.82927e-07,9.99676e-05
USP37,4971.00,4590.67,9561.67,1,8.49967e-07,9.98972e-05
LINC00263,4937.33,4624.67,9562.00,1,3.7112e-07,9.99634e-05
RANBP2,4765.33,4798.67,9564.00,1,3.03918e-06,9.98438e-05
LUC7L2,4913.67,4651.00,9564.67,1,1.73743e-06,9.98846e-05
RHEBL1,4922.00,4646.67,9568.67,1,4.69056e-07,9.99597e-05
CREBRF,4951.00,4624.00,9575.00,1,1.19864e-06,9.98907e-05
BROX,4954.00,4624.33,9578.33,1,6.40924e-08,0.000151465
CHCHD4,4774.67,4806.00,9580.67,1,1.33007e-06,9.99318e-05
NDUFC1,4718.33,4865.00,9583.33,1,4.1159e-07,0.000135685
PIGN,4879.33,4706.00,9585.33,1,7.31698e-07,9.99507e-05
COASY,4936.67,4651.00,9587.67,1,3.79441e-07,9.99592e-05
DKFZP434I0714,4907.67,4680.33,9588.00,1,1.82221e-06,9.98777e-05
PRRC2C,4839.00,4749.33,9588.33,2,8.25882e-07,0.000111433
STK16,4748.00,4840.33,9588.33,1,3.59797e-07,0.000137708
CDK2AP1,4833.00,4762.00,9595.00,1,2.55672e-06,9.9857e-05
BACH1,4936.00,4660.00,9596.00,1,8.90793e-08,0.000149219
TGFBRAP1,4833.33,4764.67,9598.00,1,9.54157e-07,9.99404e-05
DCAF4,4989.67,4609.00,9598.67,1,7.63946e-08,9.99657e-05
GRAMD4,4793.33,4809.00,9602.33,1,1.19668e-06,9.99309e-05
TCF25,4981.00,4622.00,9603.00,1,2.96658e-08,0.000151592
DMTN,4915.67,4690.00,9605.67,1,1.14631e-07,0.000147293
DROSHA,4945.67,4661.00,9606.67,1,1.28162e-06,9.9882e-05
LOC100130093,4978.67,4631.00,9609.67,1,6.5473e-07,9.98891e-05
SLAIN2,4822.67,4788.00,9610.67,1,1.00506e-06,9.99357e-05
DLX5,4698.00,4917.33,9615.33,1,1.76824e-06,9.98968e-05
VPS35,4751.00,4864.67,9615.67,1,3.54985e-07,0.000135724
C2CD2,4778.67,4838.33,9617.00,1,2.92461e-06,9.98223e-05
SMC1A,4883.00,4736.00,9619.00,1,1.63824e-07,0.000144492
PSMD5,4920.00,4699.33,9619.33,1,1.08554e-07,0.000146714
EXOSC10,4698.00,4921.67,9619.67,1,4.43138e-07,0.000131351
ENG,4965.33,4654.67,9620.00,1,4.85902e-08,0.000149423
SLC11A2,4985.33,4637.33,9622.67,1,5.00004e-07,9.98882e-05
CWF19L2,4643.67,4979.00,9622.67,1,5.47557e-07,0.000123505
TP53INP2,4668.67,4954.33,9623.00,1,5.02844e-07,0.00012786
EAF2,4786.33,4838.33,9624.67,1,3.04245e-07,0.000137738
AP1G2,4795.33,4833.00,9628.33,1,2.89141e-07,0.000138188
VEZT,4892.00,4736.33,9628.33,1,1.97812e-06,9.98631e-05
SLC35F3,4979.67,4654.33,9634.00,1,1.1828e-07,9.99589e-05
PTGIS,4964.00,4674.67,9638.67,1,4.97771e-08,0.000148172
ZNF641,4960.33,4680.00,9640.33,1,1.06164e-06,9.98777e-05
KNDC1,4754.67,4890.33,9645.00,1,1.43924e-06,9.99067e-05
OTUD3,4780.00,4867.67,9647.67,1,1.28345e-06,9.99148e-05
CAD,4893.33,4755.00,9648.33,1,1.48559e-07,0.000143442
C9orf40,4928.67,4720.00,9648.67,1,4.31419e-07,9.99488e-05
TOR4A,4867.67,4786.33,9654.00,1,1.8603e-07,0.000141501
MAGED1,4916.67,4738.33,9655.00,1,1.69201e-06,9.98624e-05
SNX7,4923.00,4736.67,9659.67,1,4.58492e-07,9.99459e-05
FAM220A,4998.33,4663.33,9661.67,1,4.44246e-08,9.98817e-05
RTEL1,4995.67,4667.33,9663.00,1,8.16566e-09,0.000148628
COX18,4836.00,4828.00,9664.00,1,2.313e-07,0.000138473
CYP4F62P,4950.67,4714.00,9664.67,1,2.89926e-07,9.99496e-05
UBFD1,4970.33,4698.67,9669.00,1,8.55731e-07,9.98731e-05
FTSJ2,4938.00,4738.00,9676.00,1,1.40948e-06,9.98626e-05
ADORA2A,4983.33,4694.33,9677.67,1,1.04116e-07,9.99526e-05
LIN7B,4790.67,4891.33,9682.00,1,1.20551e-06,9.99064e-05
KLF6,4981.67,4700.67,9682.33,1,2.9041e-08,0.000146665
RASD2,4933.00,4753.33,9686.33,1,9.1865e-08,0.000143502
SRP68,4982.67,4704.67,9687.33,1,5.40346e-07,9.98719e-05
C11orf95,4809.33,4886.33,9695.67,1,2.71368e-07,0.000133892
LOC727820,4968.00,4729.67,9697.67,1,8.91634e-07,9.98646e-05
ZNF91,4985.00,4713.00,9698.00,1,2.46505e-08,0.000145975
PABPC3,4913.00,4791.33,9704.33,1,1.1919e-07,0.000141219
KIAA2018,4910.33,4798.33,9708.67,1,1.24848e-07,0.000140653
GUK1,4936.33,4774.00,9710.33,1,8.89801e-08,0.000142277
LGALS1,4976.33,4735.33,9711.67,1,3.89365e-08,0.000144542
YES1,4763.00,4953.67,9716.67,1,3.3551e-07,0.000127905
YEATS2,4894.67,4822.67,9717.33,1,6.38947e-07,9.99277e-05
HNMT,4921.33,4801.00,9722.33,1,1.0623e-07,0.000140484
NNT-AS1,4799.33,4923.00,9722.33,1,2.83974e-07,0.00013129
ATP6AP2,4928.00,4798.67,9726.67,1,9.98049e-08,0.000140626
ZSCAN25,5000.00,4729.33,9729.33,1,2.17436e-09,9.9947e-05
HECTD3,4774.67,4956.67,9731.33,1,3.1682e-07,0.000127444
MCFD2,4757.00,4975.33,9732.33,1,3.43716e-07,0.000124228
SLC7A6,4966.00,4771.00,9737.00,1,1.94163e-07,9.99392e-05
INTS9,4946.33,4791.67,9738.00,1,3.23081e-07,9.99352e-05
RBM12,4952.00,4791.00,9743.00,1,1.18888e-06,9.98473e-05
C6orf52,4998.33,4754.67,9753.00,1,2.21067e-08,9.99425e-05
EGR1,4984.67,4771.00,9755.67,1,2.54844e-08,0.000142484
KANSL1-AS1,4996.67,4761.67,9758.33,1,6.9137e-09,0.000143157
PRKAR1B,4945.00,4816.00,9761.00,1,7.76966e-08,0.000139334
CCL7,4889.00,4873.67,9762.67,1,6.83213e-07,9.99127e-05
HHAT,4943.33,4823.67,9767.00,1,1.31512e-06,9.98302e-05
XYLT1,4841.00,4956.00,9797.00,1,2.2416e-07,0.000127518
AMZ2P1,4887.00,4915.00,9802.00,1,1.58503e-07,0.000131861
RAD52,4939.00,4863.67,9802.67,1,3.64562e-07,9.99168e-05
CD58,4975.67,4849.33,9825.00,1,3.93248e-08,0.000137095
S100A16,4922.33,4927.67,9850.00,1,1.05389e-07,0.000130963
RP11-111M22.3,4921.00,4931.00,9852.00,1,1.06426e-07,0.000130793
CITED2,4961.33,4945.33,9906.67,1,5.45503e-08,0.000129062